Passport,AD,AE,AF,AG,AL,AM,AO,AR,AT,AU,AZ,BA,BB,BD,BE,BF,BG,BH,BI,BJ,BN,BO,BR,BS,BT,BW,BY,BZ,CA,CD,CF,CG,CH,CI,CL,CM,CN,CO,CR,CU,CV,CY,CZ,DE,DJ,DK,DM,DO,DZ,EC,EE,EG,ER,ES,ET,FI,FJ,FM,FR,GA,GB,GD,GE,GH,GM,GN,GQ,GR,GT,GW,GY,HK,HN,HR,HT,HU,ID,IE,IL,IN,IQ,IR,IS,IT,JM,JO,JP,KE,KG,KH,KI,KM,KN,KP,KR,KW,KZ,LA,LB,LC,LI,LK,LR,LS,LT,LU,LV,LY,MA,MC,MD,ME,MG,MH,MK,ML,MM,MN,MO,MR,MT,MU,MV,MW,MX,MY,MZ,NA,NE,NG,NI,NL,NO,NP,NR,NZ,OM,PA,PE,PG,PH,PK,PL,PS,PT,PW,PY,QA,RO,RS,RU,RW,SA,SB,SC,SD,SE,SG,SI,SK,SL,SM,SN,SO,SR,SS,ST,SV,SY,SZ,TD,TG,TH,TJ,TL,TM,TN,TO,TR,TT,TV,TW,TZ,UA,UG,US,UY,UZ,VA,VC,VE,VN,VU,WS,XK,YE,ZA,ZM,ZW
AD,,30,e-visa,180,90,180,visa-required,90,90,eta,e-visa,90,90,visa-on-arrival,90,e-visa,90,visa-on-arrival,visa-on-arrival,e-visa,visa-required,90,90,240,e-visa,e-visa,30,visa-free,eta,e-visa,visa-required,visa-required,90,e-visa,90,e-visa,30,90,90,e-visa,30,90,90,90,e-visa,90,21,90,visa-required,90,90,visa-on-arrival,visa-required,90,e-visa,90,visa-required,30,90,e-visa,eta,visa-required,365,visa-required,90,e-visa,e-visa,90,90,visa-on-arrival,visa-required,90,90,90,90,90,visa-on-arrival,90,eta,e-visa,e-visa,visa-on-arrival,90,90,90,visa-on-arrival,90,eta,60,visa-on-arrival,visa-required,visa-on-arrival,e-visa,visa-required,eta,visa-on-arrival,90,visa-on-arrival,visa-on-arrival,42,90,visa-on-arrival,visa-required,e-visa,90,90,90,e-visa,90,90,90,90,visa-on-arrival,visa-on-arrival,90,visa-free,visa-required,e-visa,90,e-visa,90,visa-on-arrival,visa-on-arrival,visa-on-arrival,180,30,visa-on-arrival,visa-on-arrival,visa-required,e-visa,90,90,90,visa-on-arrival,visa-required,eta,e-visa,180,183,visa-on-arrival,30,e-visa,90,visa-free,90,visa-on-arrival,90,visa-on-arrival,90,90,90,visa-on-arrival,visa-on-arrival,visa-on-arrival,90,visa-required,90,90,90,90,e-visa,90,visa-on-arrival,e-visa,e-visa,e-visa,15,90,e-visa,30,visa-required,e-visa,60,30,visa-on-arrival,visa-required,90,visa-required,90,visa-required,visa-on-arrival,90,visa-on-arrival,90,visa-on-arrival,eta,90,30,90,30,90,e-visa,30,60,90,visa-required,90,90,visa-on-arrival
AE,90,,visa-required,30,90,180,30,90,90,visa-required,90,90,90,visa-on-arrival,90,30,90,freedom-of-movement,visa-on-arrival,90,30,90,90,90,e-visa,90,90,visa-required,eta,e-visa,visa-on-arrival,visa-on-arrival,90,e-visa,90,e-visa,30,90,90,90,visa-on-arrival,90,90,90,visa-on-arrival,90,21,90,visa-required,90,90,90,visa-required,90,visa-on-arrival,90,120,30,90,e-visa,eta,90,360,visa-on-arrival,90,visa-on-arrival,visa-on-arrival,90,90,visa-on-arrival,30,30,90,90,90,90,visa-on-arrival,90,eta,visa-on-arrival,e-visa,15,90,90,visa-on-arrival,90,90,eta,60,visa-on-arrival,30,visa-on-arrival,eta,visa-required,90,freedom-of-movement,30,visa-on-arrival,180,60,90,eta,e-visa,visa-required,90,90,90,e-visa,90,90,90,90,visa-on-arrival,visa-on-arrival,90,90,visa-required,30,30,e-visa,90,90,visa-on-arrival,visa-on-arrival,180,90,eta,visa-on-arrival,visa-on-arrival,e-visa,e-visa,90,90,visa-on-arrival,90,eta,freedom-of-movement,90,90,visa-on-arrival,30,90,90,visa-free,90,visa-on-arrival,90,freedom-of-movement,90,90,90,visa-on-arrival,freedom-of-movement,90,90,visa-free,90,30,90,90,visa-on-arrival,90,90,e-visa,90,e-visa,15,90,visa-on-arrival,30,90,e-visa,60,30,visa-on-arrival,visa-required,90,60,90,90,visa-on-arrival,e-visa,visa-on-arrival,90,90,visa-required,90,30,90,90,e-visa,e-visa,90,visa-on-arrival,90,visa-on-arrival,90,30,visa-on-arrival
AF,visa-required,visa-required,,e-visa,e-visa,visa-required,e-visa,visa-required,visa-required,visa-required,visa-required,visa-required,visa-required,visa-required,visa-required,e-visa,visa-required,visa-on-arrival,visa-on-arrival,e-visa,visa-required,e-visa,visa-required,e-visa,e-visa,e-visa,visa-required,visa-required,visa-required,e-visa,visa-required,visa-required,visa-required,e-visa,visa-required,e-visa,visa-required,e-visa,visa-required,e-visa,visa-required,visa-required,visa-required,visa-required,e-visa,visa-required,21,visa-required,visa-required,visa-required,visa-required,90,visa-required,visa-required,visa-required,visa-required,visa-required,30,visa-required,e-visa,visa-required,visa-required,visa-required,visa-required,visa-required,e-visa,e-visa,visa-required,visa-required,visa-on-arrival,e-visa,e-visa,visa-required,visa-required,90,visa-required,visa-required,visa-required,visa-required,e-visa,e-visa,visa-required,visa-required,visa-required,visa-required,visa-required,visa-required,eta,e-visa,visa-on-arrival,visa-required,visa-on-arrival,e-visa,visa-required,visa-required,visa-required,visa-required,visa-required,visa-required,visa-required,visa-required,eta,e-visa,visa-required,visa-required,visa-required,visa-required,visa-required,visa-required,visa-required,visa-required,visa-required,visa-on-arrival,visa-required,visa-required,visa-required,visa-required,visa-required,visa-on-arrival,e-visa,visa-required,visa-required,visa-on-arrival,e-visa,visa-required,e-visa,visa-on-arrival,e-visa,visa-required,e-visa,visa-required,visa-required,visa-required,visa-required,visa-required,visa-required,visa-required,visa-required,visa-required,e-visa,visa-required,e-visa,visa-required,visa-required,visa-required,visa-on-arrival,visa-required,e-visa,visa-required,e-visa,visa-required,visa-on-arrival,visa-required,visa-required,90,visa-required,visa-required,visa-required,visa-required,visa-required,e-visa,visa-required,visa-required,e-visa,e-visa,e-visa,visa-required,visa-required,e-visa,visa-required,e-visa,e-visa,e-visa,visa-required,visa-on-arrival,visa-required,visa-required,visa-required,visa-required,e-visa,visa-on-arrival,visa-required,e-visa,visa-required,e-visa,visa-required,visa-required,visa-required,visa-required,visa-required,e-visa,e-visa,e-visa,visa-on-arrival,visa-required,visa-required,visa-required,e-visa,e-visa
AG,90,e-visa,visa-required,,90,visa-on-arrival,30,visa-required,90,visa-required,visa-required,90,180,visa-on-arrival,90,e-visa,90,e-visa,visa-on-arrival,e-visa,visa-required,visa-on-arrival,90,240,e-visa,90,30,180,visa-required,e-visa,visa-required,visa-required,90,e-visa,90,e-visa,30,90,90,30,visa-free,90,90,90,visa-on-arrival,90,visa-free,30,visa-required,90,90,visa-on-arrival,visa-required,90,e-visa,90,120,30,90,e-visa,eta,visa-free,365,visa-required,90,e-visa,e-visa,90,90,visa-on-arrival,180,90,90,90,90,90,visa-required,90,visa-required,e-visa,e-visa,visa-on-arrival,90,90,180,visa-on-arrival,visa-required,eta,e-visa,visa-on-arrival,30,visa-on-arrival,visa-free,visa-required,90,visa-required,e-visa,visa-on-arrival,visa-on-arrival,visa-free,90,eta,e-visa,30,90,90,90,e-visa,visa-required,90,90,90,visa-on-arrival,visa-required,90,visa-required,visa-required,e-visa,visa-on-arrival,e-visa,90,90,visa-on-arrival,90,visa-required,30,visa-on-arrival,e-visa,visa-required,e-visa,90,90,90,visa-on-arrival,visa-required,visa-required,visa-required,90,180,eta,30,e-visa,90,visa-free,90,visa-on-arrival,visa-required,90,90,90,90,visa-on-arrival,visa-required,visa-on-arrival,visa-on-arrival,visa-required,90,30,90,90,visa-on-arrival,90,visa-on-arrival,e-visa,180,e-visa,e-visa,90,e-visa,30,e-visa,e-visa,e-visa,e-visa,visa-on-arrival,visa-required,90,visa-required,e-visa,180,visa-on-arrival,visa-required,90,90,90,visa-required,visa-required,30,90,visa-free,90,e-visa,30,visa-on-arrival,90,visa-required,30,90,90
AL,90,180,e-visa,180,,180,e-visa,visa-required,90,visa-required,90,90,28,visa-on-arrival,90,e-visa,90,visa-on-arrival,visa-on-arrival,e-visa,visa-required,e-visa,90,e-visa,e-visa,e-visa,10,visa-required,visa-required,e-visa,visa-required,visa-required,90,e-visa,90,e-visa,90,90,visa-required,e-visa,visa-on-arrival,90,90,90,e-visa,90,21,90,visa-required,visa-required,90,visa-on-arrival,visa-required,90,e-visa,90,e-visa,30,90,e-visa,visa-required,visa-required,365,visa-required,90,e-visa,e-visa,90,visa-required,visa-on-arrival,90,14,visa-required,90,90,90,visa-on-arrival,e-visa,eta,e-visa,e-visa,visa-free,90,90,visa-on-arrival,visa-on-arrival,visa-required,eta,30,visa-on-arrival,visa-required,visa-on-arrival,eta,visa-required,eta,visa-required,90,visa-on-arrival,visa-required,visa-required,90,eta,e-visa,visa-required,90,90,90,e-visa,90,90,90,90,visa-on-arrival,visa-required,90,visa-required,e-visa,e-visa,90,e-visa,90,visa-on-arrival,visa-on-arrival,visa-on-arrival,visa-required,90,visa-on-arrival,e-visa,visa-required,e-visa,90,90,90,visa-on-arrival,visa-required,visa-required,14,visa-required,visa-required,e-visa,visa-required,e-visa,90,visa-free,90,visa-on-arrival,visa-required,e-visa,90,90,visa-required,30,visa-on-arrival,visa-required,90,visa-required,90,30,90,90,e-visa,90,visa-required,e-visa,90,e-visa,e-visa,90,e-visa,e-visa,e-visa,e-visa,60,14,visa-on-arrival,visa-required,visa-required,visa-required,90,90,visa-on-arrival,90,visa-on-arrival,90,e-visa,visa-required,visa-required,e-visa,90,90,e-visa,e-visa,e-visa,60,90,visa-required,e-visa,30,visa-on-arrival
AM,visa-required,90,e-visa,30,90,,e-visa,90,visa-required,visa-required,refused,visa-required,28,visa-on-arrival,visa-required,e-visa,visa-required,visa-on-arrival,visa-on-arrival,e-visa,visa-required,e-visa,90,90,e-visa,e-visa,90,visa-required,visa-required,e-visa,visa-required,visa-required,visa-required,e-visa,visa-required,e-visa,90,e-visa,visa-required,e-visa,visa-on-arrival,visa-required,visa-required,visa-required,e-visa,visa-required,21,visa-required,visa-required,90,visa-required,visa-on-arrival,visa-required,visa-required,e-visa,visa-required,visa-required,30,visa-required,e-visa,visa-required,visa-required,365,visa-required,visa-required,e-visa,e-visa,visa-required,visa-required,visa-on-arrival,e-visa,30,visa-required,visa-required,90,visa-required,visa-on-arrival,visa-required,visa-required,e-visa,e-visa,90,visa-required,visa-required,visa-on-arrival,visa-on-arrival,visa-required,eta,90,visa-on-arrival,visa-required,visa-on-arrival,e-visa,visa-required,visa-required,visa-required,90,visa-on-arrival,visa-on-arrival,visa-required,visa-required,eta,e-visa,visa-required,visa-required,visa-required,visa-required,e-visa,visa-required,visa-required,90,visa-required,visa-on-arrival,visa-required,visa-required,visa-required,visa-required,e-visa,90,e-visa,visa-required,visa-on-arrival,visa-on-arrival,visa-on-arrival,visa-required,30,visa-on-arrival,visa-on-arrival,visa-required,e-visa,visa-required,visa-required,visa-required,visa-on-arrival,visa-required,visa-required,14,90,visa-required,e-visa,visa-required,visa-required,visa-required,visa-free,visa-required,visa-on-arrival,visa-required,90,visa-required,90,90,30,visa-required,visa-required,90,visa-required,visa-required,visa-required,visa-required,visa-required,e-visa,visa-required,visa-on-arrival,e-visa,90,e-visa,e-visa,visa-required,e-visa,visa-required,e-visa,e-visa,visa-on-arrival,90,visa-on-arrival,visa-required,visa-free,visa-required,e-visa,visa-required,visa-on-arrival,visa-required,visa-on-arrival,90,e-visa,visa-required,90,90,visa-required,90,e-visa,e-visa,e-visa,60,90,visa-required,visa-required,e-visa,visa-on-arrival
AO,visa-required,e-visa,e-visa,e-visa,e-visa,visa-required,,visa-required,visa-required,visa-required,visa-required,visa-required,90,visa-on-arrival,visa-required,e-visa,visa-required,e-visa,visa-on-arrival,90,visa-required,visa-on-arrival,visa-required,e-visa,e-visa,90,visa-required,visa-required,visa-required,e-visa,visa-required,visa-required,visa-required,eta,visa-required,e-visa,visa-required,e-visa,visa-required,e-visa,visa-free,visa-required,visa-required,visa-required,e-visa,visa-required,21,visa-required,visa-required,visa-required,visa-required,visa-required,visa-required,visa-required,visa-on-arrival,visa-required,visa-required,30,visa-required,e-visa,visa-required,visa-required,e-visa,visa-on-arrival,90,e-visa,e-visa,visa-required,visa-required,visa-on-arrival,visa-on-arrival,e-visa,visa-required,visa-required,90,visa-required,visa-required,visa-required,visa-required,e-visa,e-visa,visa-on-arrival,visa-required,visa-required,visa-required,e-visa,visa-required,60,e-visa,visa-on-arrival,visa-required,visa-on-arrival,e-visa,visa-required,visa-required,visa-required,e-visa,visa-on-arrival,visa-required,visa-required,visa-required,eta,e-visa,e-visa,visa-required,visa-required,visa-required,e-visa,visa-required,visa-required,e-visa,visa-required,visa-on-arrival,visa-required,visa-required,visa-required,visa-required,e-visa,visa-on-arrival,e-visa,visa-required,90,visa-on-arrival,e-visa,visa-required,e-visa,30,90,visa-required,visa-on-arrival,30,visa-required,visa-required,visa-on-arrival,visa-required,visa-required,e-visa,visa-required,visa-required,e-visa,30,eta,visa-required,visa-free,visa-required,visa-on-arrival,visa-required,e-visa,visa-required,visa-required,visa-required,90,visa-required,visa-required,90,visa-required,visa-required,30,visa-required,visa-required,e-visa,visa-required,visa-on-arrival,e-visa,90,e-visa,visa-free,e-visa,e-visa,visa-required,e-visa,e-visa,e-visa,e-visa,visa-on-arrival,visa-required,90,visa-required,visa-required,visa-required,visa-on-arrival,visa-required,90,visa-required,90,visa-required,visa-required,e-visa,visa-required,90,visa-required,e-visa,visa-required,visa-on-arrival,visa-required,visa-required,30,30,90
AR,90,90,e-visa,30,90,180,30,,90,visa-required,e-visa,90,90,visa-on-arrival,90,e-visa,90,visa-on-arrival,visa-on-arrival,e-visa,visa-required,freedom-of-movement,freedom-of-movement,90,e-visa,90,90,90,visa-required,e-visa,visa-required,visa-required,90,e-visa,freedom-of-movement,e-visa,30,90,90,e-visa,visa-on-arrival,90,90,90,e-visa,90,180,30,visa-required,freedom-of-movement,90,visa-on-arrival,visa-required,90,visa-on-arrival,90,120,30,90,e-visa,eta,30,365,visa-required,visa-required,e-visa,e-visa,90,90,visa-on-arrival,90,90,90,90,90,90,visa-on-arrival,90,eta,e-visa,e-visa,visa-free,90,90,30,visa-on-arrival,90,eta,30,visa-on-arrival,90,visa-on-arrival,eta,visa-required,eta,visa-required,30,visa-on-arrival,visa-on-arrival,42,90,eta,e-visa,visa-required,90,90,90,e-visa,90,90,90,90,visa-on-arrival,visa-on-arrival,90,visa-required,e-visa,90,90,e-visa,90,180,visa-on-arrival,visa-on-arrival,180,90,visa-on-arrival,visa-on-arrival,visa-required,e-visa,90,90,90,visa-on-arrival,visa-required,90,14,90,freedom-of-movement,e-visa,30,e-visa,90,visa-free,90,visa-on-arrival,freedom-of-movement,90,90,90,90,visa-on-arrival,visa-required,visa-on-arrival,90,visa-required,90,30,90,90,e-visa,90,visa-on-arrival,e-visa,90,e-visa,e-visa,90,e-visa,30,e-visa,e-visa,90,30,visa-on-arrival,visa-required,90,visa-required,90,90,visa-on-arrival,visa-required,visa-on-arrival,90,e-visa,visa-required,freedom-of-movement,30,90,90,90,30,30,visa-on-arrival,90,visa-required,90,30,visa-on-arrival
AT,visa-free,90,e-visa,180,90,180,30,90,,eta,e-visa,90,90,visa-on-arrival,visa-free,e-visa,visa-free,visa-on-arrival,visa-on-arrival,e-visa,90,90,90,90,e-visa,90,10,visa-free,eta,e-visa,visa-required,visa-required,visa-free,e-visa,90,e-visa,30,90,90,e-visa,30,visa-free,visa-free,visa-free,visa-on-arrival,visa-free,90,90,visa-required,90,visa-free,visa-on-arrival,visa-required,visa-free,visa-on-arrival,visa-free,120,90,visa-free,e-visa,eta,90,365,visa-required,90,e-visa,e-visa,visa-free,90,visa-on-arrival,90,90,90,visa-free,90,visa-free,visa-on-arrival,visa-free,eta,e-visa,e-visa,visa-free,visa-free,visa-free,30,visa-on-arrival,90,eta,60,visa-on-arrival,90,visa-on-arrival,eta,visa-required,90,visa-on-arrival,30,visa-on-arrival,visa-on-arrival,90,visa-free,eta,e-visa,14,visa-free,visa-free,visa-free,e-visa,90,visa-free,90,90,visa-on-arrival,90,90,visa-required,e-visa,30,90,e-visa,visa-free,180,visa-on-arrival,visa-on-arrival,180,90,visa-on-arrival,visa-on-arrival,visa-required,e-visa,90,90,visa-free,visa-on-arrival,visa-required,visa-on-arrival,14,90,90,e-visa,30,e-visa,visa-free,visa-free,visa-free,90,90,90,visa-free,90,e-visa,visa-on-arrival,visa-on-arrival,90,eta,visa-required,visa-free,90,visa-free,visa-free,visa-on-arrival,visa-free,90,e-visa,90,e-visa,15,90,visa-on-arrival,30,e-visa,e-visa,60,30,90,visa-required,90,90,90,90,90,90,visa-on-arrival,90,e-visa,90,90,30,visa-free,90,90,30,90,90,90,e-visa,90,90,visa-on-arrival
AU,90,90,e-visa,30,90,180,30,90,90,,e-visa,90,180,visa-on-arrival,90,e-visa,90,visa-on-arrival,visa-on-arrival,e-visa,visa-on-arrival,90,e-visa,90,e-visa,90,10,visa-free,eta,e-visa,visa-required,visa-required,90,e-visa,90,e-visa,30,90,90,e-visa,visa-on-arrival,90,90,90,e-visa,90,180,90,visa-required,90,90,visa-on-arrival,visa-required,90,visa-on-arrival,90,120,30,90,e-visa,eta,90,365,e-visa,90,e-visa,e-visa,90,90,visa-on-arrival,90,90,90,90,90,90,visa-on-arrival,90,eta,e-visa,e-visa,visa-free,90,90,30,visa-on-arrival,90,eta,60,visa-on-arrival,90,visa-on-arrival,eta,visa-required,90,visa-on-arrival,30,visa-on-arrival,visa-on-arrival,42,90,eta,e-visa,14,90,90,90,e-visa,90,90,90,90,visa-on-arrival,visa-on-arrival,90,visa-required,e-visa,30,30,e-visa,90,90,visa-on-arrival,visa-on-arrival,180,90,visa-on-arrival,visa-on-arrival,visa-required,e-visa,90,90,90,visa-on-arrival,visa-required,visa-free,14,90,90,e-visa,30,e-visa,90,visa-free,90,visa-on-arrival,90,30,90,90,visa-required,30,visa-on-arrival,visa-on-arrival,90,visa-required,90,90,90,90,visa-on-arrival,90,visa-on-arrival,e-visa,90,e-visa,e-visa,90,e-visa,30,e-visa,e-visa,60,30,visa-on-arrival,visa-required,90,visa-on-arrival,90,e-visa,visa-on-arrival,90,visa-on-arrival,90,e-visa,eta,90,30,90,90,90,30,120,visa-on-arrival,90,visa-required,90,30,visa-on-arrival
AZ,visa-required,90,e-visa,180,90,180,e-visa,visa-required,visa-required,visa-required,,90,28,visa-on-arrival,visa-required,e-visa,visa-required,visa-on-arrival,visa-on-arrival,e-visa,visa-required,e-visa,visa-required,90,e-visa,e-visa,visa-free,visa-required,visa-required,e-visa,visa-required,visa-required,visa-required,e-visa,visa-required,e-visa,30,90,visa-required,e-visa,visa-required,visa-required,visa-required,visa-required,e-visa,visa-required,21,visa-required,visa-required,90,visa-required,visa-on-arrival,visa-required,visa-required,e-visa,visa-required,e-visa,30,visa-required,e-visa,visa-required,visa-required,365,visa-required,visa-required,e-visa,e-visa,visa-required,visa-required,visa-on-arrival,e-visa,e-visa,visa-required,visa-required,90,visa-required,visa-on-arrival,visa-required,visa-required,e-visa,e-visa,14,visa-required,visa-required,visa-on-arrival,visa-on-arrival,visa-required,eta,30,visa-on-arrival,visa-required,visa-on-arrival,e-visa,visa-required,visa-required,visa-required,30,visa-on-arrival,visa-on-arrival,visa-required,visa-required,eta,e-visa,visa-required,visa-required,visa-required,visa-required,e-visa,90,visa-required,90,90,visa-on-arrival,visa-on-arrival,visa-required,visa-required,visa-required,visa-required,visa-on-arrival,e-visa,visa-required,visa-on-arrival,90,visa-on-arrival,visa-required,30,visa-on-arrival,visa-on-arrival,visa-required,e-visa,visa-required,visa-required,visa-required,visa-on-arrival,visa-required,visa-required,visa-required,visa-required,visa-required,e-visa,visa-required,e-visa,visa-required,visa-free,visa-required,visa-on-arrival,visa-required,30,visa-required,90,90,visa-on-arrival,visa-on-arrival,visa-required,90,visa-required,visa-required,visa-required,visa-required,visa-required,e-visa,visa-required,visa-required,e-visa,90,e-visa,e-visa,visa-required,visa-on-arrival,visa-required,e-visa,e-visa,e-visa,90,visa-on-arrival,visa-required,visa-free,visa-required,90,e-visa,visa-on-arrival,visa-required,visa-on-arrival,90,e-visa,visa-required,visa-required,visa-free,visa-required,90,e-visa,e-visa,120,visa-on-arrival,90,visa-required,visa-required,e-visa,visa-on-arrival
BA,90,90,e-visa,e-visa,90,visa-on-arrival,visa-required,90,90,visa-required,e-visa,,visa-required,visa-on-arrival,90,e-visa,90,visa-on-arrival,visa-on-arrival,e-visa,visa-required,visa-on-arrival,90,e-visa,e-visa,e-visa,30,visa-required,visa-required,e-visa,visa-required,e-visa,90,e-visa,90,e-visa,90,90,visa-required,90,visa-on-arrival,90,90,90,e-visa,90,21,90,visa-required,90,90,e-visa,visa-required,90,visa-on-arrival,90,e-visa,30,90,e-visa,visa-required,visa-required,365,visa-required,visa-required,e-visa,e-visa,90,visa-required,visa-on-arrival,visa-required,14,visa-required,90,90,90,visa-on-arrival,visa-required,visa-required,e-visa,e-visa,15,90,90,visa-on-arrival,visa-on-arrival,visa-required,eta,60,visa-on-arrival,visa-required,visa-on-arrival,e-visa,visa-required,eta,visa-required,e-visa,visa-on-arrival,visa-required,42,90,visa-on-arrival,e-visa,e-visa,90,90,90,e-visa,visa-required,90,90,90,visa-on-arrival,visa-on-arrival,90,visa-required,e-visa,e-visa,90,e-visa,90,visa-on-arrival,visa-on-arrival,visa-on-arrival,visa-required,90,visa-on-arrival,visa-required,visa-required,e-visa,visa-required,90,90,visa-on-arrival,visa-required,visa-required,visa-required,90,visa-required,e-visa,visa-required,e-visa,90,visa-free,90,visa-on-arrival,visa-required,visa-on-arrival,90,90,30,visa-on-arrival,visa-required,visa-required,90,visa-required,90,30,90,90,e-visa,90,visa-required,e-visa,90,e-visa,e-visa,visa-required,e-visa,30,e-visa,e-visa,e-visa,30,visa-on-arrival,e-visa,90,visa-required,90,90,visa-on-arrival,e-visa,visa-on-arrival,30,e-visa,visa-required,visa-required,30,90,90,e-visa,e-visa,e-visa,60,visa-free,visa-required,visa-required,visa-on-arrival,visa-on-arrival
BB,90,90,visa-required,180,90,visa-on-arrival,30,90,90,visa-required,e-visa,90,,90,90,e-visa,90,visa-on-arrival,visa-on-arrival,e-visa,visa-required,visa-on-arrival,90,90,e-visa,90,30,visa-free,eta,e-visa,visa-required,visa-required,90,visa-required,90,e-visa,30,90,90,28,visa-on-arrival,90,90,90,e-visa,90,180,30,visa-required,90,90,visa-on-arrival,visa-required,90,e-visa,90,120,30,90,e-visa,eta,90,365,60,90,e-visa,visa-free,90,90,visa-on-arrival,180,90,90,90,90,90,visa-required,90,eta,e-visa,e-visa,visa-on-arrival,90,90,180,visa-on-arrival,90,90,e-visa,visa-on-arrival,90,visa-on-arrival,180,visa-required,eta,visa-required,e-visa,visa-on-arrival,visa-on-arrival,180,90,eta,visa-required,90,90,90,90,e-visa,visa-required,90,90,90,visa-on-arrival,visa-on-arrival,90,visa-required,visa-required,e-visa,visa-on-arrival,e-visa,90,180,visa-on-arrival,90,180,90,visa-on-arrival,visa-required,visa-required,e-visa,90,90,90,visa-on-arrival,visa-required,visa-required,visa-required,90,90,eta,30,eta,90,visa-free,90,visa-on-arrival,visa-required,e-visa,90,30,e-visa,30,e-visa,visa-on-arrival,90,visa-required,90,30,90,90,visa-on-arrival,90,visa-on-arrival,e-visa,90,e-visa,e-visa,180,e-visa,30,e-visa,e-visa,e-visa,e-visa,visa-on-arrival,visa-required,90,visa-on-arrival,e-visa,180,visa-on-arrival,visa-required,90,e-visa,90,visa-required,90,30,90,180,90,e-visa,120,visa-on-arrival,90,visa-required,30,90,90
BD,visa-required,visa-required,e-visa,e-visa,e-visa,visa-required,e-visa,visa-required,visa-required,visa-required,visa-required,visa-required,180,,visa-required,e-visa,visa-required,visa-on-arrival,visa-on-arrival,e-visa,visa-required,e-visa,visa-required,90,visa-on-arrival,e-visa,visa-required,visa-required,visa-required,e-visa,visa-required,visa-required,visa-required,e-visa,visa-required,e-visa,visa-required,e-visa,visa-required,visa-required,visa-required,visa-required,visa-required,visa-required,e-visa,visa-required,180,visa-required,visa-required,visa-required,visa-required,visa-required,visa-required,visa-required,e-visa,visa-required,120,30,visa-required,e-visa,e-visa,90,visa-required,visa-required,90,e-visa,e-visa,visa-required,visa-required,visa-on-arrival,visa-required,e-visa,visa-required,visa-required,90,visa-required,e-visa,visa-required,visa-required,visa-required,visa-required,e-visa,visa-required,visa-required,180,visa-required,visa-required,eta,e-visa,visa-on-arrival,90,visa-on-arrival,eta,visa-required,visa-required,visa-required,e-visa,visa-required,visa-required,visa-required,visa-required,eta,visa-required,90,visa-required,visa-required,visa-required,refused,visa-required,visa-required,e-visa,visa-required,visa-on-arrival,visa-required,visa-required,visa-required,e-visa,visa-required,visa-required,e-visa,visa-required,visa-required,visa-on-arrival,e-visa,visa-required,e-visa,e-visa,visa-required,visa-required,e-visa,visa-required,visa-required,visa-required,visa-on-arrival,visa-required,visa-required,visa-required,visa-required,visa-required,e-visa,e-visa,e-visa,visa-required,visa-required,visa-required,visa-required,visa-required,e-visa,visa-required,visa-required,visa-required,30,visa-required,visa-required,90,refused,visa-required,e-visa,visa-required,visa-required,visa-on-arrival,visa-required,visa-required,e-visa,e-visa,e-visa,e-visa,visa-required,e-visa,visa-required,visa-required,e-visa,e-visa,e-visa,visa-on-arrival,visa-required,e-visa,visa-required,visa-required,visa-free,visa-on-arrival,visa-required,e-visa,visa-required,e-visa,visa-required,visa-required,visa-required,visa-required,90,e-visa,e-visa,30,60,visa-required,visa-required,visa-required,e-visa,e-visa
BE,visa-free,90,e-visa,180,90,180,30,90,visa-free,eta,e-visa,90,90,visa-on-arrival,,visa-on-arrival,visa-free,visa-on-arrival,visa-on-arrival,e-visa,90,90,90,240,e-visa,90,30,visa-free,eta,e-visa,visa-required,visa-required,visa-free,e-visa,90,e-visa,15,90,90,e-visa,30,visa-free,visa-free,visa-free,e-visa,visa-free,90,90,visa-required,90,visa-free,visa-on-arrival,visa-required,visa-free,visa-on-arrival,visa-free,120,90,visa-free,e-visa,eta,90,365,visa-required,90,e-visa,e-visa,visa-free,90,visa-on-arrival,90,90,90,visa-free,90,visa-free,visa-on-arrival,visa-free,eta,e-visa,e-visa,e-visa,visa-free,visa-free,90,visa-on-arrival,90,eta,60,visa-on-arrival,90,visa-on-arrival,eta,visa-required,90,visa-on-arrival,30,15,visa-on-arrival,90,visa-free,visa-on-arrival,visa-required,14,visa-free,visa-free,visa-free,e-visa,90,visa-free,90,90,visa-on-arrival,90,90,visa-required,e-visa,30,90,e-visa,visa-free,180,visa-on-arrival,visa-on-arrival,180,90,30,visa-on-arrival,visa-required,e-visa,90,visa-free,visa-free,visa-on-arrival,visa-required,eta,14,90,90,eta,30,e-visa,visa-free,visa-free,visa-free,90,90,90,visa-free,90,e-visa,30,visa-on-arrival,90,90,visa-required,visa-free,90,visa-free,visa-free,visa-on-arrival,visa-free,90,e-visa,90,e-visa,15,90,e-visa,30,e-visa,e-visa,60,30,90,visa-required,90,90,90,90,90,90,visa-on-arrival,90,e-visa,90,90,30,visa-free,90,90,45,90,90,90,visa-required,90,90,visa-on-arrival
BF,visa-required,e-visa,visa-required,e-visa,e-visa,visa-required,visa-required,visa-required,visa-required,visa-required,visa-required,visa-required,90,90,visa-required,,visa-required,e-visa,e-visa,90,visa-required,visa-on-arrival,visa-required,e-visa,e-visa,e-visa,visa-required,visa-required,visa-required,e-visa,90,visa-on-arrival,visa-required,90,visa-required,e-visa,visa-required,e-visa,visa-required,e-visa,visa-free,visa-required,visa-required,visa-required,e-visa,visa-required,21,visa-required,visa-required,90,visa-required,visa-required,visa-required,visa-required,visa-on-arrival,visa-required,visa-required,30,visa-required,e-visa,visa-required,visa-required,e-visa,90,90,visa-free,e-visa,visa-required,visa-required,visa-free,visa-required,14,visa-required,visa-required,90,visa-required,visa-required,visa-required,visa-required,visa-required,e-visa,visa-on-arrival,visa-required,visa-required,visa-required,visa-required,visa-required,eta,e-visa,visa-on-arrival,visa-required,visa-on-arrival,e-visa,visa-required,visa-required,visa-required,e-visa,visa-on-arrival,visa-required,visa-on-arrival,visa-required,eta,visa-free,e-visa,visa-required,visa-required,visa-required,e-visa,90,visa-required,e-visa,visa-required,visa-on-arrival,visa-required,visa-required,visa-free,visa-required,visa-required,visa-on-arrival,e-visa,visa-required,visa-on-arrival,visa-on-arrival,e-visa,visa-required,e-visa,visa-on-arrival,visa-on-arrival,visa-free,visa-free,visa-on-arrival,visa-required,visa-required,visa-on-arrival,visa-required,visa-required,e-visa,visa-required,visa-required,e-visa,30,e-visa,visa-required,visa-free,visa-required,visa-on-arrival,visa-required,e-visa,visa-required,visa-required,visa-required,30,visa-required,visa-required,90,visa-required,visa-required,30,visa-required,visa-required,visa-free,visa-required,90,e-visa,e-visa,e-visa,e-visa,e-visa,e-visa,visa-required,90,visa-free,e-visa,e-visa,visa-on-arrival,visa-required,90,visa-required,visa-required,visa-required,visa-on-arrival,visa-required,visa-on-arrival,visa-required,visa-on-arrival,visa-required,visa-required,visa-required,visa-required,30,visa-required,e-visa,visa-required,visa-on-arrival,visa-required,visa-required,visa-required,e-visa,e-visa
BG,visa-free,90,e-visa,90,90,180,30,90,freedom-of-movement,90,e-visa,90,90,visa-on-arrival,freedom-of-movement,e-visa,,visa-on-arrival,visa-on-arrival,e-visa,90,90,90,90,e-visa,90,10,visa-free,eta,e-visa,visa-required,visa-required,freedom-of-movement,e-visa,90,e-visa,30,180,90,e-visa,30,freedom-of-movement,freedom-of-movement,freedom-of-movement,visa-on-arrival,freedom-of-movement,90,90,visa-required,90,freedom-of-movement,visa-on-arrival,visa-required,freedom-of-movement,visa-on-arrival,freedom-of-movement,120,90,freedom-of-movement,e-visa,eta,90,365,visa-required,90,e-visa,e-visa,freedom-of-movement,90,visa-on-arrival,e-visa,90,90,freedom-of-movement,90,freedom-of-movement,visa-on-arrival,freedom-of-movement,eta,e-visa,e-visa,visa-free,freedom-of-movement,freedom-of-movement,visa-on-arrival,visa-on-arrival,90,eta,60,visa-on-arrival,90,visa-on-arrival,eta,visa-required,90,visa-on-arrival,30,visa-on-arrival,visa-on-arrival,90,freedom-of-movement,eta,e-visa,14,freedom-of-movement,freedom-of-movement,freedom-of-movement,e-visa,90,visa-free,90,90,visa-on-arrival,90,90,visa-required,e-visa,30,90,e-visa,freedom-of-movement,90,visa-on-arrival,visa-on-arrival,180,90,visa-on-arrival,visa-on-arrival,visa-required,e-visa,90,90,freedom-of-movement,visa-on-arrival,visa-required,90,14,180,90,e-visa,30,e-visa,freedom-of-movement,visa-free,freedom-of-movement,90,90,90,freedom-of-movement,90,e-visa,30,visa-on-arrival,90,eta,visa-required,freedom-of-movement,90,freedom-of-movement,freedom-of-movement,visa-on-arrival,visa-free,90,e-visa,90,e-visa,15,180,visa-on-arrival,30,e-visa,e-visa,60,30,90,visa-required,60,90,90,90,90,90,visa-on-arrival,90,e-visa,visa-required,90,30,visa-free,90,90,30,90,90,90,visa-required,90,90,visa-on-arrival
BH,visa-required,visa-free,e-visa,e-visa,e-visa,120,e-visa,visa-required,visa-required,visa-required,30,visa-required,90,visa-on-arrival,visa-required,e-visa,visa-required,,visa-on-arrival,e-visa,visa-on-arrival,visa-on-arrival,visa-required,90,e-visa,90,10,visa-required,visa-required,e-visa,visa-required,visa-required,visa-required,e-visa,visa-required,e-visa,14,e-visa,visa-required,e-visa,visa-on-arrival,visa-required,visa-required,visa-required,e-visa,visa-required,21,30,visa-required,90,visa-required,180,visa-required,visa-required,e-visa,visa-required,visa-required,30,visa-required,e-visa,eta,visa-required,365,visa-required,visa-required,e-visa,e-visa,visa-required,90,visa-on-arrival,visa-required,30,90,visa-required,90,visa-required,visa-on-arrival,visa-required,visa-required,e-visa,visa-on-arrival,15,visa-required,visa-required,visa-required,90,visa-required,eta,60,visa-on-arrival,visa-required,visa-on-arrival,eta,visa-required,eta,visa-free,30,visa-on-arrival,180,visa-required,visa-required,eta,visa-required,e-visa,visa-required,visa-required,visa-required,e-visa,90,visa-required,visa-required,visa-required,visa-on-arrival,visa-required,visa-required,visa-required,visa-required,visa-required,visa-on-arrival,e-visa,visa-required,90,visa-on-arrival,visa-on-arrival,visa-required,90,visa-on-arrival,e-visa,visa-required,e-visa,90,visa-required,visa-required,visa-on-arrival,visa-required,eta,visa-free,visa-required,visa-required,e-visa,30,90,visa-required,visa-free,visa-required,visa-on-arrival,visa-required,visa-free,visa-required,90,e-visa,visa-on-arrival,visa-free,visa-required,90,visa-required,visa-required,30,visa-required,visa-required,e-visa,visa-required,visa-on-arrival,e-visa,e-visa,e-visa,e-visa,90,e-visa,visa-required,visa-required,e-visa,60,e-visa,visa-on-arrival,visa-required,90,visa-required,90,e-visa,visa-on-arrival,e-visa,visa-on-arrival,90,e-visa,visa-required,visa-required,30,visa-required,30,visa-required,e-visa,30,60,15,visa-on-arrival,visa-required,90,visa-on-arrival
BI,visa-required,e-visa,visa-required,e-visa,e-visa,visa-required,visa-required,visa-required,visa-required,e-visa,visa-required,visa-required,90,visa-on-arrival,visa-required,e-visa,visa-required,e-visa,,90,visa-required,visa-on-arrival,visa-required,e-visa,e-visa,e-visa,visa-required,visa-required,visa-required,visa-free,90,visa-required,visa-required,e-visa,visa-required,e-visa,visa-required,e-visa,visa-required,e-visa,visa-on-arrival,visa-required,visa-required,visa-required,e-visa,visa-required,21,visa-required,visa-required,90,visa-required,visa-required,visa-required,visa-required,visa-on-arrival,visa-required,visa-required,30,visa-required,e-visa,visa-required,visa-required,e-visa,visa-on-arrival,90,e-visa,e-visa,visa-required,visa-required,visa-on-arrival,visa-required,e-visa,visa-required,visa-required,90,visa-required,visa-required,visa-required,visa-required,e-visa,e-visa,visa-on-arrival,visa-required,visa-required,visa-required,visa-required,visa-required,90,e-visa,visa-on-arrival,visa-required,visa-on-arrival,e-visa,visa-required,visa-required,visa-required,e-visa,visa-required,visa-required,visa-on-arrival,visa-required,e-visa,e-visa,e-visa,visa-required,visa-required,visa-required,e-visa,visa-required,visa-required,e-visa,visa-required,visa-required,visa-required,visa-required,visa-required,visa-required,e-visa,visa-on-arrival,e-visa,visa-required,90,visa-on-arrival,e-visa,visa-required,e-visa,visa-on-arrival,visa-on-arrival,visa-required,e-visa,visa-on-arrival,visa-required,visa-required,visa-on-arrival,visa-required,visa-required,e-visa,visa-required,visa-required,e-visa,30,e-visa,visa-required,visa-free,visa-required,visa-on-arrival,visa-required,e-visa,visa-required,visa-required,visa-required,180,visa-required,visa-required,90,visa-required,visa-required,30,visa-required,visa-required,e-visa,visa-required,visa-on-arrival,e-visa,e-visa,e-visa,e-visa,e-visa,e-visa,visa-required,visa-required,e-visa,e-visa,e-visa,visa-on-arrival,visa-required,visa-required,visa-required,visa-required,visa-required,visa-on-arrival,visa-required,90,visa-required,90,visa-required,visa-required,visa-required,visa-required,30,visa-required,e-visa,visa-required,60,visa-required,visa-required,visa-required,visa-on-arrival,visa-on-arrival
BJ,visa-required,e-visa,e-visa,e-visa,e-visa,visa-required,visa-required,visa-required,visa-required,e-visa,visa-required,visa-required,90,visa-on-arrival,visa-required,visa-free,visa-required,e-visa,visa-on-arrival,,visa-required,visa-on-arrival,visa-required,90,e-visa,e-visa,visa-required,visa-required,visa-required,e-visa,90,visa-on-arrival,visa-required,90,visa-required,e-visa,visa-required,e-visa,visa-required,90,visa-free,visa-required,visa-required,visa-required,e-visa,visa-required,90,visa-required,visa-required,90,visa-required,visa-required,visa-required,visa-required,visa-on-arrival,visa-required,visa-required,30,visa-required,e-visa,visa-required,90,e-visa,90,90,visa-free,e-visa,visa-required,visa-required,visa-free,visa-required,14,visa-required,visa-required,90,visa-required,visa-required,visa-required,visa-required,e-visa,e-visa,visa-on-arrival,visa-required,visa-required,visa-required,visa-required,visa-required,60,e-visa,visa-on-arrival,visa-required,visa-on-arrival,e-visa,visa-required,visa-required,visa-required,e-visa,visa-on-arrival,visa-required,visa-on-arrival,visa-required,eta,visa-free,e-visa,visa-required,visa-required,visa-required,90,visa-required,visa-required,e-visa,visa-required,visa-on-arrival,visa-required,visa-required,visa-free,visa-required,e-visa,visa-on-arrival,e-visa,visa-required,90,visa-on-arrival,visa-on-arrival,visa-required,30,visa-on-arrival,visa-on-arrival,visa-free,visa-free,visa-on-arrival,visa-required,visa-required,visa-on-arrival,visa-required,visa-required,e-visa,visa-required,visa-required,e-visa,30,e-visa,visa-required,visa-free,visa-required,visa-on-arrival,visa-required,e-visa,visa-required,visa-required,visa-required,90,visa-required,visa-required,90,visa-required,visa-required,30,visa-required,visa-required,visa-free,visa-required,90,e-visa,e-visa,e-visa,e-visa,e-visa,e-visa,visa-required,90,visa-free,e-visa,e-visa,visa-on-arrival,visa-required,90,visa-required,visa-required,visa-required,visa-on-arrival,visa-required,visa-on-arrival,visa-required,visa-on-arrival,visa-required,visa-required,visa-required,visa-required,30,visa-required,e-visa,visa-required,60,visa-required,visa-required,30,e-visa,e-visa
BN,90,30,e-visa,30,90,e-visa,e-visa,visa-required,90,eta,e-visa,90,180,visa-required,90,e-visa,90,visa-on-arrival,visa-on-arrival,e-visa,,e-visa,visa-required,90,e-visa,90,visa-required,visa-free,eta,e-visa,visa-required,visa-required,90,e-visa,visa-required,e-visa,30,90,90,e-visa,visa-on-arrival,90,90,90,e-visa,90,180,30,visa-required,90,90,visa-on-arrival,visa-required,90,e-visa,90,120,30,90,e-visa,eta,90,365,visa-required,90,e-visa,e-visa,90,90,visa-on-arrival,e-visa,90,90,90,90,90,30,90,visa-required,e-visa,e-visa,15,90,90,180,visa-on-arrival,30,eta,60,14,90,visa-on-arrival,eta,visa-required,30,visa-on-arrival,e-visa,14,visa-required,42,90,eta,visa-required,90,90,90,90,e-visa,visa-required,90,90,90,visa-on-arrival,visa-on-arrival,90,visa-required,14,e-visa,14,e-visa,90,90,visa-on-arrival,30,visa-required,30,visa-on-arrival,visa-required,visa-required,e-visa,90,90,90,visa-on-arrival,visa-required,eta,14,90,183,e-visa,30,eta,90,visa-free,90,visa-on-arrival,visa-required,30,90,e-visa,14,30,visa-on-arrival,visa-on-arrival,90,visa-required,90,30,90,90,visa-on-arrival,90,visa-on-arrival,e-visa,90,e-visa,e-visa,180,e-visa,30,visa-required,e-visa,60,30,visa-on-arrival,visa-required,90,visa-on-arrival,30,visa-free,visa-on-arrival,14,90,30,e-visa,eta,visa-required,30,90,30,visa-required,14,30,60,90,visa-required,visa-required,90,visa-on-arrival
BO,visa-required,visa-required,e-visa,e-visa,e-visa,e-visa,e-visa,freedom-of-movement,visa-required,visa-required,e-visa,visa-required,90,visa-on-arrival,visa-required,e-visa,visa-required,visa-on-arrival,visa-on-arrival,e-visa,visa-required,,freedom-of-movement,90,e-visa,e-visa,visa-required,30,visa-required,e-visa,visa-required,visa-required,visa-required,e-visa,freedom-of-movement,e-visa,visa-required,freedom-of-movement,30,e-visa,visa-required,visa-required,visa-required,visa-required,e-visa,visa-required,21,30,visa-required,freedom-of-movement,visa-required,visa-on-arrival,visa-required,visa-required,e-visa,visa-required,visa-required,30,90,e-visa,visa-required,visa-required,e-visa,visa-required,visa-required,e-visa,e-visa,visa-required,visa-required,visa-on-arrival,e-visa,30,visa-required,visa-required,90,visa-required,e-visa,visa-required,visa-required,e-visa,e-visa,e-visa,visa-required,visa-required,30,visa-on-arrival,visa-required,eta,e-visa,visa-on-arrival,90,visa-on-arrival,eta,visa-required,visa-required,visa-required,visa-required,visa-on-arrival,visa-required,visa-on-arrival,visa-required,eta,e-visa,visa-required,visa-required,visa-required,visa-required,e-visa,visa-required,visa-required,e-visa,visa-required,visa-on-arrival,visa-required,visa-required,visa-required,e-visa,e-visa,visa-on-arrival,e-visa,visa-required,visa-on-arrival,visa-on-arrival,visa-on-arrival,180,30,visa-on-arrival,e-visa,visa-required,e-visa,90,visa-required,visa-required,visa-on-arrival,visa-required,visa-required,14,90,freedom-of-movement,e-visa,30,e-visa,visa-required,visa-required,visa-required,visa-on-arrival,freedom-of-movement,30,visa-required,e-visa,90,visa-on-arrival,visa-required,visa-required,90,visa-required,visa-required,30,visa-required,visa-required,visa-on-arrival,visa-required,visa-required,e-visa,90,e-visa,e-visa,90,e-visa,visa-required,e-visa,e-visa,visa-on-arrival,e-visa,visa-on-arrival,visa-required,visa-required,visa-required,90,e-visa,visa-on-arrival,visa-required,visa-on-arrival,e-visa,e-visa,visa-required,freedom-of-movement,e-visa,visa-required,90,90,e-visa,visa-required,visa-on-arrival,visa-required,visa-required,30,visa-on-arrival,e-visa
BR,90,90,e-visa,180,90,180,30,freedom-of-movement,90,visa-required,e-visa,90,180,visa-required,90,e-visa,90,visa-on-arrival,visa-on-arrival,e-visa,visa-required,freedom-of-movement,,90,e-visa,90,90,90,visa-required,e-visa,visa-required,visa-required,90,e-visa,freedom-of-movement,e-visa,30,freedom-of-movement,90,e-visa,30,90,90,90,e-visa,90,90,90,visa-required,freedom-of-movement,90,visa-on-arrival,visa-required,90,visa-on-arrival,90,120,30,90,e-visa,eta,90,365,e-visa,visa-required,e-visa,e-visa,90,90,visa-on-arrival,90,90,90,90,90,90,30,90,eta,e-visa,e-visa,15,90,90,180,visa-on-arrival,90,eta,30,visa-on-arrival,90,visa-on-arrival,eta,visa-required,eta,visa-required,30,visa-on-arrival,visa-on-arrival,42,90,eta,e-visa,e-visa,90,90,90,e-visa,90,90,90,90,visa-on-arrival,visa-on-arrival,90,visa-required,e-visa,90,90,e-visa,90,90,visa-on-arrival,visa-on-arrival,e-visa,90,visa-on-arrival,90,visa-required,e-visa,90,90,90,visa-on-arrival,visa-required,eta,14,90,freedom-of-movement,e-visa,59,e-visa,90,visa-free,90,visa-on-arrival,freedom-of-movement,90,90,90,90,visa-on-arrival,visa-required,visa-on-arrival,90,visa-required,90,30,90,90,visa-on-arrival,90,90,e-visa,90,e-visa,15,90,e-visa,30,e-visa,e-visa,90,30,visa-on-arrival,visa-required,90,visa-on-arrival,90,90,visa-on-arrival,visa-required,visa-on-arrival,90,e-visa,visa-required,freedom-of-movement,30,90,90,90,e-visa,120,visa-on-arrival,90,visa-required,90,visa-on-arrival,visa-on-arrival
BS,90,90,e-visa,30,90,visa-on-arrival,90,visa-required,90,visa-required,e-visa,90,180,visa-required,90,e-visa,90,e-visa,visa-on-arrival,90,visa-required,visa-on-arrival,90,,e-visa,90,visa-required,90,eta,e-visa,visa-required,visa-required,90,e-visa,90,e-visa,30,180,90,e-visa,visa-on-arrival,90,90,90,e-visa,90,180,90,visa-required,90,90,visa-on-arrival,visa-required,90,e-visa,90,120,30,90,e-visa,eta,90,365,90,90,e-visa,e-visa,90,90,visa-on-arrival,90,90,90,90,90,90,e-visa,90,eta,e-visa,e-visa,visa-on-arrival,90,90,30,visa-on-arrival,90,90,e-visa,visa-on-arrival,30,visa-on-arrival,180,visa-required,eta,visa-required,visa-required,visa-on-arrival,visa-on-arrival,42,90,visa-on-arrival,visa-required,90,90,90,90,e-visa,visa-required,90,90,90,visa-on-arrival,visa-required,90,visa-required,visa-required,visa-required,visa-on-arrival,e-visa,90,90,visa-on-arrival,90,180,30,visa-on-arrival,visa-required,visa-required,visa-required,90,90,90,visa-on-arrival,visa-required,visa-required,visa-required,180,183,visa-required,30,eta,90,visa-free,90,visa-on-arrival,90,90,90,30,visa-required,visa-on-arrival,visa-on-arrival,visa-on-arrival,90,visa-required,90,30,90,90,visa-on-arrival,90,visa-on-arrival,e-visa,90,e-visa,e-visa,90,visa-required,30,e-visa,e-visa,visa-required,30,visa-on-arrival,visa-required,visa-required,visa-on-arrival,e-visa,90,visa-on-arrival,visa-required,90,e-visa,90,180,90,30,90,180,e-visa,e-visa,30,60,90,visa-required,30,90,90
BT,visa-required,e-visa,e-visa,e-visa,e-visa,e-visa,e-visa,visa-required,visa-required,visa-required,visa-required,visa-required,90,90,visa-required,e-visa,visa-required,e-visa,visa-on-arrival,e-visa,visa-required,visa-on-arrival,visa-required,e-visa,,e-visa,visa-required,visa-required,visa-required,e-visa,visa-required,visa-required,visa-required,e-visa,visa-required,e-visa,visa-required,90,visa-required,e-visa,visa-on-arrival,visa-required,visa-required,visa-required,e-visa,visa-required,21,visa-required,visa-required,90,visa-required,visa-on-arrival,visa-required,visa-required,e-visa,visa-required,visa-required,30,visa-required,e-visa,visa-required,visa-required,e-visa,visa-required,90,e-visa,e-visa,visa-required,visa-required,visa-on-arrival,visa-required,14,visa-required,visa-required,90,visa-required,visa-required,visa-required,visa-required,freedom-of-movement,e-visa,visa-on-arrival,visa-required,visa-required,visa-required,visa-on-arrival,visa-required,eta,e-visa,visa-on-arrival,visa-required,visa-on-arrival,e-visa,visa-required,visa-required,visa-on-arrival,e-visa,visa-on-arrival,visa-on-arrival,visa-on-arrival,visa-required,eta,e-visa,e-visa,visa-required,visa-required,visa-required,e-visa,visa-required,visa-required,e-visa,visa-required,visa-on-arrival,visa-required,visa-required,visa-required,e-visa,e-visa,visa-on-arrival,e-visa,visa-required,visa-on-arrival,visa-on-arrival,visa-on-arrival,visa-required,e-visa,visa-on-arrival,e-visa,visa-required,e-visa,visa-on-arrival,visa-required,visa-required,visa-on-arrival,visa-required,visa-required,visa-required,90,visa-required,e-visa,30,e-visa,visa-required,visa-free,visa-required,visa-on-arrival,visa-required,e-visa,visa-required,visa-required,e-visa,visa-on-arrival,visa-required,visa-required,90,visa-required,visa-required,30,visa-required,visa-required,e-visa,visa-required,visa-required,e-visa,90,e-visa,e-visa,e-visa,e-visa,visa-required,e-visa,e-visa,60,e-visa,visa-on-arrival,visa-required,visa-required,visa-required,visa-required,visa-required,visa-on-arrival,visa-required,visa-on-arrival,e-visa,e-visa,visa-required,visa-required,e-visa,visa-required,30,e-visa,e-visa,visa-required,60,visa-required,visa-required,visa-required,90,visa-on-arrival
BW,visa-required,e-visa,e-visa,90,e-visa,visa-required,30,visa-required,visa-required,visa-required,visa-required,visa-required,180,90,visa-required,e-visa,visa-required,visa-on-arrival,visa-on-arrival,90,visa-required,visa-on-arrival,90,90,e-visa,,visa-required,visa-free,visa-required,e-visa,visa-required,visa-required,visa-required,e-visa,visa-required,e-visa,visa-required,e-visa,visa-required,e-visa,visa-on-arrival,visa-required,visa-required,visa-required,e-visa,visa-required,180,30,visa-required,90,visa-required,visa-required,visa-required,visa-required,visa-on-arrival,visa-required,120,30,visa-required,e-visa,visa-required,90,90,60,90,e-visa,e-visa,visa-required,visa-required,visa-required,90,90,visa-required,visa-required,90,visa-required,visa-required,visa-required,eta,e-visa,e-visa,visa-on-arrival,visa-required,visa-required,visa-free,visa-required,visa-required,eta,e-visa,visa-on-arrival,90,visa-on-arrival,90,visa-required,eta,visa-required,e-visa,visa-on-arrival,visa-required,42,visa-required,eta,e-visa,90,visa-required,visa-required,visa-required,e-visa,visa-required,visa-required,e-visa,visa-required,visa-on-arrival,visa-required,90,visa-required,visa-required,e-visa,visa-on-arrival,e-visa,visa-required,180,visa-on-arrival,90,visa-required,30,90,90,visa-required,e-visa,visa-required,visa-required,visa-required,visa-on-arrival,visa-required,visa-required,e-visa,180,visa-required,eta,30,eta,visa-required,visa-free,visa-required,visa-on-arrival,visa-required,e-visa,visa-required,visa-required,30,30,visa-required,visa-required,visa-on-arrival,visa-required,visa-required,30,visa-required,visa-required,visa-on-arrival,visa-required,visa-on-arrival,e-visa,eta,e-visa,e-visa,e-visa,e-visa,30,e-visa,e-visa,e-visa,visa-required,visa-on-arrival,visa-required,visa-required,visa-required,e-visa,visa-free,visa-on-arrival,visa-required,90,visa-required,90,visa-required,visa-required,visa-required,visa-required,30,visa-required,e-visa,30,visa-on-arrival,90,visa-required,90,90,90
BY,visa-required,90,e-visa,180,e-visa,180,e-visa,90,visa-required,visa-required,90,visa-required,28,visa-on-arrival,visa-required,e-visa,visa-required,e-visa,visa-on-arrival,e-visa,visa-required,e-visa,90,e-visa,e-visa,e-visa,,visa-required,visa-required,e-visa,visa-required,visa-required,visa-required,e-visa,visa-required,e-visa,30,90,visa-required,30,visa-required,visa-required,visa-required,visa-required,e-visa,visa-required,21,visa-required,visa-required,90,visa-required,visa-on-arrival,visa-required,visa-required,visa-on-arrival,visa-required,e-visa,30,visa-required,e-visa,visa-required,visa-on-arrival,365,visa-required,visa-required,e-visa,e-visa,visa-required,visa-required,visa-on-arrival,e-visa,30,90,visa-required,90,visa-required,30,visa-required,eta,e-visa,e-visa,14,visa-required,visa-required,visa-on-arrival,visa-on-arrival,visa-required,eta,visa-free,visa-on-arrival,visa-required,visa-on-arrival,eta,visa-required,visa-required,visa-required,90,visa-on-arrival,visa-on-arrival,visa-required,visa-required,eta,e-visa,visa-required,visa-required,visa-required,visa-required,e-visa,visa-required,visa-required,90,30,visa-on-arrival,visa-required,visa-required,visa-required,e-visa,90,30,e-visa,visa-required,visa-on-arrival,visa-on-arrival,visa-on-arrival,visa-required,30,visa-on-arrival,visa-on-arrival,visa-required,e-visa,90,visa-required,visa-free,visa-on-arrival,visa-required,visa-required,14,90,90,e-visa,e-visa,e-visa,visa-required,visa-free,visa-required,visa-on-arrival,visa-required,visa-on-arrival,visa-required,30,90,visa-on-arrival,e-visa,visa-required,90,visa-required,visa-required,visa-required,visa-required,visa-required,e-visa,visa-required,visa-required,e-visa,90,e-visa,e-visa,visa-required,visa-on-arrival,visa-required,visa-required,e-visa,visa-on-arrival,90,visa-on-arrival,visa-required,90,visa-required,30,e-visa,visa-on-arrival,visa-required,visa-on-arrival,90,e-visa,visa-required,visa-required,visa-free,visa-required,90,90,45,120,visa-on-arrival,visa-required,visa-required,e-visa,visa-on-arrival,visa-on-arrival
BZ,visa-required,e-visa,visa-required,180,e-visa,visa-on-arrival,90,visa-required,visa-required,visa-required,visa-required,visa-required,180,visa-required,visa-required,e-visa,visa-required,e-visa,visa-on-arrival,90,visa-required,visa-on-arrival,90,90,e-visa,90,3,,visa-required,e-visa,visa-required,visa-required,visa-required,e-visa,90,e-visa,visa-on-arrival,180,30,e-visa,visa-on-arrival,visa-required,visa-required,visa-required,e-visa,visa-required,180,30,visa-required,90,visa-required,visa-on-arrival,visa-required,visa-required,e-visa,visa-required,120,30,visa-required,e-visa,eta,180,365,visa-required,90,e-visa,e-visa,visa-required,90,visa-on-arrival,180,90,90,visa-required,90,visa-required,e-visa,90,eta,e-visa,e-visa,visa-free,visa-required,visa-required,180,visa-required,visa-required,eta,e-visa,visa-on-arrival,90,visa-on-arrival,180,visa-required,visa-required,visa-required,e-visa,visa-on-arrival,visa-on-arrival,180,visa-required,visa-on-arrival,e-visa,90,visa-required,visa-required,visa-required,e-visa,visa-required,visa-required,e-visa,visa-required,visa-on-arrival,visa-on-arrival,visa-required,visa-required,e-visa,e-visa,visa-on-arrival,e-visa,visa-required,90,visa-on-arrival,90,180,30,visa-on-arrival,e-visa,visa-required,e-visa,90,visa-free,visa-required,visa-on-arrival,visa-required,visa-required,e-visa,90,180,eta,30,e-visa,visa-required,visa-free,visa-required,visa-on-arrival,visa-required,e-visa,visa-required,visa-required,90,30,visa-required,visa-on-arrival,90,visa-required,visa-required,30,visa-required,visa-required,visa-on-arrival,visa-required,visa-on-arrival,e-visa,180,e-visa,e-visa,90,e-visa,30,e-visa,e-visa,e-visa,e-visa,visa-on-arrival,visa-required,visa-required,visa-required,90,180,visa-on-arrival,30,visa-on-arrival,e-visa,90,visa-required,90,e-visa,visa-required,180,90,30,30,60,90,visa-required,30,90,90
CA,90,90,e-visa,180,90,visa-on-arrival,30,90,90,eta,e-visa,90,180,visa-on-arrival,90,e-visa,90,visa-on-arrival,visa-on-arrival,e-visa,90,90,e-visa,240,e-visa,90,30,30,,e-visa,visa-required,visa-required,90,e-visa,90,e-visa,30,90,180,e-visa,30,90,90,90,e-visa,90,180,30,visa-required,90,90,visa-on-arrival,visa-required,90,visa-on-arrival,90,120,30,90,e-visa,eta,90,365,e-visa,30,e-visa,e-visa,90,90,visa-on-arrival,90,90,90,90,90,90,visa-on-arrival,90,eta,e-visa,e-visa,visa-required,90,90,90,visa-on-arrival,90,eta,30,visa-on-arrival,90,visa-on-arrival,eta,visa-required,eta,visa-on-arrival,30,visa-on-arrival,visa-on-arrival,42,90,eta,e-visa,30,90,90,90,e-visa,90,90,90,90,visa-on-arrival,visa-on-arrival,90,visa-required,e-visa,30,30,e-visa,90,90,visa-on-arrival,visa-on-arrival,180,90,eta,visa-on-arrival,visa-required,e-visa,90,90,90,visa-on-arrival,visa-required,eta,14,180,90,visa-on-arrival,30,e-visa,90,visa-free,90,visa-on-arrival,90,30,90,90,visa-required,30,visa-on-arrival,visa-on-arrival,90,visa-required,90,30,90,90,visa-on-arrival,90,90,e-visa,90,e-visa,15,90,visa-required,30,e-visa,e-visa,60,30,visa-on-arrival,visa-required,120,visa-on-arrival,90,90,visa-on-arrival,90,visa-on-arrival,90,e-visa,180,90,30,90,30,e-visa,e-visa,120,visa-on-arrival,90,visa-required,90,90,visa-on-arrival
CD,visa-required,visa-required,e-visa,e-visa,e-visa,visa-required,visa-required,visa-required,visa-required,visa-required,visa-required,visa-required,90,visa-on-arrival,visa-required,visa-on-arrival,visa-required,visa-on-arrival,90,90,visa-required,e-visa,visa-required,e-visa,e-visa,e-visa,visa-required,visa-required,visa-required,,visa-required,visa-required,visa-required,e-visa,visa-required,e-visa,visa-required,e-visa,visa-required,e-visa,visa-on-arrival,visa-required,visa-required,visa-required,e-visa,visa-required,21,visa-required,visa-required,e-visa,visa-required,visa-required,visa-required,visa-required,visa-on-arrival,visa-required,visa-required,30,visa-required,e-visa,visa-required,visa-required,visa-required,visa-on-arrival,90,e-visa,e-visa,visa-required,visa-required,visa-on-arrival,visa-required,e-visa,visa-required,visa-required,90,visa-required,e-visa,visa-required,visa-required,visa-required,visa-required,e-visa,visa-required,visa-required,visa-required,visa-required,visa-required,90,e-visa,visa-on-arrival,visa-required,visa-on-arrival,e-visa,visa-required,visa-required,visa-required,visa-required,visa-required,visa-required,visa-required,visa-required,eta,visa-required,visa-required,visa-required,visa-required,visa-required,e-visa,visa-required,visa-required,visa-required,visa-required,visa-on-arrival,visa-required,visa-required,visa-required,visa-required,e-visa,visa-on-arrival,e-visa,visa-required,90,visa-on-arrival,visa-on-arrival,visa-required,e-visa,visa-on-arrival,e-visa,visa-required,e-visa,visa-required,visa-required,visa-required,visa-on-arrival,visa-required,visa-required,visa-required,visa-required,visa-required,e-visa,30,e-visa,visa-required,visa-required,visa-required,visa-on-arrival,visa-required,e-visa,visa-required,e-visa,visa-required,90,visa-required,visa-required,90,visa-required,visa-required,30,visa-required,visa-required,visa-on-arrival,visa-required,visa-on-arrival,e-visa,90,e-visa,e-visa,visa-required,e-visa,visa-required,e-visa,e-visa,visa-required,visa-required,visa-on-arrival,visa-required,visa-required,visa-required,visa-required,e-visa,visa-on-arrival,visa-required,visa-free,visa-required,90,visa-required,visa-required,visa-required,visa-required,90,e-visa,e-visa,e-visa,60,visa-required,visa-required,e-visa,visa-on-arrival,90
CF,visa-required,e-visa,e-visa,e-visa,e-visa,visa-required,visa-required,visa-required,visa-required,e-visa,visa-required,visa-required,90,visa-on-arrival,visa-required,90,visa-required,e-visa,visa-on-arrival,90,visa-required,visa-on-arrival,visa-required,e-visa,e-visa,e-visa,visa-required,visa-required,visa-required,e-visa,,90,visa-required,90,visa-required,90,visa-required,e-visa,visa-required,e-visa,visa-on-arrival,visa-required,visa-required,visa-required,e-visa,visa-required,21,visa-required,visa-required,90,visa-required,visa-required,visa-required,visa-required,visa-on-arrival,visa-required,visa-required,30,visa-required,90,visa-required,visa-required,e-visa,visa-on-arrival,90,e-visa,90,visa-required,visa-required,visa-on-arrival,visa-required,e-visa,visa-required,visa-required,90,visa-required,visa-required,visa-required,visa-required,visa-required,e-visa,visa-on-arrival,visa-required,visa-required,visa-required,visa-required,visa-required,eta,e-visa,visa-on-arrival,visa-required,visa-on-arrival,e-visa,visa-required,visa-required,visa-required,e-visa,visa-on-arrival,visa-required,visa-required,visa-required,eta,e-visa,e-visa,visa-required,visa-required,visa-required,e-visa,visa-required,visa-required,e-visa,visa-required,visa-on-arrival,visa-required,visa-required,visa-required,visa-required,e-visa,visa-on-arrival,e-visa,visa-required,visa-on-arrival,visa-on-arrival,e-visa,visa-required,e-visa,visa-on-arrival,visa-on-arrival,visa-required,e-visa,visa-on-arrival,visa-required,visa-required,visa-on-arrival,visa-required,visa-required,e-visa,visa-required,visa-required,e-visa,30,e-visa,visa-required,visa-free,visa-required,visa-on-arrival,visa-required,e-visa,visa-required,visa-required,visa-required,90,visa-required,visa-required,90,visa-required,visa-required,30,visa-required,visa-required,visa-on-arrival,visa-required,90,e-visa,e-visa,e-visa,e-visa,e-visa,e-visa,visa-required,90,e-visa,e-visa,e-visa,visa-on-arrival,visa-required,visa-required,visa-required,visa-required,visa-required,visa-on-arrival,visa-required,visa-on-arrival,visa-required,visa-on-arrival,visa-required,visa-required,visa-required,visa-required,30,visa-required,e-visa,visa-required,60,visa-required,visa-required,visa-required,e-visa,e-visa
CG,visa-required,e-visa,e-visa,e-visa,e-visa,visa-required,visa-required,visa-required,visa-required,visa-required,visa-required,visa-required,90,visa-on-arrival,visa-required,e-visa,visa-required,e-visa,visa-on-arrival,90,visa-required,visa-on-arrival,visa-required,e-visa,e-visa,e-visa,visa-required,visa-required,visa-required,90,90,,visa-required,90,visa-required,90,visa-required,e-visa,visa-required,e-visa,visa-on-arrival,visa-required,visa-required,visa-required,e-visa,visa-required,21,visa-required,visa-required,e-visa,visa-required,visa-required,visa-required,visa-required,visa-on-arrival,visa-required,visa-required,30,visa-required,90,visa-required,visa-required,visa-required,visa-on-arrival,90,e-visa,90,visa-required,visa-required,visa-on-arrival,visa-required,e-visa,visa-required,visa-required,90,visa-required,visa-required,visa-required,visa-required,visa-required,e-visa,visa-on-arrival,visa-required,visa-required,visa-required,visa-required,visa-required,eta,e-visa,visa-on-arrival,visa-required,visa-on-arrival,e-visa,visa-required,visa-required,visa-required,e-visa,visa-required,visa-required,visa-required,visa-required,eta,visa-required,e-visa,visa-required,visa-required,visa-required,e-visa,eta,visa-required,e-visa,visa-required,visa-on-arrival,visa-required,visa-required,visa-required,e-visa,e-visa,visa-on-arrival,e-visa,visa-required,90,visa-on-arrival,visa-on-arrival,visa-required,e-visa,visa-on-arrival,visa-required,visa-required,e-visa,visa-required,visa-required,visa-required,visa-on-arrival,visa-required,visa-required,visa-required,visa-required,visa-required,visa-required,30,e-visa,visa-required,visa-free,visa-required,visa-on-arrival,visa-required,e-visa,visa-required,visa-required,visa-required,30,visa-required,visa-required,90,visa-required,visa-required,30,visa-required,visa-required,e-visa,visa-required,90,e-visa,e-visa,e-visa,e-visa,e-visa,e-visa,visa-required,90,e-visa,e-visa,e-visa,visa-on-arrival,visa-required,visa-required,visa-required,visa-required,visa-required,visa-on-arrival,visa-required,visa-on-arrival,visa-required,e-visa,refused,visa-required,visa-required,visa-required,30,visa-required,e-visa,visa-required,60,visa-required,visa-required,visa-required,visa-on-arrival,e-visa
CH,visa-free,90,e-visa,90,90,180,30,90,visa-free,90,e-visa,90,90,visa-on-arrival,visa-free,e-visa,visa-free,visa-on-arrival,visa-on-arrival,e-visa,90,90,90,240,e-visa,90,30,30,eta,e-visa,visa-required,visa-required,,e-visa,90,e-visa,30,90,90,e-visa,30,visa-free,visa-free,visa-free,e-visa,visa-free,180,30,visa-required,90,visa-free,visa-on-arrival,visa-required,visa-free,visa-on-arrival,visa-free,120,90,visa-free,e-visa,eta,90,365,visa-required,90,e-visa,e-visa,visa-free,90,visa-on-arrival,90,90,90,visa-free,90,visa-free,visa-on-arrival,visa-free,eta,e-visa,e-visa,e-visa,visa-free,visa-free,90,visa-on-arrival,90,eta,30,visa-on-arrival,90,visa-on-arrival,eta,visa-required,90,visa-on-arrival,30,15,visa-on-arrival,90,visa-free,eta,e-visa,14,visa-free,visa-free,visa-free,e-visa,90,visa-free,90,90,visa-on-arrival,visa-on-arrival,90,visa-required,e-visa,30,90,e-visa,visa-free,180,visa-on-arrival,visa-on-arrival,180,90,eta,visa-on-arrival,visa-required,e-visa,90,90,visa-free,visa-on-arrival,visa-required,90,14,90,90,e-visa,30,e-visa,visa-free,visa-free,visa-free,visa-on-arrival,90,90,visa-free,90,e-visa,30,visa-on-arrival,90,eta,visa-required,visa-free,90,visa-free,visa-free,visa-on-arrival,visa-free,90,e-visa,90,e-visa,15,90,e-visa,30,e-visa,e-visa,60,30,90,visa-required,90,90,90,90,90,90,visa-on-arrival,90,e-visa,90,90,30,visa-free,180,90,45,120,visa-on-arrival,90,visa-required,90,90,visa-on-arrival
CI,visa-required,e-visa,e-visa,e-visa,e-visa,visa-required,visa-required,visa-required,visa-required,e-visa,visa-required,visa-required,90,visa-on-arrival,visa-required,visa-free,visa-required,e-visa,visa-on-arrival,90,visa-required,visa-on-arrival,visa-required,e-visa,e-visa,e-visa,visa-required,visa-required,visa-required,e-visa,90,visa-free,visa-required,,visa-required,e-visa,visa-required,e-visa,visa-required,e-visa,visa-free,visa-required,visa-required,visa-required,e-visa,visa-required,180,visa-required,visa-required,e-visa,visa-required,visa-required,visa-required,visa-required,visa-on-arrival,visa-required,visa-required,30,visa-required,e-visa,visa-required,visa-required,e-visa,90,90,visa-free,e-visa,visa-required,visa-required,90,visa-required,e-visa,visa-required,visa-required,90,visa-required,visa-required,visa-required,visa-required,e-visa,e-visa,visa-on-arrival,visa-required,visa-required,visa-required,visa-required,visa-required,eta,e-visa,visa-on-arrival,visa-required,visa-on-arrival,e-visa,visa-required,visa-required,visa-required,e-visa,visa-required,visa-required,visa-on-arrival,visa-required,visa-required,visa-free,e-visa,visa-required,visa-required,visa-required,e-visa,visa-required,visa-required,e-visa,visa-required,visa-on-arrival,visa-required,visa-required,visa-free,e-visa,e-visa,visa-on-arrival,90,visa-required,visa-on-arrival,visa-on-arrival,visa-on-arrival,visa-required,e-visa,30,visa-on-arrival,visa-free,visa-free,visa-on-arrival,visa-required,visa-required,visa-on-arrival,visa-required,visa-required,e-visa,visa-required,visa-required,e-visa,30,e-visa,visa-required,visa-free,visa-required,visa-on-arrival,visa-required,e-visa,visa-required,visa-required,visa-required,90,visa-required,visa-required,90,visa-required,visa-required,30,visa-required,visa-required,visa-free,visa-required,90,e-visa,e-visa,e-visa,e-visa,e-visa,e-visa,visa-required,90,visa-free,e-visa,e-visa,visa-on-arrival,visa-required,90,visa-required,visa-required,visa-required,visa-on-arrival,visa-required,visa-on-arrival,visa-required,e-visa,visa-required,visa-required,e-visa,visa-required,30,visa-required,e-visa,visa-required,60,visa-required,visa-required,e-visa,e-visa,e-visa
CL,90,90,e-visa,30,90,visa-on-arrival,30,90,90,visa-required,e-visa,90,180,visa-on-arrival,90,e-visa,90,visa-on-arrival,visa-on-arrival,e-visa,visa-required,90,90,90,e-visa,90,10,90,eta,e-visa,visa-required,visa-required,90,e-visa,,e-visa,30,90,90,e-visa,visa-required,90,90,90,e-visa,90,21,90,visa-required,180,90,visa-on-arrival,visa-required,90,e-visa,90,120,30,90,e-visa,eta,90,90,visa-required,visa-required,e-visa,e-visa,90,90,visa-on-arrival,90,90,90,90,90,90,visa-on-arrival,90,eta,e-visa,e-visa,14,90,90,30,visa-on-arrival,90,eta,30,visa-on-arrival,90,visa-on-arrival,90,visa-required,eta,visa-required,30,visa-on-arrival,visa-on-arrival,42,90,eta,e-visa,visa-required,90,90,90,e-visa,90,90,90,90,visa-on-arrival,visa-on-arrival,90,visa-required,e-visa,90,30,e-visa,90,90,visa-on-arrival,visa-on-arrival,180,30,visa-on-arrival,visa-on-arrival,visa-required,e-visa,90,90,90,visa-on-arrival,visa-required,eta,14,90,183,e-visa,30,e-visa,90,visa-free,90,visa-on-arrival,90,30,90,90,90,visa-on-arrival,visa-required,visa-on-arrival,90,visa-required,90,30,90,90,e-visa,90,visa-required,e-visa,90,e-visa,e-visa,90,e-visa,30,e-visa,e-visa,90,30,visa-on-arrival,visa-required,90,visa-required,90,90,visa-on-arrival,90,visa-on-arrival,90,e-visa,90,90,30,90,90,e-visa,30,120,visa-on-arrival,90,visa-required,90,visa-on-arrival,visa-on-arrival
CM,visa-required,e-visa,e-visa,e-visa,e-visa,visa-required,visa-required,visa-required,visa-required,e-visa,visa-required,visa-required,90,visa-on-arrival,visa-required,e-visa,visa-required,e-visa,visa-on-arrival,90,visa-required,visa-on-arrival,visa-required,e-visa,e-visa,e-visa,visa-required,visa-required,visa-required,e-visa,90,90,visa-required,e-visa,visa-required,,visa-required,e-visa,visa-required,visa-required,visa-on-arrival,visa-required,visa-required,visa-required,e-visa,visa-required,180,visa-required,visa-required,e-visa,visa-required,visa-required,visa-required,visa-required,visa-on-arrival,visa-required,visa-required,30,visa-required,90,visa-required,90,visa-required,visa-on-arrival,90,e-visa,90,visa-required,visa-required,visa-on-arrival,visa-required,e-visa,visa-required,visa-required,90,visa-required,e-visa,visa-required,visa-required,e-visa,e-visa,visa-on-arrival,visa-required,visa-required,visa-required,visa-required,visa-required,eta,e-visa,visa-on-arrival,90,visa-on-arrival,e-visa,visa-required,visa-required,visa-required,e-visa,visa-required,visa-required,visa-on-arrival,visa-required,visa-required,visa-required,90,visa-required,visa-required,visa-required,e-visa,visa-required,visa-required,e-visa,visa-required,visa-on-arrival,visa-required,visa-required,90,e-visa,visa-required,visa-on-arrival,e-visa,visa-required,visa-on-arrival,visa-on-arrival,e-visa,visa-required,e-visa,visa-on-arrival,visa-on-arrival,visa-required,90,visa-required,visa-required,visa-required,visa-required,visa-required,visa-required,visa-required,visa-required,visa-required,e-visa,30,e-visa,visa-required,visa-free,visa-required,visa-on-arrival,visa-required,e-visa,visa-required,visa-required,visa-required,30,visa-required,visa-required,90,visa-required,visa-required,30,visa-required,visa-required,visa-on-arrival,visa-required,visa-on-arrival,e-visa,e-visa,e-visa,e-visa,e-visa,e-visa,visa-required,90,visa-on-arrival,e-visa,e-visa,visa-on-arrival,visa-required,visa-required,visa-required,visa-required,visa-required,visa-on-arrival,visa-required,visa-on-arrival,visa-required,visa-on-arrival,visa-required,visa-required,e-visa,visa-required,visa-required,visa-required,e-visa,120,60,visa-required,visa-required,e-visa,e-visa,e-visa
CN,visa-free,90,e-visa,30,90,90,30,visa-required,visa-required,4,30,90,30,visa-on-arrival,visa-required,e-visa,visa-required,visa-on-arrival,visa-on-arrival,30,14,visa-required,30,90,e-visa,e-visa,30,visa-required,visa-required,e-visa,visa-required,visa-required,visa-required,e-visa,visa-required,e-visa,,e-visa,visa-required,90,visa-on-arrival,visa-required,visa-required,visa-required,e-visa,visa-required,30,visa-required,visa-required,e-visa,visa-required,visa-on-arrival,visa-required,visa-required,visa-on-arrival,visa-required,120,30,visa-required,e-visa,visa-required,30,30,e-visa,visa-required,e-visa,e-visa,visa-required,visa-required,visa-on-arrival,e-visa,visa-required,visa-required,visa-required,90,visa-required,visa-on-arrival,visa-required,visa-required,visa-required,e-visa,21,visa-required,visa-required,30,visa-on-arrival,e-visa,eta,21,14,90,visa-on-arrival,eta,visa-required,visa-required,visa-required,30,visa-on-arrival,visa-on-arrival,42,visa-required,eta,visa-required,e-visa,visa-required,visa-required,visa-required,e-visa,90,visa-required,e-visa,visa-required,visa-on-arrival,visa-required,visa-required,visa-required,visa-on-arrival,e-visa,visa-required,e-visa,visa-required,90,30,e-visa,visa-required,30,eta,e-visa,visa-required,e-visa,e-visa,visa-required,visa-free,visa-on-arrival,visa-on-arrival,visa-required,14,visa-required,visa-required,e-visa,14,e-visa,visa-required,visa-free,visa-required,visa-on-arrival,visa-required,30,visa-required,30,30,visa-on-arrival,visa-on-arrival,30,90,visa-on-arrival,visa-required,30,visa-required,visa-required,visa-on-arrival,90,visa-on-arrival,e-visa,30,e-visa,visa-on-arrival,visa-required,e-visa,visa-required,e-visa,e-visa,60,14,visa-on-arrival,visa-required,90,30,90,e-visa,visa-on-arrival,visa-required,visa-on-arrival,e-visa,e-visa,visa-required,visa-required,30,visa-required,visa-required,e-visa,e-visa,30,30,visa-required,visa-required,eta,30,visa-on-arrival
CO,90,90,e-visa,90,90,e-visa,e-visa,freedom-of-movement,90,visa-required,e-visa,90,90,visa-on-arrival,90,e-visa,90,visa-on-arrival,visa-on-arrival,e-visa,visa-required,freedom-of-movement,freedom-of-movement,90,e-visa,e-visa,90,90,visa-required,e-visa,visa-required,visa-required,90,e-visa,90,e-visa,visa-required,,visa-required,e-visa,visa-required,90,90,90,e-visa,90,21,30,visa-required,freedom-of-movement,90,visa-on-arrival,visa-required,90,e-visa,90,120,30,90,e-visa,visa-required,visa-required,365,visa-required,visa-required,e-visa,e-visa,90,90,visa-on-arrival,90,90,90,90,visa-required,90,30,visa-required,eta,e-visa,e-visa,visa-required,90,90,30,visa-on-arrival,visa-required,eta,e-visa,visa-on-arrival,90,visa-on-arrival,eta,visa-required,eta,visa-required,30,visa-on-arrival,visa-required,visa-required,90,eta,e-visa,visa-required,90,90,90,e-visa,90,90,90,90,visa-on-arrival,visa-on-arrival,90,visa-required,e-visa,90,visa-on-arrival,e-visa,90,visa-on-arrival,visa-on-arrival,e-visa,180,e-visa,visa-on-arrival,e-visa,visa-required,e-visa,visa-required,90,90,visa-on-arrival,visa-required,visa-required,14,90,freedom-of-movement,e-visa,30,e-visa,90,visa-free,90,visa-on-arrival,freedom-of-movement,30,90,30,90,visa-on-arrival,visa-required,visa-required,90,visa-required,90,30,90,90,e-visa,90,visa-required,e-visa,90,e-visa,e-visa,90,e-visa,visa-required,e-visa,e-visa,60,e-visa,visa-on-arrival,visa-required,visa-required,visa-required,90,90,visa-on-arrival,visa-required,visa-on-arrival,90,e-visa,visa-required,freedom-of-movement,e-visa,90,90,90,e-visa,e-visa,visa-on-arrival,90,visa-required,visa-required,visa-on-arrival,e-visa
CR,90,90,e-visa,e-visa,90,e-visa,visa-required,90,90,visa-required,e-visa,90,90,visa-on-arrival,90,e-visa,90,visa-on-arrival,visa-on-arrival,e-visa,14,90,90,90,e-visa,90,visa-required,90,visa-required,e-visa,visa-required,visa-required,90,e-visa,90,e-visa,visa-required,180,,e-visa,visa-on-arrival,90,90,90,e-visa,90,180,90,visa-required,90,90,visa-on-arrival,visa-required,90,e-visa,90,visa-required,30,90,e-visa,eta,90,365,visa-required,visa-free,e-visa,e-visa,90,90,visa-on-arrival,30,30,90,90,90,90,visa-required,90,eta,e-visa,e-visa,visa-on-arrival,90,90,30,visa-on-arrival,90,eta,e-visa,visa-on-arrival,90,visa-on-arrival,eta,visa-required,eta,visa-required,e-visa,visa-on-arrival,visa-on-arrival,42,90,eta,e-visa,e-visa,90,90,90,e-visa,visa-required,90,90,90,visa-on-arrival,visa-on-arrival,90,visa-required,e-visa,e-visa,visa-on-arrival,e-visa,90,90,visa-on-arrival,visa-on-arrival,180,30,visa-on-arrival,e-visa,visa-required,e-visa,90,90,90,visa-on-arrival,visa-required,visa-required,visa-required,180,90,e-visa,30,eta,90,visa-free,90,visa-on-arrival,90,30,90,90,90,visa-on-arrival,visa-required,visa-on-arrival,90,visa-required,90,30,90,90,e-visa,90,visa-on-arrival,e-visa,eta,e-visa,e-visa,90,e-visa,visa-required,e-visa,e-visa,visa-on-arrival,30,visa-on-arrival,visa-required,90,visa-required,30,90,visa-on-arrival,visa-required,visa-on-arrival,e-visa,visa-on-arrival,visa-required,90,30,90,30,90,e-visa,e-visa,60,90,visa-required,30,90,visa-on-arrival
CU,visa-required,visa-required,e-visa,30,e-visa,e-visa,e-visa,visa-required,visa-required,visa-required,e-visa,visa-required,28,visa-on-arrival,visa-required,e-visa,visa-required,visa-on-arrival,visa-on-arrival,e-visa,visa-required,e-visa,visa-required,e-visa,e-visa,90,30,visa-required,visa-required,e-visa,visa-required,visa-required,visa-required,e-visa,visa-required,e-visa,visa-required,e-visa,visa-required,,visa-on-arrival,visa-required,visa-required,visa-required,e-visa,visa-required,21,visa-required,visa-required,visa-required,visa-required,visa-on-arrival,visa-required,visa-required,e-visa,visa-required,120,30,visa-required,e-visa,visa-required,60,e-visa,visa-required,visa-required,e-visa,e-visa,visa-required,visa-required,visa-on-arrival,90,e-visa,visa-required,visa-required,visa-required,visa-required,e-visa,visa-required,visa-required,e-visa,e-visa,15,visa-required,visa-required,visa-required,visa-required,visa-required,eta,visa-free,visa-on-arrival,90,visa-on-arrival,eta,visa-required,visa-required,visa-required,visa-required,visa-on-arrival,visa-required,42,visa-required,eta,e-visa,visa-required,visa-required,visa-required,visa-required,e-visa,visa-required,visa-required,e-visa,visa-required,visa-on-arrival,visa-on-arrival,visa-required,visa-required,visa-required,30,visa-on-arrival,e-visa,visa-required,visa-on-arrival,visa-on-arrival,e-visa,visa-required,90,visa-on-arrival,90,visa-required,e-visa,visa-required,visa-required,visa-required,visa-on-arrival,visa-required,visa-required,visa-required,visa-required,visa-required,e-visa,visa-required,e-visa,visa-required,visa-free,visa-required,visa-on-arrival,visa-required,30,visa-required,e-visa,90,visa-on-arrival,visa-required,visa-required,90,visa-required,visa-required,30,visa-required,visa-required,e-visa,visa-required,visa-required,e-visa,e-visa,e-visa,e-visa,visa-required,e-visa,visa-required,e-visa,e-visa,60,30,visa-on-arrival,visa-required,visa-required,visa-required,visa-required,90,visa-on-arrival,visa-required,visa-on-arrival,visa-required,e-visa,visa-required,visa-required,30,visa-required,30,e-visa,e-visa,120,visa-on-arrival,visa-required,visa-required,e-visa,visa-on-arrival,visa-on-arrival
CV,visa-required,e-visa,visa-required,e-visa,e-visa,visa-required,30,visa-required,visa-required,e-visa,visa-required,visa-required,90,visa-on-arrival,visa-required,visa-free,visa-required,e-visa,visa-on-arrival,90,visa-required,e-visa,visa-required,90,e-visa,e-visa,visa-required,visa-required,visa-required,e-visa,visa-required,visa-required,visa-required,90,visa-required,e-visa,visa-required,e-visa,visa-required,e-visa,,visa-required,visa-required,visa-required,visa-on-arrival,visa-required,21,visa-required,visa-required,90,visa-required,visa-required,visa-required,visa-required,visa-on-arrival,visa-required,visa-required,30,visa-required,e-visa,visa-required,visa-required,e-visa,90,90,visa-free,e-visa,visa-required,visa-required,visa-free,e-visa,30,visa-required,visa-required,90,visa-required,e-visa,visa-required,e-visa,e-visa,e-visa,visa-on-arrival,visa-required,visa-required,visa-required,visa-on-arrival,visa-required,60,e-visa,visa-on-arrival,visa-required,visa-on-arrival,e-visa,visa-required,e-visa,visa-required,e-visa,visa-on-arrival,visa-required,visa-on-arrival,visa-required,visa-on-arrival,visa-free,visa-required,visa-required,visa-required,visa-required,e-visa,90,visa-required,e-visa,visa-required,visa-on-arrival,visa-on-arrival,visa-required,visa-free,visa-required,e-visa,90,e-visa,visa-required,90,visa-on-arrival,visa-on-arrival,visa-required,30,visa-on-arrival,visa-on-arrival,visa-free,visa-free,visa-on-arrival,visa-required,visa-required,visa-on-arrival,visa-required,visa-required,e-visa,visa-required,visa-required,e-visa,30,e-visa,visa-required,visa-free,visa-required,visa-on-arrival,visa-required,e-visa,visa-required,visa-required,60,30,e-visa,visa-required,90,visa-required,visa-required,30,visa-required,visa-required,visa-free,visa-required,90,e-visa,eta,e-visa,visa-free,e-visa,e-visa,visa-required,e-visa,visa-free,e-visa,e-visa,30,visa-required,90,visa-required,visa-required,visa-required,visa-on-arrival,visa-required,visa-on-arrival,visa-required,e-visa,visa-required,visa-required,e-visa,visa-required,90,visa-required,e-visa,e-visa,visa-on-arrival,visa-required,visa-required,30,90,visa-on-arrival
CY,visa-free,90,e-visa,90,90,180,30,90,visa-free,eta,e-visa,90,90,visa-on-arrival,visa-free,e-visa,visa-free,visa-on-arrival,visa-on-arrival,e-visa,90,e-visa,90,90,e-visa,90,30,30,eta,e-visa,visa-required,visa-required,visa-free,e-visa,90,e-visa,30,180,90,e-visa,30,,visa-free,visa-free,visa-on-arrival,visa-free,90,90,visa-required,90,visa-free,visa-on-arrival,visa-required,visa-free,visa-on-arrival,visa-free,120,90,visa-free,e-visa,eta,90,365,visa-required,90,e-visa,e-visa,visa-free,90,visa-on-arrival,e-visa,90,90,visa-free,90,visa-free,visa-on-arrival,visa-free,eta,e-visa,e-visa,e-visa,visa-free,visa-free,visa-free,visa-on-arrival,90,90,60,visa-on-arrival,90,visa-on-arrival,eta,visa-required,30,visa-on-arrival,30,visa-on-arrival,visa-on-arrival,90,visa-free,eta,e-visa,14,visa-free,visa-free,visa-free,e-visa,90,visa-free,90,90,visa-on-arrival,90,90,visa-required,e-visa,30,90,e-visa,visa-free,90,visa-on-arrival,visa-on-arrival,180,30,visa-on-arrival,visa-on-arrival,visa-required,e-visa,90,visa-free,visa-free,visa-on-arrival,visa-required,eta,14,180,90,e-visa,30,e-visa,visa-free,visa-free,visa-free,90,90,90,visa-free,90,e-visa,30,visa-on-arrival,90,eta,visa-required,visa-free,90,visa-free,visa-free,visa-on-arrival,visa-free,90,e-visa,visa-free,e-visa,15,90,visa-on-arrival,30,e-visa,e-visa,60,30,90,visa-required,visa-required,90,e-visa,90,90,90,90,90,90,visa-required,90,30,visa-free,90,90,e-visa,90,90,90,visa-required,30,90,90
CZ,visa-free,90,e-visa,180,90,180,30,90,visa-free,eta,e-visa,90,90,visa-on-arrival,visa-free,visa-on-arrival,visa-free,visa-on-arrival,visa-on-arrival,e-visa,90,90,90,90,e-visa,90,10,visa-free,eta,e-visa,visa-required,visa-required,visa-free,e-visa,90,e-visa,30,90,90,e-visa,30,visa-free,,visa-free,e-visa,visa-free,90,90,visa-required,90,visa-free,visa-on-arrival,visa-required,visa-free,visa-on-arrival,visa-free,120,90,visa-free,e-visa,eta,90,365,visa-required,90,e-visa,e-visa,visa-free,90,visa-on-arrival,visa-required,90,90,visa-free,90,visa-free,visa-on-arrival,visa-free,eta,e-visa,e-visa,visa-free,visa-free,visa-free,30,visa-on-arrival,90,eta,30,visa-on-arrival,90,visa-on-arrival,eta,visa-required,90,visa-on-arrival,30,visa-on-arrival,visa-on-arrival,90,visa-free,30,visa-on-arrival,14,visa-free,visa-free,visa-free,e-visa,90,visa-free,90,90,visa-on-arrival,90,90,visa-required,visa-on-arrival,30,90,e-visa,visa-free,180,visa-on-arrival,visa-on-arrival,180,90,visa-on-arrival,visa-on-arrival,visa-required,e-visa,90,90,visa-free,visa-on-arrival,visa-required,eta,14,90,90,eta,30,e-visa,visa-free,visa-free,visa-free,90,90,90,visa-free,90,e-visa,visa-on-arrival,visa-on-arrival,90,90,visa-required,visa-free,90,visa-free,visa-free,visa-on-arrival,visa-free,90,e-visa,90,e-visa,15,90,e-visa,30,visa-required,e-visa,60,30,90,visa-required,90,90,90,90,90,90,visa-on-arrival,90,e-visa,90,90,30,visa-free,90,90,30,120,90,90,visa-required,90,30,visa-on-arrival
DE,90,90,e-visa,180,90,180,30,90,freedom-of-movement,90,e-visa,90,90,visa-on-arrival,freedom-of-movement,e-visa,freedom-of-movement,visa-on-arrival,visa-on-arrival,e-visa,90,90,90,90,e-visa,90,90,30,eta,e-visa,visa-required,visa-required,freedom-of-movement,e-visa,90,e-visa,30,90,180,e-visa,30,freedom-of-movement,freedom-of-movement,,visa-on-arrival,freedom-of-movement,180,30,visa-required,90,freedom-of-movement,visa-on-arrival,visa-required,freedom-of-movement,visa-on-arrival,freedom-of-movement,120,90,visa-free,e-visa,eta,90,360,e-visa,90,e-visa,e-visa,freedom-of-movement,90,visa-on-arrival,90,90,90,freedom-of-movement,90,freedom-of-movement,visa-on-arrival,freedom-of-movement,eta,e-visa,e-visa,14,freedom-of-movement,freedom-of-movement,90,visa-on-arrival,90,eta,30,visa-on-arrival,90,visa-on-arrival,eta,visa-required,90,visa-on-arrival,30,visa-on-arrival,visa-on-arrival,90,freedom-of-movement,eta,visa-required,14,freedom-of-movement,freedom-of-movement,freedom-of-movement,e-visa,90,90,90,90,visa-on-arrival,90,90,visa-required,e-visa,30,90,e-visa,freedom-of-movement,90,visa-on-arrival,visa-on-arrival,180,90,eta,visa-on-arrival,visa-required,e-visa,90,90,freedom-of-movement,visa-on-arrival,visa-required,90,14,90,90,e-visa,30,e-visa,freedom-of-movement,visa-free,freedom-of-movement,90,90,90,freedom-of-movement,90,e-visa,visa-on-arrival,visa-on-arrival,90,90,visa-required,freedom-of-movement,90,freedom-of-movement,freedom-of-movement,visa-on-arrival,90,90,e-visa,90,e-visa,15,90,visa-on-arrival,30,e-visa,e-visa,60,30,90,visa-required,120,90,90,90,90,90,visa-on-arrival,90,e-visa,90,90,30,1,90,90,30,90,90,90,visa-required,90,30,visa-on-arrival
DJ,visa-required,e-visa,visa-required,e-visa,e-visa,visa-required,visa-required,visa-required,visa-required,e-visa,e-visa,visa-required,90,visa-on-arrival,visa-required,e-visa,visa-required,e-visa,visa-on-arrival,90,visa-required,e-visa,visa-required,e-visa,e-visa,e-visa,visa-required,visa-required,visa-required,e-visa,visa-required,visa-required,visa-required,eta,visa-required,e-visa,visa-required,e-visa,visa-required,e-visa,visa-on-arrival,visa-required,visa-required,visa-required,,visa-required,21,visa-required,visa-required,90,visa-required,visa-required,visa-required,visa-required,90,visa-required,visa-required,30,visa-required,e-visa,visa-required,visa-required,e-visa,visa-on-arrival,90,e-visa,e-visa,visa-required,visa-required,visa-on-arrival,e-visa,14,visa-required,visa-required,90,visa-required,e-visa,visa-required,e-visa,e-visa,e-visa,visa-on-arrival,visa-required,visa-required,visa-required,visa-required,visa-required,60,e-visa,visa-on-arrival,visa-required,visa-on-arrival,e-visa,visa-required,e-visa,visa-required,e-visa,visa-on-arrival,visa-on-arrival,visa-on-arrival,visa-required,visa-on-arrival,e-visa,visa-required,visa-required,visa-required,visa-required,e-visa,visa-required,visa-required,e-visa,visa-required,visa-on-arrival,visa-required,visa-required,visa-required,visa-required,e-visa,visa-on-arrival,e-visa,visa-required,visa-on-arrival,visa-on-arrival,e-visa,visa-required,e-visa,visa-on-arrival,visa-on-arrival,visa-required,e-visa,visa-on-arrival,visa-required,visa-required,visa-on-arrival,visa-required,visa-required,e-visa,visa-required,visa-required,e-visa,30,e-visa,visa-required,visa-required,visa-required,visa-on-arrival,visa-required,e-visa,visa-required,visa-required,visa-required,30,e-visa,visa-required,90,visa-required,visa-required,30,visa-required,visa-required,e-visa,visa-required,90,visa-on-arrival,eta,e-visa,e-visa,e-visa,e-visa,visa-required,e-visa,e-visa,e-visa,e-visa,visa-on-arrival,visa-required,visa-required,visa-required,visa-required,visa-required,visa-on-arrival,visa-required,90,visa-required,e-visa,visa-required,visa-required,visa-required,visa-required,90,visa-required,e-visa,e-visa,visa-on-arrival,visa-required,visa-required,visa-required,visa-on-arrival,e-visa
DK,visa-free,90,e-visa,180,90,180,30,90,visa-free,eta,e-visa,90,90,visa-on-arrival,visa-free,e-visa,visa-free,visa-on-arrival,visa-on-arrival,e-visa,90,90,90,240,e-visa,90,30,visa-free,eta,e-visa,visa-required,visa-required,visa-free,e-visa,90,e-visa,30,180,180,e-visa,30,visa-free,visa-free,visa-free,e-visa,,90,90,visa-required,90,visa-free,visa-on-arrival,visa-required,visa-free,visa-on-arrival,visa-free,120,90,visa-free,e-visa,eta,90,365,e-visa,90,e-visa,e-visa,visa-free,90,visa-on-arrival,90,90,90,visa-free,90,visa-free,visa-on-arrival,visa-free,eta,e-visa,e-visa,e-visa,visa-free,visa-free,90,visa-on-arrival,90,eta,60,visa-on-arrival,90,visa-on-arrival,eta,visa-required,90,visa-on-arrival,30,visa-on-arrival,visa-on-arrival,90,visa-free,visa-on-arrival,e-visa,14,visa-free,visa-free,visa-free,e-visa,90,visa-free,90,90,visa-on-arrival,90,90,visa-required,e-visa,30,90,e-visa,visa-free,180,visa-on-arrival,visa-on-arrival,180,90,30,visa-on-arrival,visa-required,e-visa,90,visa-free,visa-free,visa-on-arrival,visa-required,eta,14,90,90,eta,30,e-visa,visa-free,visa-free,visa-free,90,90,90,visa-free,90,e-visa,visa-on-arrival,visa-on-arrival,90,90,visa-required,visa-free,90,visa-free,visa-free,visa-on-arrival,visa-free,90,e-visa,90,e-visa,15,90,e-visa,30,e-visa,e-visa,60,30,90,visa-required,90,90,90,90,90,90,visa-on-arrival,90,e-visa,90,90,30,visa-free,90,90,45,90,90,90,visa-required,90,90,visa-on-arrival
DM,90,e-visa,e-visa,visa-free,e-visa,visa-on-arrival,e-visa,90,90,visa-required,visa-required,90,180,visa-on-arrival,90,e-visa,90,e-visa,visa-on-arrival,90,visa-required,visa-on-arrival,90,90,e-visa,90,30,180,visa-required,e-visa,visa-required,visa-required,90,e-visa,e-visa,e-visa,30,90,30,28,visa-on-arrival,90,90,90,visa-on-arrival,90,,90,visa-required,90,90,visa-on-arrival,visa-required,90,e-visa,90,120,30,90,e-visa,visa-required,visa-free,90,60,90,e-visa,e-visa,90,visa-required,visa-on-arrival,180,90,visa-required,90,90,90,visa-required,visa-required,eta,e-visa,e-visa,visa-on-arrival,90,90,180,visa-on-arrival,visa-required,90,e-visa,visa-on-arrival,90,visa-on-arrival,visa-free,visa-required,eta,visa-required,e-visa,visa-on-arrival,visa-required,visa-free,90,eta,e-visa,90,90,90,90,e-visa,visa-required,90,90,90,visa-on-arrival,visa-required,visa-required,visa-required,visa-required,e-visa,90,e-visa,90,180,visa-on-arrival,90,visa-required,30,visa-on-arrival,e-visa,visa-required,e-visa,90,90,90,visa-on-arrival,visa-required,visa-required,e-visa,90,90,eta,30,e-visa,90,visa-free,90,visa-on-arrival,visa-required,e-visa,90,90,90,30,visa-required,visa-on-arrival,visa-on-arrival,visa-required,90,30,90,90,visa-on-arrival,90,visa-on-arrival,e-visa,180,e-visa,e-visa,visa-required,e-visa,30,e-visa,e-visa,60,90,visa-on-arrival,visa-required,visa-free,visa-on-arrival,visa-required,180,visa-on-arrival,e-visa,90,90,e-visa,visa-required,90,30,90,visa-free,90,e-visa,120,visa-on-arrival,90,visa-required,visa-required,90,visa-on-arrival
DO,visa-required,e-visa,e-visa,e-visa,e-visa,visa-on-arrival,30,visa-required,visa-required,visa-required,visa-required,visa-required,visa-required,visa-on-arrival,visa-required,e-visa,visa-required,e-visa,visa-on-arrival,visa-on-arrival,visa-required,90,60,e-visa,e-visa,90,visa-required,visa-required,visa-required,e-visa,visa-required,visa-required,visa-required,e-visa,visa-required,e-visa,visa-required,90,visa-required,e-visa,visa-on-arrival,visa-required,visa-required,visa-required,e-visa,visa-required,180,,visa-required,90,visa-required,visa-on-arrival,visa-required,visa-required,e-visa,visa-required,visa-required,30,visa-required,e-visa,visa-required,90,365,visa-required,visa-free,e-visa,e-visa,visa-required,visa-required,visa-on-arrival,30,30,30,visa-required,visa-required,visa-required,visa-required,visa-required,eta,e-visa,e-visa,visa-free,visa-required,visa-required,180,visa-on-arrival,90,eta,e-visa,visa-on-arrival,90,visa-on-arrival,e-visa,visa-required,eta,visa-required,60,visa-on-arrival,visa-on-arrival,visa-required,visa-required,eta,e-visa,e-visa,visa-required,visa-required,visa-required,e-visa,60,visa-required,e-visa,visa-required,visa-on-arrival,visa-required,visa-required,visa-required,visa-required,visa-free,visa-on-arrival,e-visa,visa-required,visa-on-arrival,visa-on-arrival,visa-on-arrival,visa-required,visa-required,visa-on-arrival,e-visa,visa-required,e-visa,90,visa-required,visa-free,visa-on-arrival,visa-required,visa-required,visa-required,90,60,e-visa,30,e-visa,visa-required,visa-free,visa-required,visa-on-arrival,60,90,visa-required,visa-required,60,visa-on-arrival,visa-required,visa-on-arrival,90,visa-required,visa-required,30,visa-required,visa-required,e-visa,visa-required,visa-on-arrival,e-visa,e-visa,e-visa,e-visa,180,e-visa,visa-required,e-visa,e-visa,60,30,visa-on-arrival,visa-required,visa-required,visa-required,e-visa,90,visa-on-arrival,30,visa-on-arrival,e-visa,visa-on-arrival,visa-required,visa-required,30,visa-required,visa-required,visa-required,e-visa,visa-required,60,visa-required,visa-required,visa-required,90,visa-on-arrival
DZ,visa-required,visa-required,e-visa,e-visa,e-visa,e-visa,30,visa-required,visa-required,visa-required,e-visa,visa-required,90,visa-required,visa-required,e-visa,visa-required,visa-on-arrival,visa-on-arrival,90,visa-required,visa-on-arrival,visa-required,e-visa,e-visa,e-visa,visa-required,visa-required,visa-required,e-visa,visa-required,visa-required,visa-required,e-visa,visa-required,e-visa,visa-required,e-visa,visa-required,e-visa,visa-on-arrival,visa-required,visa-required,visa-required,e-visa,visa-required,21,visa-required,,90,visa-required,visa-required,visa-required,visa-required,visa-on-arrival,visa-required,e-visa,30,visa-required,e-visa,visa-required,visa-required,e-visa,visa-on-arrival,90,visa-free,e-visa,visa-required,visa-required,visa-on-arrival,visa-required,14,visa-required,visa-required,90,visa-required,visa-required,visa-required,visa-required,visa-required,e-visa,visa-on-arrival,visa-required,visa-required,visa-required,visa-on-arrival,visa-required,90,e-visa,visa-on-arrival,visa-required,visa-on-arrival,e-visa,visa-required,visa-required,visa-required,e-visa,visa-required,visa-on-arrival,visa-required,visa-required,eta,e-visa,e-visa,visa-required,visa-required,visa-required,visa-free,90,visa-required,e-visa,visa-required,visa-on-arrival,visa-required,visa-required,90,e-visa,visa-required,visa-on-arrival,90,visa-required,visa-on-arrival,visa-on-arrival,e-visa,visa-required,90,visa-on-arrival,e-visa,visa-required,e-visa,90,visa-required,visa-required,visa-on-arrival,visa-required,visa-required,visa-required,visa-required,visa-required,e-visa,visa-required,e-visa,visa-required,visa-free,visa-required,visa-on-arrival,visa-required,e-visa,visa-required,visa-required,visa-required,30,visa-required,visa-required,eta,visa-required,visa-required,visa-required,visa-required,visa-required,e-visa,visa-required,visa-on-arrival,e-visa,90,e-visa,e-visa,visa-required,visa-free,visa-required,e-visa,e-visa,e-visa,visa-on-arrival,visa-on-arrival,visa-required,90,visa-required,visa-required,e-visa,visa-on-arrival,visa-required,visa-on-arrival,visa-required,e-visa,visa-required,visa-required,e-visa,visa-required,90,e-visa,e-visa,e-visa,60,visa-required,visa-on-arrival,e-visa,e-visa,visa-on-arrival
EC,visa-required,90,visa-required,90,e-visa,180,visa-required,90,visa-required,e-visa,e-visa,visa-required,90,visa-on-arrival,visa-required,e-visa,visa-required,visa-on-arrival,visa-on-arrival,e-visa,visa-required,90,90,90,e-visa,e-visa,30,visa-required,visa-required,e-visa,visa-required,visa-required,visa-required,eta,90,e-visa,30,90,visa-required,e-visa,visa-on-arrival,visa-required,visa-required,visa-required,visa-on-arrival,visa-required,21,30,visa-required,,visa-required,visa-on-arrival,visa-required,visa-required,e-visa,visa-required,visa-required,30,visa-required,e-visa,visa-required,90,360,visa-required,visa-required,e-visa,e-visa,visa-required,visa-required,visa-on-arrival,90,90,90,visa-required,90,visa-required,visa-on-arrival,visa-required,eta,e-visa,e-visa,visa-on-arrival,visa-required,visa-required,30,visa-on-arrival,visa-required,eta,e-visa,visa-on-arrival,visa-required,visa-on-arrival,eta,visa-required,eta,visa-required,30,visa-on-arrival,visa-required,visa-on-arrival,visa-required,visa-on-arrival,e-visa,visa-required,visa-required,visa-required,visa-required,e-visa,visa-required,visa-required,e-visa,visa-required,visa-on-arrival,visa-on-arrival,visa-required,visa-required,e-visa,30,30,e-visa,visa-required,visa-on-arrival,visa-on-arrival,visa-on-arrival,visa-required,30,visa-on-arrival,visa-on-arrival,visa-required,e-visa,90,visa-required,visa-required,visa-on-arrival,visa-required,visa-required,visa-on-arrival,90,180,eta,30,e-visa,visa-required,visa-free,visa-required,visa-on-arrival,90,visa-on-arrival,visa-required,visa-required,90,visa-on-arrival,e-visa,visa-required,90,visa-required,visa-required,30,visa-required,visa-required,e-visa,visa-required,visa-required,e-visa,eta,e-visa,e-visa,180,e-visa,visa-required,e-visa,e-visa,60,30,visa-on-arrival,visa-required,visa-required,visa-required,90,90,visa-on-arrival,e-visa,visa-on-arrival,90,e-visa,visa-required,90,e-visa,visa-required,90,90,e-visa,e-visa,visa-on-arrival,visa-required,visa-required,90,visa-on-arrival,visa-on-arrival
EE,visa-free,90,e-visa,90,90,180,30,90,visa-free,eta,e-visa,90,90,visa-on-arrival,visa-free,e-visa,visa-free,visa-on-arrival,visa-on-arrival,e-visa,90,90,90,90,e-visa,90,30,visa-free,eta,e-visa,visa-required,visa-required,visa-free,e-visa,90,e-visa,30,90,90,e-visa,30,visa-free,visa-free,visa-free,e-visa,visa-free,180,90,visa-required,90,,visa-on-arrival,visa-required,visa-free,e-visa,visa-free,120,90,visa-free,e-visa,eta,90,365,visa-required,90,e-visa,e-visa,visa-free,90,visa-on-arrival,visa-required,90,90,visa-free,90,visa-free,visa-on-arrival,visa-free,eta,e-visa,e-visa,e-visa,visa-free,visa-free,visa-on-arrival,visa-on-arrival,90,eta,60,visa-on-arrival,90,visa-on-arrival,eta,visa-required,eta,visa-on-arrival,30,visa-on-arrival,visa-on-arrival,90,visa-free,visa-on-arrival,e-visa,e-visa,visa-free,visa-free,visa-free,e-visa,90,visa-free,90,90,visa-on-arrival,90,90,visa-required,e-visa,30,90,e-visa,visa-free,90,visa-on-arrival,visa-on-arrival,180,90,visa-on-arrival,visa-on-arrival,visa-required,e-visa,visa-required,visa-free,visa-free,visa-on-arrival,visa-required,eta,14,180,90,e-visa,30,e-visa,visa-free,visa-free,visa-free,90,90,90,visa-free,90,e-visa,visa-on-arrival,visa-on-arrival,90,90,visa-required,visa-free,90,visa-free,visa-free,visa-on-arrival,visa-free,90,e-visa,eta,e-visa,15,180,e-visa,30,visa-required,visa-on-arrival,60,30,90,visa-required,90,90,90,90,90,90,visa-on-arrival,90,visa-on-arrival,90,90,30,visa-free,90,90,e-visa,90,90,90,visa-required,90,90,visa-on-arrival
EG,visa-required,visa-required,e-visa,e-visa,e-visa,e-visa,e-visa,visa-required,visa-required,visa-required,visa-required,visa-required,90,visa-required,visa-required,visa-on-arrival,visa-required,visa-on-arrival,visa-on-arrival,90,visa-required,e-visa,visa-required,e-visa,e-visa,e-visa,visa-required,visa-required,visa-required,e-visa,visa-required,visa-required,visa-required,e-visa,visa-required,e-visa,visa-required,e-visa,visa-required,e-visa,visa-required,visa-required,visa-required,visa-required,e-visa,visa-required,21,visa-required,visa-required,visa-required,visa-required,,visa-required,visa-required,e-visa,visa-required,e-visa,30,visa-required,e-visa,visa-required,visa-required,e-visa,visa-on-arrival,90,visa-free,e-visa,visa-required,visa-required,visa-on-arrival,e-visa,90,visa-required,visa-required,90,visa-required,visa-on-arrival,visa-required,visa-required,visa-required,e-visa,20,visa-required,visa-required,visa-required,30,visa-required,60,e-visa,visa-on-arrival,90,visa-on-arrival,eta,visa-required,visa-required,visa-required,visa-required,visa-on-arrival,visa-on-arrival,visa-required,visa-required,eta,visa-required,visa-required,visa-required,visa-required,visa-required,visa-free,visa-required,visa-required,visa-required,visa-required,visa-on-arrival,visa-on-arrival,visa-required,visa-required,e-visa,visa-required,90,e-visa,visa-required,90,visa-on-arrival,e-visa,visa-required,90,visa-on-arrival,e-visa,visa-required,e-visa,visa-required,visa-required,visa-required,visa-on-arrival,visa-required,visa-required,visa-required,visa-required,visa-required,e-visa,visa-required,e-visa,visa-required,visa-free,visa-required,visa-on-arrival,visa-required,e-visa,visa-required,e-visa,visa-required,30,visa-required,visa-required,90,visa-free,visa-required,visa-required,visa-required,visa-required,visa-on-arrival,visa-required,visa-on-arrival,e-visa,e-visa,visa-free,e-visa,visa-required,e-visa,visa-required,e-visa,e-visa,e-visa,visa-on-arrival,visa-on-arrival,visa-required,visa-on-arrival,visa-required,visa-required,e-visa,visa-on-arrival,visa-required,visa-on-arrival,visa-required,e-visa,visa-required,visa-required,e-visa,visa-required,90,e-visa,e-visa,e-visa,visa-on-arrival,visa-required,visa-on-arrival,e-visa,e-visa,visa-on-arrival
ER,visa-required,e-visa,visa-required,e-visa,e-visa,visa-required,visa-required,visa-required,visa-required,visa-required,visa-required,visa-required,visa-required,visa-on-arrival,visa-required,e-visa,visa-required,e-visa,visa-on-arrival,90,visa-required,visa-on-arrival,visa-required,e-visa,e-visa,e-visa,visa-required,visa-required,visa-required,e-visa,visa-required,visa-required,visa-required,e-visa,visa-required,e-visa,visa-required,e-visa,visa-required,visa-required,visa-on-arrival,visa-required,visa-required,visa-required,e-visa,visa-required,21,visa-required,visa-required,visa-required,visa-required,visa-required,,visa-required,visa-on-arrival,visa-required,visa-required,30,visa-required,e-visa,visa-required,visa-required,e-visa,visa-on-arrival,90,visa-required,e-visa,visa-required,visa-required,visa-on-arrival,visa-required,e-visa,visa-required,visa-required,90,visa-required,visa-required,visa-required,visa-required,e-visa,e-visa,visa-on-arrival,visa-required,visa-required,visa-required,visa-required,visa-required,90,e-visa,visa-on-arrival,visa-required,visa-on-arrival,e-visa,visa-required,visa-required,visa-required,visa-required,visa-on-arrival,visa-required,visa-required,visa-required,eta,e-visa,e-visa,visa-required,visa-required,visa-required,e-visa,visa-required,visa-required,visa-required,visa-required,visa-on-arrival,visa-required,visa-required,visa-required,e-visa,visa-required,visa-on-arrival,e-visa,visa-required,visa-on-arrival,visa-on-arrival,e-visa,visa-required,e-visa,visa-required,visa-on-arrival,visa-required,e-visa,visa-required,visa-required,visa-required,visa-on-arrival,visa-required,visa-required,visa-required,visa-required,visa-required,visa-required,30,e-visa,visa-required,visa-free,visa-required,visa-on-arrival,visa-required,e-visa,visa-required,visa-required,visa-required,30,visa-required,visa-required,visa-on-arrival,visa-required,visa-required,30,visa-required,visa-required,e-visa,visa-required,visa-required,e-visa,e-visa,e-visa,e-visa,visa-required,e-visa,visa-required,e-visa,e-visa,e-visa,e-visa,visa-on-arrival,visa-required,visa-required,visa-required,visa-required,visa-required,visa-on-arrival,visa-required,e-visa,visa-required,90,refused,visa-required,visa-required,visa-required,30,visa-required,e-visa,e-visa,visa-on-arrival,visa-required,visa-required,visa-required,visa-on-arrival,e-visa
ES,visa-free,90,e-visa,180,90,180,30,90,freedom-of-movement,90,e-visa,90,90,visa-on-arrival,freedom-of-movement,e-visa,freedom-of-movement,visa-on-arrival,visa-on-arrival,e-visa,90,90,90,90,e-visa,90,10,visa-free,eta,e-visa,visa-required,visa-required,freedom-of-movement,e-visa,90,e-visa,visa-on-arrival,90,90,e-visa,30,freedom-of-movement,freedom-of-movement,freedom-of-movement,e-visa,freedom-of-movement,90,30,visa-required,90,freedom-of-movement,visa-on-arrival,visa-required,,visa-on-arrival,freedom-of-movement,120,90,freedom-of-movement,e-visa,eta,90,365,visa-required,90,e-visa,e-visa,freedom-of-movement,90,visa-on-arrival,90,90,90,freedom-of-movement,90,freedom-of-movement,visa-on-arrival,freedom-of-movement,eta,e-visa,e-visa,visa-free,freedom-of-movement,freedom-of-movement,30,visa-on-arrival,90,eta,60,visa-on-arrival,90,visa-on-arrival,eta,visa-required,90,visa-on-arrival,30,visa-on-arrival,visa-on-arrival,90,freedom-of-movement,visa-on-arrival,visa-required,14,freedom-of-movement,freedom-of-movement,freedom-of-movement,e-visa,90,visa-free,90,90,visa-on-arrival,90,90,visa-required,e-visa,30,90,e-visa,freedom-of-movement,90,visa-on-arrival,visa-on-arrival,180,90,30,visa-on-arrival,visa-required,e-visa,90,90,freedom-of-movement,visa-on-arrival,90,90,14,90,90,e-visa,30,e-visa,freedom-of-movement,visa-free,freedom-of-movement,90,90,90,freedom-of-movement,90,e-visa,visa-on-arrival,visa-on-arrival,90,eta,visa-required,freedom-of-movement,90,freedom-of-movement,freedom-of-movement,visa-on-arrival,visa-free,90,e-visa,90,e-visa,15,90,e-visa,30,e-visa,e-visa,60,30,90,visa-required,90,90,90,90,90,90,visa-on-arrival,90,e-visa,90,90,30,visa-free,90,90,30,90,90,90,visa-required,90,30,visa-on-arrival
ET,visa-required,visa-required,e-visa,e-visa,e-visa,visa-required,visa-required,visa-required,visa-required,visa-required,visa-required,visa-required,90,visa-on-arrival,visa-required,e-visa,visa-required,e-visa,visa-on-arrival,90,visa-required,visa-on-arrival,visa-required,e-visa,e-visa,visa-required,visa-required,visa-required,visa-required,e-visa,visa-required,visa-required,visa-required,e-visa,visa-required,e-visa,visa-required,e-visa,visa-required,e-visa,visa-on-arrival,visa-required,visa-required,visa-required,visa-on-arrival,visa-required,21,visa-required,visa-required,e-visa,visa-required,visa-required,visa-on-arrival,visa-required,,visa-required,visa-required,30,visa-required,e-visa,visa-required,visa-required,e-visa,visa-on-arrival,90,e-visa,e-visa,visa-required,visa-required,visa-on-arrival,visa-required,e-visa,visa-required,visa-required,90,visa-required,e-visa,visa-required,visa-required,visa-required,visa-required,e-visa,visa-required,visa-required,visa-required,e-visa,visa-required,90,e-visa,visa-on-arrival,visa-required,visa-on-arrival,e-visa,visa-required,visa-required,visa-required,e-visa,visa-on-arrival,visa-required,visa-on-arrival,visa-required,eta,visa-required,e-visa,visa-required,visa-required,visa-required,visa-required,visa-required,visa-required,e-visa,visa-required,visa-on-arrival,visa-required,visa-required,visa-required,visa-required,e-visa,visa-on-arrival,e-visa,visa-required,visa-on-arrival,visa-on-arrival,e-visa,visa-required,e-visa,visa-required,e-visa,visa-required,e-visa,visa-on-arrival,visa-required,visa-required,visa-required,visa-required,visa-required,e-visa,visa-required,visa-required,e-visa,30,e-visa,visa-required,visa-free,visa-required,visa-on-arrival,visa-required,e-visa,visa-required,visa-required,visa-required,visa-on-arrival,visa-required,visa-required,90,visa-required,visa-required,30,visa-required,visa-required,e-visa,visa-required,visa-on-arrival,visa-on-arrival,e-visa,e-visa,e-visa,e-visa,visa-required,visa-required,e-visa,visa-on-arrival,visa-on-arrival,e-visa,visa-on-arrival,visa-required,visa-required,visa-required,visa-required,visa-required,visa-on-arrival,visa-required,visa-on-arrival,visa-required,e-visa,visa-required,visa-required,visa-required,visa-required,90,visa-required,e-visa,visa-required,90,visa-required,visa-required,e-visa,e-visa,visa-on-arrival
FI,visa-free,90,e-visa,180,90,180,30,90,visa-free,eta,e-visa,90,90,visa-on-arrival,visa-free,visa-on-arrival,visa-free,visa-on-arrival,visa-on-arrival,e-visa,90,90,90,90,e-visa,90,30,visa-free,eta,e-visa,visa-required,visa-required,visa-free,e-visa,90,e-visa,30,180,90,visa-required,30,visa-free,visa-free,visa-free,e-visa,visa-free,90,90,visa-required,90,visa-free,visa-on-arrival,visa-required,visa-free,visa-on-arrival,,120,90,visa-free,e-visa,eta,90,365,visa-required,90,e-visa,e-visa,visa-free,90,visa-on-arrival,90,90,90,visa-free,90,visa-free,visa-on-arrival,visa-free,eta,e-visa,e-visa,e-visa,visa-free,visa-free,90,visa-on-arrival,90,eta,60,visa-on-arrival,90,visa-on-arrival,eta,visa-required,eta,visa-on-arrival,30,15,visa-on-arrival,90,visa-free,visa-on-arrival,visa-required,14,visa-free,visa-free,visa-free,e-visa,90,visa-free,90,90,visa-on-arrival,90,90,visa-required,e-visa,30,90,e-visa,visa-free,180,visa-on-arrival,30,180,90,30,90,visa-required,e-visa,90,visa-free,visa-free,visa-on-arrival,visa-required,eta,14,90,90,eta,30,e-visa,visa-free,visa-free,visa-free,90,90,90,visa-free,90,e-visa,visa-on-arrival,visa-on-arrival,90,90,visa-required,visa-free,90,visa-free,visa-free,visa-on-arrival,visa-free,90,e-visa,90,e-visa,15,90,e-visa,30,visa-required,e-visa,60,30,90,visa-required,90,90,90,90,90,90,visa-on-arrival,90,e-visa,90,90,30,visa-free,90,90,45,90,90,90,visa-required,90,90,visa-on-arrival
FJ,visa-required,90,e-visa,30,e-visa,visa-on-arrival,30,90,visa-required,visa-required,visa-required,visa-required,180,90,visa-required,e-visa,visa-required,visa-required,visa-on-arrival,e-visa,visa-required,visa-on-arrival,90,90,e-visa,e-visa,visa-required,visa-free,visa-required,e-visa,visa-required,visa-required,visa-required,e-visa,90,e-visa,30,90,30,e-visa,visa-on-arrival,visa-required,visa-required,visa-required,e-visa,visa-required,21,30,visa-required,90,visa-required,visa-on-arrival,visa-required,visa-required,e-visa,visa-required,,30,visa-required,e-visa,visa-required,visa-required,90,visa-required,90,e-visa,e-visa,visa-required,90,visa-on-arrival,visa-required,90,visa-required,visa-required,90,visa-required,visa-required,90,eta,e-visa,e-visa,visa-on-arrival,visa-required,visa-required,180,visa-on-arrival,visa-required,eta,e-visa,visa-on-arrival,90,visa-on-arrival,eta,visa-required,30,visa-required,e-visa,visa-on-arrival,visa-required,42,visa-required,eta,e-visa,e-visa,visa-required,visa-required,visa-required,e-visa,visa-required,visa-required,e-visa,visa-required,visa-on-arrival,visa-on-arrival,visa-required,visa-required,e-visa,e-visa,visa-on-arrival,e-visa,visa-required,180,visa-on-arrival,90,visa-required,30,visa-on-arrival,e-visa,visa-required,e-visa,90,visa-required,visa-required,visa-on-arrival,visa-on-arrival,visa-required,visa-required,90,180,eta,30,e-visa,visa-required,visa-free,visa-required,visa-on-arrival,visa-required,e-visa,visa-required,visa-required,90,30,visa-required,visa-on-arrival,90,visa-required,visa-required,30,visa-required,visa-required,visa-on-arrival,visa-required,visa-on-arrival,e-visa,90,e-visa,e-visa,180,e-visa,visa-required,e-visa,e-visa,60,e-visa,visa-on-arrival,visa-required,90,visa-on-arrival,e-visa,visa-required,visa-on-arrival,visa-required,visa-on-arrival,e-visa,90,visa-required,visa-required,e-visa,visa-required,90,e-visa,e-visa,120,visa-on-arrival,90,visa-required,visa-required,90,90
FM,90,e-visa,e-visa,e-visa,e-visa,visa-on-arrival,30,visa-required,90,visa-required,visa-required,90,visa-required,visa-on-arrival,90,e-visa,90,visa-on-arrival,visa-on-arrival,e-visa,visa-required,visa-on-arrival,90,visa-required,e-visa,e-visa,30,visa-free,visa-required,visa-required,visa-required,visa-required,90,visa-required,visa-required,e-visa,visa-required,90,30,e-visa,visa-on-arrival,90,90,90,e-visa,90,21,30,visa-required,90,90,visa-on-arrival,visa-required,90,e-visa,90,30,,90,e-visa,eta,90,e-visa,visa-required,visa-required,e-visa,e-visa,90,visa-required,visa-on-arrival,visa-required,14,visa-required,90,90,90,visa-required,visa-required,eta,e-visa,e-visa,e-visa,90,90,visa-required,visa-on-arrival,visa-required,eta,e-visa,visa-on-arrival,90,visa-on-arrival,e-visa,visa-required,30,visa-required,e-visa,visa-on-arrival,visa-required,42,90,eta,e-visa,e-visa,90,90,90,e-visa,visa-required,90,90,90,visa-on-arrival,90,visa-required,visa-required,visa-required,e-visa,visa-on-arrival,e-visa,90,visa-on-arrival,visa-on-arrival,visa-on-arrival,180,30,visa-on-arrival,e-visa,visa-required,e-visa,visa-on-arrival,visa-required,90,visa-on-arrival,visa-on-arrival,visa-required,visa-required,90,90,visa-on-arrival,30,e-visa,90,visa-free,90,365,visa-required,e-visa,90,visa-required,visa-required,visa-on-arrival,visa-required,visa-on-arrival,90,visa-required,90,30,90,90,e-visa,90,visa-on-arrival,e-visa,90,e-visa,e-visa,visa-required,e-visa,visa-required,e-visa,e-visa,e-visa,visa-required,visa-on-arrival,visa-required,visa-required,visa-on-arrival,visa-required,e-visa,visa-on-arrival,visa-required,visa-on-arrival,e-visa,e-visa,visa-free,visa-required,e-visa,90,90,e-visa,e-visa,120,60,90,visa-required,visa-required,visa-on-arrival,visa-on-arrival
FR,90,90,e-visa,180,90,180,30,90,freedom-of-movement,e-visa,e-visa,90,90,visa-on-arrival,freedom-of-movement,e-visa,freedom-of-movement,visa-on-arrival,visa-on-arrival,e-visa,90,90,90,90,e-visa,90,10,30,eta,e-visa,visa-required,visa-required,freedom-of-movement,e-visa,90,e-visa,30,90,90,e-visa,e-visa,freedom-of-movement,freedom-of-movement,freedom-of-movement,e-visa,freedom-of-movement,180,30,visa-required,90,freedom-of-movement,visa-on-arrival,visa-required,freedom-of-movement,visa-on-arrival,freedom-of-movement,120,90,,e-visa,eta,90,365,e-visa,90,e-visa,e-visa,freedom-of-movement,90,visa-on-arrival,90,90,90,freedom-of-movement,90,freedom-of-movement,visa-on-arrival,freedom-of-movement,eta,e-visa,e-visa,visa-free,freedom-of-movement,freedom-of-movement,30,visa-on-arrival,90,eta,60,e-visa,90,visa-on-arrival,eta,visa-required,eta,visa-on-arrival,30,visa-on-arrival,visa-on-arrival,90,freedom-of-movement,30,visa-required,14,freedom-of-movement,freedom-of-movement,freedom-of-movement,e-visa,90,90,90,90,visa-on-arrival,90,90,visa-required,e-visa,30,90,e-visa,freedom-of-movement,180,visa-on-arrival,visa-on-arrival,180,90,30,visa-on-arrival,visa-required,e-visa,90,90,freedom-of-movement,visa-on-arrival,visa-required,e-visa,14,90,90,eta,30,e-visa,freedom-of-movement,visa-free,freedom-of-movement,90,90,90,freedom-of-movement,90,e-visa,30,visa-on-arrival,90,90,visa-required,freedom-of-movement,90,freedom-of-movement,freedom-of-movement,visa-on-arrival,90,90,e-visa,90,e-visa,15,180,e-visa,30,e-visa,e-visa,60,30,90,visa-required,90,90,90,90,90,90,visa-on-arrival,90,e-visa,e-visa,90,30,1,90,90,30,90,90,90,visa-required,90,90,visa-on-arrival
GA,visa-required,visa-required,e-visa,e-visa,e-visa,visa-required,visa-required,visa-required,visa-required,visa-required,visa-required,visa-required,90,90,visa-required,e-visa,visa-required,visa-on-arrival,visa-on-arrival,90,visa-required,visa-on-arrival,visa-required,e-visa,e-visa,e-visa,visa-required,visa-required,visa-required,e-visa,90,90,visa-required,e-visa,visa-required,90,visa-required,e-visa,visa-required,e-visa,visa-on-arrival,visa-required,visa-required,visa-required,e-visa,visa-required,21,visa-required,visa-required,90,visa-required,visa-required,visa-required,visa-required,visa-on-arrival,visa-required,visa-required,30,visa-required,,visa-required,visa-required,visa-required,visa-on-arrival,90,e-visa,90,visa-required,visa-required,visa-on-arrival,visa-required,14,visa-required,visa-required,90,visa-required,visa-required,visa-required,visa-required,e-visa,visa-required,e-visa,visa-required,visa-required,visa-required,visa-required,visa-required,eta,e-visa,visa-on-arrival,90,visa-on-arrival,e-visa,visa-required,visa-required,visa-required,e-visa,visa-on-arrival,visa-required,visa-on-arrival,visa-required,visa-on-arrival,visa-required,e-visa,visa-required,visa-required,visa-required,e-visa,90,visa-required,visa-required,visa-required,visa-on-arrival,visa-required,visa-required,visa-required,visa-required,e-visa,visa-on-arrival,visa-on-arrival,visa-required,90,visa-on-arrival,visa-on-arrival,visa-required,30,visa-on-arrival,visa-on-arrival,visa-required,e-visa,visa-on-arrival,visa-required,visa-required,visa-on-arrival,visa-required,visa-required,visa-required,90,visa-required,e-visa,30,e-visa,visa-required,visa-free,visa-required,visa-on-arrival,visa-required,e-visa,visa-required,visa-required,visa-required,30,visa-required,visa-required,90,visa-required,visa-required,30,visa-required,visa-required,visa-on-arrival,visa-required,visa-on-arrival,visa-on-arrival,90,e-visa,15,visa-required,visa-required,visa-required,90,e-visa,visa-required,visa-required,visa-on-arrival,visa-required,90,visa-required,visa-required,visa-required,visa-on-arrival,visa-required,visa-on-arrival,visa-required,e-visa,visa-required,visa-required,e-visa,visa-required,90,visa-required,e-visa,visa-required,60,visa-required,visa-required,30,e-visa,e-visa
GB,90,90,e-visa,180,90,180,30,90,90,90,e-visa,90,180,visa-on-arrival,90,e-visa,90,visa-on-arrival,visa-on-arrival,e-visa,90,90,90,240,e-visa,90,10,visa-free,eta,e-visa,visa-required,visa-required,90,e-visa,90,e-visa,30,90,180,e-visa,30,90,90,90,e-visa,90,180,30,visa-required,90,90,visa-on-arrival,visa-required,90,visa-on-arrival,90,120,30,90,e-visa,,180,365,e-visa,90,e-visa,e-visa,90,90,visa-on-arrival,90,180,visa-required,90,90,90,visa-on-arrival,visa-free,eta,e-visa,e-visa,visa-free,90,90,180,visa-on-arrival,90,eta,30,visa-on-arrival,90,visa-on-arrival,eta,visa-required,90,visa-on-arrival,30,visa-on-arrival,visa-on-arrival,42,90,eta,e-visa,14,90,90,90,e-visa,90,90,90,90,visa-on-arrival,90,90,visa-required,e-visa,30,180,e-visa,90,90,visa-on-arrival,visa-on-arrival,180,90,eta,visa-on-arrival,visa-required,e-visa,90,90,90,visa-on-arrival,visa-required,180,14,90,183,visa-on-arrival,30,e-visa,90,visa-free,90,visa-on-arrival,90,30,90,90,visa-required,30,eta,visa-on-arrival,90,visa-required,90,90,90,90,visa-on-arrival,90,90,e-visa,90,e-visa,15,180,visa-on-arrival,30,e-visa,e-visa,60,e-visa,visa-on-arrival,visa-required,90,visa-on-arrival,90,visa-free,visa-on-arrival,90,visa-on-arrival,90,e-visa,90,90,30,90,180,90,45,120,visa-on-arrival,90,visa-required,90,30,visa-on-arrival
GD,90,visa-required,e-visa,freedom-of-movement,visa-required,visa-on-arrival,90,90,90,visa-required,visa-required,90,180,90,90,e-visa,90,e-visa,visa-on-arrival,90,visa-required,visa-on-arrival,90,90,e-visa,90,3,180,visa-required,e-visa,visa-required,visa-required,90,visa-required,90,e-visa,30,180,90,60,visa-on-arrival,90,90,90,e-visa,90,freedom-of-movement,30,visa-required,90,90,visa-on-arrival,visa-required,90,e-visa,90,120,30,90,e-visa,eta,,e-visa,30,90,e-visa,e-visa,90,visa-required,visa-on-arrival,180,90,visa-required,90,90,90,visa-required,90,eta,e-visa,e-visa,visa-free,90,90,180,visa-on-arrival,visa-required,eta,e-visa,visa-on-arrival,30,visa-on-arrival,freedom-of-movement,visa-required,eta,visa-required,visa-required,visa-on-arrival,visa-required,freedom-of-movement,90,eta,e-visa,90,90,90,90,e-visa,e-visa,90,90,90,visa-on-arrival,visa-required,visa-required,visa-required,visa-required,visa-required,90,e-visa,90,90,30,90,visa-required,30,visa-on-arrival,visa-required,visa-required,e-visa,visa-on-arrival,90,90,visa-on-arrival,visa-required,visa-required,visa-required,90,183,eta,30,e-visa,90,visa-free,90,visa-on-arrival,visa-required,e-visa,90,90,90,30,e-visa,visa-on-arrival,visa-on-arrival,visa-required,90,30,90,90,visa-on-arrival,90,visa-on-arrival,e-visa,180,e-visa,e-visa,visa-required,e-visa,30,visa-required,e-visa,e-visa,e-visa,visa-on-arrival,visa-required,visa-required,visa-required,e-visa,180,visa-on-arrival,visa-required,90,90,90,visa-required,90,30,90,freedom-of-movement,90,30,30,visa-on-arrival,90,visa-required,visa-required,90,90
GE,90,90,e-visa,180,90,180,visa-required,90,90,e-visa,90,90,28,visa-on-arrival,90,e-visa,90,visa-on-arrival,visa-on-arrival,e-visa,visa-required,visa-on-arrival,90,90,e-visa,e-visa,90,visa-required,visa-required,e-visa,visa-required,visa-required,90,e-visa,90,e-visa,30,90,visa-required,e-visa,visa-on-arrival,90,90,90,e-visa,90,21,60,visa-required,90,90,visa-on-arrival,visa-required,90,e-visa,90,120,30,visa-required,e-visa,visa-required,90,,visa-required,visa-required,e-visa,e-visa,90,visa-required,visa-on-arrival,visa-required,30,visa-required,90,90,90,e-visa,visa-required,eta,e-visa,e-visa,45,90,90,visa-on-arrival,visa-on-arrival,visa-required,eta,90,visa-on-arrival,visa-required,visa-on-arrival,eta,visa-required,visa-required,visa-on-arrival,90,visa-on-arrival,visa-on-arrival,42,90,visa-on-arrival,visa-required,e-visa,90,90,90,e-visa,visa-required,90,90,90,visa-on-arrival,visa-on-arrival,90,visa-required,e-visa,visa-required,visa-on-arrival,e-visa,90,90,visa-on-arrival,visa-on-arrival,visa-required,30,visa-on-arrival,visa-required,visa-required,e-visa,visa-on-arrival,visa-required,90,visa-on-arrival,visa-required,visa-required,14,90,90,e-visa,visa-required,e-visa,90,visa-free,90,visa-on-arrival,90,30,90,90,90,visa-on-arrival,visa-on-arrival,visa-required,90,visa-required,90,e-visa,90,90,e-visa,90,visa-required,e-visa,90,e-visa,e-visa,visa-required,visa-on-arrival,visa-required,visa-required,e-visa,60,visa-free,visa-on-arrival,visa-required,30,visa-required,90,visa-required,visa-on-arrival,visa-required,visa-on-arrival,90,visa-on-arrival,visa-required,90,visa-free,90,90,e-visa,e-visa,visa-required,90,visa-required,visa-required,visa-required,visa-on-arrival,visa-on-arrival
GH,visa-required,e-visa,e-visa,e-visa,e-visa,visa-required,e-visa,visa-required,visa-required,visa-required,visa-required,visa-required,180,90,visa-required,visa-free,visa-required,e-visa,visa-on-arrival,90,visa-required,e-visa,visa-required,90,e-visa,visa-free,visa-required,visa-free,visa-required,e-visa,visa-required,visa-required,visa-required,90,visa-required,e-visa,visa-required,e-visa,visa-required,visa-required,90,visa-required,visa-required,visa-required,e-visa,visa-required,180,visa-required,visa-required,e-visa,visa-required,visa-required,visa-required,visa-required,visa-on-arrival,visa-required,120,30,visa-required,e-visa,visa-required,90,e-visa,,90,visa-free,e-visa,visa-required,visa-required,90,90,e-visa,visa-required,visa-required,90,visa-required,visa-required,visa-required,visa-required,e-visa,e-visa,visa-on-arrival,visa-required,visa-required,visa-free,visa-on-arrival,visa-required,90,e-visa,visa-on-arrival,90,visa-on-arrival,eta,visa-required,visa-required,visa-required,e-visa,visa-required,visa-on-arrival,visa-on-arrival,visa-required,visa-required,visa-free,e-visa,visa-required,visa-required,visa-required,e-visa,eta,visa-required,e-visa,visa-required,visa-on-arrival,visa-required,visa-required,visa-free,e-visa,e-visa,visa-on-arrival,e-visa,visa-required,90,visa-on-arrival,90,visa-required,e-visa,30,visa-on-arrival,visa-free,visa-free,visa-on-arrival,visa-required,visa-required,visa-required,visa-required,visa-required,e-visa,visa-required,visa-required,e-visa,30,eta,visa-required,visa-free,visa-required,visa-on-arrival,visa-required,e-visa,visa-required,visa-required,visa-required,90,visa-required,visa-required,90,visa-required,visa-required,30,visa-required,visa-required,visa-free,visa-required,90,e-visa,e-visa,e-visa,e-visa,e-visa,e-visa,30,e-visa,visa-free,e-visa,e-visa,visa-on-arrival,visa-required,visa-required,visa-required,visa-required,visa-free,visa-on-arrival,visa-required,90,visa-required,90,visa-required,visa-required,e-visa,visa-required,30,visa-required,e-visa,120,60,visa-required,visa-required,90,visa-on-arrival,90
GM,visa-required,visa-required,e-visa,e-visa,e-visa,visa-required,visa-required,visa-required,visa-required,visa-required,visa-required,visa-required,180,90,visa-required,visa-free,visa-required,e-visa,visa-on-arrival,90,visa-required,visa-on-arrival,visa-required,90,visa-required,90,visa-required,visa-free,visa-required,visa-required,visa-required,visa-required,visa-required,90,visa-required,visa-required,visa-required,visa-required,visa-required,e-visa,90,visa-required,visa-required,visa-required,e-visa,visa-required,180,visa-required,visa-required,visa-required,visa-required,visa-required,visa-required,visa-required,visa-on-arrival,visa-required,120,30,visa-required,e-visa,visa-required,90,visa-required,90,,visa-free,e-visa,visa-required,visa-required,visa-free,visa-required,visa-required,visa-required,visa-required,90,visa-required,visa-required,visa-required,visa-required,e-visa,visa-required,visa-on-arrival,visa-required,visa-required,visa-free,visa-required,visa-required,eta,e-visa,visa-on-arrival,90,visa-on-arrival,90,visa-required,visa-required,visa-required,e-visa,visa-on-arrival,visa-required,visa-on-arrival,visa-required,visa-on-arrival,visa-free,90,visa-required,visa-required,visa-required,visa-required,visa-required,visa-required,visa-required,visa-required,visa-on-arrival,visa-required,visa-required,visa-free,visa-required,e-visa,visa-on-arrival,90,visa-required,180,visa-on-arrival,90,visa-required,30,visa-on-arrival,visa-on-arrival,visa-free,visa-free,visa-on-arrival,visa-required,visa-required,visa-on-arrival,visa-required,visa-required,visa-required,visa-required,visa-required,visa-required,30,eta,visa-required,visa-free,visa-required,visa-on-arrival,visa-required,e-visa,visa-required,visa-required,visa-required,visa-on-arrival,visa-required,visa-required,90,visa-required,visa-required,30,visa-required,visa-required,visa-free,visa-required,90,visa-on-arrival,e-visa,e-visa,e-visa,visa-required,visa-required,visa-on-arrival,visa-required,visa-free,visa-required,visa-required,visa-on-arrival,visa-required,90,visa-required,visa-required,visa-free,visa-on-arrival,visa-required,90,visa-required,90,visa-required,visa-required,visa-required,visa-required,90,visa-required,e-visa,30,60,visa-required,visa-required,visa-required,e-visa,e-visa
GN,visa-required,e-visa,e-visa,e-visa,e-visa,visa-required,visa-required,visa-required,visa-required,visa-required,visa-required,visa-required,90,90,visa-required,visa-free,visa-required,e-visa,visa-on-arrival,90,visa-required,visa-on-arrival,visa-required,e-visa,e-visa,e-visa,visa-required,visa-required,visa-required,e-visa,visa-required,visa-required,visa-required,90,visa-required,e-visa,visa-required,e-visa,visa-required,visa-required,30,visa-required,visa-required,visa-required,e-visa,visa-required,21,visa-required,visa-required,e-visa,visa-required,visa-on-arrival,visa-required,visa-required,visa-on-arrival,visa-required,visa-required,30,visa-required,e-visa,visa-required,visa-required,visa-required,90,90,,e-visa,visa-required,visa-required,visa-free,visa-required,14,visa-required,visa-required,90,visa-required,e-visa,visa-required,visa-required,e-visa,e-visa,visa-on-arrival,visa-required,visa-required,visa-required,visa-required,visa-required,eta,e-visa,visa-on-arrival,visa-required,visa-on-arrival,e-visa,visa-required,visa-required,visa-required,e-visa,visa-on-arrival,visa-required,visa-on-arrival,visa-required,eta,visa-free,e-visa,visa-required,visa-required,visa-required,e-visa,eta,visa-required,e-visa,visa-required,visa-on-arrival,visa-required,visa-required,visa-free,e-visa,e-visa,visa-on-arrival,e-visa,visa-required,visa-on-arrival,visa-on-arrival,visa-on-arrival,visa-required,30,visa-on-arrival,visa-on-arrival,visa-free,visa-free,visa-on-arrival,visa-required,visa-required,visa-on-arrival,visa-required,visa-required,visa-required,visa-required,visa-required,e-visa,30,e-visa,visa-required,visa-free,visa-required,visa-on-arrival,visa-required,e-visa,visa-required,visa-required,visa-required,90,visa-required,visa-required,90,visa-required,visa-required,30,visa-required,visa-required,visa-free,visa-required,90,e-visa,e-visa,e-visa,e-visa,e-visa,e-visa,visa-required,e-visa,visa-free,e-visa,e-visa,visa-on-arrival,visa-required,90,visa-required,visa-required,visa-required,visa-on-arrival,visa-required,e-visa,visa-required,e-visa,visa-required,visa-required,visa-required,visa-required,30,visa-required,e-visa,visa-required,60,visa-required,visa-required,e-visa,e-visa,e-visa
GQ,visa-required,e-visa,e-visa,e-visa,e-visa,visa-required,e-visa,visa-required,visa-required,visa-required,visa-required,visa-required,90,visa-on-arrival,visa-required,e-visa,visa-required,e-visa,visa-on-arrival,90,visa-required,visa-on-arrival,visa-required,e-visa,e-visa,e-visa,visa-required,visa-required,visa-required,e-visa,90,90,visa-required,e-visa,visa-required,90,visa-required,e-visa,visa-required,e-visa,visa-on-arrival,visa-required,visa-required,visa-required,e-visa,visa-required,21,visa-required,visa-required,90,visa-required,visa-required,visa-required,visa-required,visa-on-arrival,visa-required,visa-required,30,visa-required,90,visa-required,visa-required,e-visa,visa-on-arrival,90,e-visa,,visa-required,visa-required,visa-on-arrival,visa-required,14,visa-required,visa-required,90,visa-required,e-visa,visa-required,visa-required,e-visa,e-visa,visa-on-arrival,visa-required,visa-required,visa-required,visa-required,visa-required,eta,e-visa,visa-on-arrival,visa-required,visa-on-arrival,e-visa,visa-required,visa-required,visa-required,visa-required,visa-on-arrival,visa-required,visa-on-arrival,visa-required,eta,e-visa,e-visa,visa-required,visa-required,visa-required,e-visa,visa-required,visa-required,e-visa,visa-required,visa-on-arrival,visa-required,visa-required,visa-required,visa-required,e-visa,visa-on-arrival,e-visa,visa-required,visa-on-arrival,visa-on-arrival,visa-on-arrival,visa-required,e-visa,visa-on-arrival,visa-on-arrival,visa-required,visa-on-arrival,visa-on-arrival,visa-required,visa-required,visa-on-arrival,visa-required,visa-required,e-visa,visa-required,visa-required,e-visa,30,e-visa,visa-required,visa-free,visa-required,visa-on-arrival,visa-required,e-visa,visa-required,visa-required,visa-required,30,visa-required,visa-required,90,visa-required,visa-required,30,visa-required,visa-required,e-visa,visa-required,visa-on-arrival,e-visa,e-visa,e-visa,15,e-visa,e-visa,visa-required,90,e-visa,e-visa,e-visa,visa-on-arrival,visa-required,90,visa-required,visa-required,visa-required,visa-on-arrival,visa-required,90,visa-required,e-visa,visa-required,visa-required,visa-required,visa-required,30,visa-required,e-visa,visa-required,visa-on-arrival,visa-required,visa-required,visa-required,e-visa,visa-on-arrival
GR,visa-free,90,e-visa,90,90,180,30,90,visa-free,90,e-visa,90,90,visa-on-arrival,visa-free,e-visa,visa-free,visa-on-arrival,visa-on-arrival,e-visa,90,90,90,90,e-visa,90,30,30,eta,e-visa,visa-required,visa-required,visa-free,e-visa,90,e-visa,30,90,90,e-visa,30,visa-free,visa-free,visa-free,visa-on-arrival,visa-free,90,90,visa-required,90,visa-free,visa-on-arrival,visa-required,visa-free,visa-on-arrival,visa-free,120,90,visa-free,e-visa,eta,90,365,visa-required,90,e-visa,e-visa,,90,visa-on-arrival,90,90,90,visa-free,90,visa-free,visa-on-arrival,visa-free,eta,e-visa,e-visa,e-visa,visa-free,visa-free,30,visa-on-arrival,90,eta,60,visa-on-arrival,90,visa-on-arrival,eta,visa-required,90,visa-on-arrival,30,visa-on-arrival,visa-on-arrival,90,visa-free,eta,e-visa,14,visa-free,visa-free,visa-free,e-visa,90,visa-free,90,90,visa-on-arrival,90,90,visa-required,e-visa,30,90,e-visa,visa-free,90,visa-on-arrival,visa-on-arrival,180,90,visa-on-arrival,visa-on-arrival,visa-required,e-visa,90,visa-free,visa-free,visa-on-arrival,visa-required,90,14,90,90,e-visa,30,e-visa,visa-free,visa-free,visa-free,90,90,90,visa-free,90,e-visa,30,visa-on-arrival,90,eta,visa-required,visa-free,90,visa-free,visa-free,visa-on-arrival,visa-free,90,e-visa,90,e-visa,15,90,visa-on-arrival,30,e-visa,e-visa,60,30,90,visa-required,30,90,90,90,90,90,visa-on-arrival,90,e-visa,90,90,30,visa-free,90,90,e-visa,90,90,90,visa-required,90,30,visa-on-arrival
GT,90,visa-required,e-visa,e-visa,90,visa-on-arrival,e-visa,90,90,visa-required,e-visa,90,90,visa-on-arrival,90,e-visa,90,visa-on-arrival,visa-on-arrival,e-visa,visa-required,visa-on-arrival,90,90,e-visa,visa-required,10,90,visa-required,visa-required,visa-required,visa-required,90,e-visa,90,visa-required,visa-required,180,90,visa-required,visa-on-arrival,90,90,90,e-visa,90,180,90,visa-required,90,90,visa-required,visa-required,90,e-visa,90,visa-required,30,90,e-visa,eta,visa-required,e-visa,visa-required,visa-required,visa-required,visa-required,90,,visa-on-arrival,visa-required,30,90,90,90,90,visa-on-arrival,90,eta,e-visa,visa-required,visa-free,90,90,30,visa-on-arrival,90,e-visa,e-visa,visa-on-arrival,90,visa-on-arrival,90,visa-required,eta,visa-required,e-visa,visa-on-arrival,visa-required,visa-on-arrival,90,visa-on-arrival,visa-required,e-visa,90,90,90,visa-required,e-visa,90,90,90,visa-on-arrival,visa-on-arrival,90,visa-required,e-visa,e-visa,visa-on-arrival,visa-on-arrival,90,90,visa-on-arrival,visa-on-arrival,visa-required,30,visa-on-arrival,visa-required,visa-required,visa-required,90,90,90,visa-on-arrival,visa-required,visa-required,visa-required,180,90,visa-required,30,e-visa,90,visa-free,90,visa-on-arrival,90,e-visa,90,visa-required,90,visa-on-arrival,visa-required,visa-required,90,visa-required,90,30,90,90,visa-required,90,visa-on-arrival,visa-on-arrival,90,e-visa,e-visa,180,visa-required,visa-required,visa-required,visa-on-arrival,60,e-visa,visa-on-arrival,visa-required,visa-required,visa-required,90,90,visa-on-arrival,90,visa-on-arrival,visa-required,visa-on-arrival,visa-required,90,30,90,90,visa-required,30,visa-required,visa-on-arrival,90,visa-required,visa-required,90,visa-on-arrival
GW,visa-required,visa-required,e-visa,e-visa,e-visa,visa-required,e-visa,visa-required,visa-required,visa-required,visa-required,visa-required,90,90,visa-required,visa-free,visa-required,e-visa,visa-on-arrival,90,visa-required,e-visa,visa-required,e-visa,e-visa,e-visa,visa-required,visa-required,visa-required,e-visa,visa-required,visa-required,visa-required,90,visa-required,e-visa,visa-required,e-visa,visa-required,e-visa,visa-free,visa-required,visa-required,visa-required,e-visa,visa-required,21,visa-required,visa-required,90,visa-required,visa-required,visa-required,visa-required,visa-on-arrival,visa-required,visa-required,30,visa-required,e-visa,visa-required,visa-required,e-visa,90,90,visa-free,e-visa,visa-required,visa-required,,visa-required,e-visa,visa-required,visa-required,90,visa-required,visa-required,visa-required,visa-required,visa-required,e-visa,visa-on-arrival,visa-required,visa-required,visa-required,visa-required,visa-required,60,e-visa,visa-on-arrival,visa-required,visa-on-arrival,e-visa,visa-required,visa-required,visa-required,e-visa,visa-required,visa-required,visa-on-arrival,visa-required,eta,visa-free,e-visa,visa-required,visa-required,visa-required,e-visa,visa-required,visa-required,e-visa,visa-required,visa-on-arrival,visa-required,visa-required,visa-free,visa-required,e-visa,visa-on-arrival,e-visa,visa-required,visa-on-arrival,visa-on-arrival,visa-on-arrival,visa-required,e-visa,visa-on-arrival,visa-on-arrival,visa-free,visa-free,visa-on-arrival,visa-required,visa-required,visa-on-arrival,visa-required,visa-required,visa-required,visa-required,visa-required,e-visa,30,e-visa,visa-required,visa-free,visa-required,visa-on-arrival,visa-required,e-visa,visa-required,visa-required,visa-required,30,visa-required,visa-required,90,visa-required,visa-required,30,visa-required,visa-required,visa-free,visa-required,90,e-visa,e-visa,e-visa,15,e-visa,e-visa,visa-required,e-visa,visa-free,e-visa,e-visa,visa-on-arrival,visa-required,90,visa-required,visa-required,e-visa,visa-on-arrival,visa-required,e-visa,visa-required,e-visa,visa-required,visa-required,visa-required,visa-required,30,visa-required,e-visa,e-visa,visa-on-arrival,visa-required,visa-required,visa-required,e-visa,e-visa
GY,visa-required,90,visa-required,180,e-visa,e-visa,30,90,visa-required,visa-required,visa-required,visa-required,180,visa-on-arrival,visa-required,e-visa,visa-required,visa-on-arrival,visa-on-arrival,e-visa,visa-required,visa-on-arrival,90,90,e-visa,90,visa-required,180,visa-required,e-visa,visa-required,visa-required,visa-required,e-visa,90,e-visa,visa-required,90,30,e-visa,visa-on-arrival,visa-required,visa-required,visa-required,e-visa,visa-required,180,30,visa-required,90,visa-required,visa-on-arrival,visa-required,visa-required,e-visa,visa-required,120,30,visa-required,e-visa,eta,180,e-visa,90,90,e-visa,e-visa,visa-required,visa-required,visa-on-arrival,,90,visa-required,visa-required,90,visa-required,visa-required,90,visa-required,e-visa,e-visa,visa-on-arrival,visa-required,visa-required,180,visa-on-arrival,visa-required,eta,e-visa,visa-on-arrival,90,visa-on-arrival,180,visa-required,eta,visa-required,e-visa,visa-on-arrival,visa-required,180,visa-required,eta,e-visa,90,visa-required,visa-required,visa-required,e-visa,visa-required,visa-required,e-visa,visa-required,visa-on-arrival,visa-required,visa-required,visa-required,visa-required,e-visa,visa-on-arrival,e-visa,visa-required,visa-required,visa-on-arrival,visa-required,visa-required,30,visa-on-arrival,e-visa,visa-required,e-visa,visa-on-arrival,90,visa-required,visa-on-arrival,visa-required,visa-required,visa-required,90,90,eta,30,e-visa,visa-required,visa-free,visa-required,visa-on-arrival,visa-required,30,visa-required,visa-required,90,30,visa-required,visa-on-arrival,90,visa-required,visa-required,30,visa-required,visa-required,visa-on-arrival,visa-required,visa-required,e-visa,180,e-visa,e-visa,visa-required,e-visa,30,e-visa,e-visa,e-visa,e-visa,visa-on-arrival,visa-required,visa-required,visa-required,visa-required,180,visa-on-arrival,visa-required,visa-on-arrival,visa-required,e-visa,visa-required,90,e-visa,visa-required,180,e-visa,visa-free,30,60,90,visa-required,30,visa-on-arrival,visa-on-arrival
HK,90,30,visa-required,30,90,180,visa-on-arrival,90,90,eta,30,90,30,visa-required,90,e-visa,90,visa-on-arrival,visa-on-arrival,14,14,e-visa,90,90,e-visa,90,30,visa-free,eta,e-visa,visa-required,visa-required,90,eta,90,e-visa,visa-free,90,visa-required,e-visa,90,90,90,90,visa-on-arrival,90,180,30,90,90,90,90,visa-required,90,visa-on-arrival,90,120,30,90,e-visa,eta,90,30,visa-required,visa-required,e-visa,e-visa,90,90,visa-on-arrival,30,,visa-required,90,90,90,30,90,eta,visa-required,e-visa,21,90,90,30,visa-on-arrival,90,eta,30,visa-on-arrival,90,visa-on-arrival,eta,visa-required,90,visa-on-arrival,14,visa-on-arrival,visa-on-arrival,42,90,visa-on-arrival,e-visa,90,90,90,90,e-visa,30,90,90,90,visa-on-arrival,visa-required,90,90,visa-on-arrival,14,visa-free,e-visa,90,90,visa-on-arrival,30,180,30,visa-on-arrival,90,14,e-visa,90,90,90,visa-on-arrival,visa-required,eta,visa-on-arrival,90,180,eta,14,visa-required,90,visa-free,90,visa-on-arrival,visa-required,visa-on-arrival,90,14,14,visa-on-arrival,visa-on-arrival,visa-required,90,visa-required,90,30,90,90,e-visa,90,visa-required,e-visa,90,e-visa,e-visa,e-visa,e-visa,visa-required,e-visa,e-visa,60,e-visa,visa-on-arrival,visa-required,90,visa-on-arrival,90,visa-free,visa-on-arrival,visa-on-arrival,90,14,90,visa-required,90,10,90,90,90,e-visa,120,visa-on-arrival,90,30,30,90,180
HN,90,90,e-visa,e-visa,90,visa-on-arrival,e-visa,90,90,visa-required,e-visa,90,90,visa-required,90,visa-required,90,e-visa,visa-on-arrival,visa-on-arrival,visa-required,90,90,90,e-visa,visa-required,visa-required,30,visa-required,visa-required,visa-required,visa-required,90,visa-required,90,e-visa,visa-required,180,90,e-visa,visa-on-arrival,90,90,90,e-visa,90,180,90,visa-required,90,90,visa-on-arrival,visa-required,90,e-visa,90,visa-required,30,90,e-visa,visa-required,visa-required,365,visa-required,visa-required,e-visa,e-visa,90,90,visa-on-arrival,visa-required,30,,90,90,90,visa-required,visa-required,eta,e-visa,visa-required,e-visa,90,90,visa-required,visa-on-arrival,90,e-visa,e-visa,visa-on-arrival,90,visa-on-arrival,90,visa-required,eta,visa-required,e-visa,visa-on-arrival,visa-required,visa-on-arrival,90,visa-on-arrival,visa-required,e-visa,90,90,90,visa-required,e-visa,90,90,90,visa-on-arrival,visa-on-arrival,90,visa-required,visa-required,e-visa,visa-on-arrival,visa-on-arrival,90,visa-on-arrival,visa-on-arrival,visa-on-arrival,visa-required,30,visa-on-arrival,visa-required,visa-required,visa-required,90,90,90,visa-on-arrival,visa-required,visa-required,14,180,90,visa-required,30,e-visa,90,visa-free,90,visa-on-arrival,90,e-visa,90,visa-required,90,visa-on-arrival,visa-required,visa-required,90,visa-required,90,30,90,90,visa-required,90,visa-on-arrival,visa-on-arrival,eta,e-visa,e-visa,90,visa-required,visa-required,visa-required,visa-on-arrival,visa-required,e-visa,visa-on-arrival,visa-required,90,visa-required,90,90,visa-on-arrival,90,visa-on-arrival,visa-required,visa-on-arrival,visa-required,90,30,visa-free,90,visa-required,e-visa,visa-required,60,90,visa-required,visa-required,visa-on-arrival,visa-on-arrival
HR,visa-free,90,e-visa,180,90,180,30,90,freedom-of-movement,eta,e-visa,90,90,visa-on-arrival,freedom-of-movement,e-visa,freedom-of-movement,visa-on-arrival,visa-on-arrival,e-visa,90,90,90,90,e-visa,90,30,visa-free,eta,e-visa,visa-required,visa-required,freedom-of-movement,e-visa,90,e-visa,30,90,90,e-visa,30,freedom-of-movement,freedom-of-movement,freedom-of-movement,visa-on-arrival,freedom-of-movement,90,30,visa-required,90,freedom-of-movement,visa-on-arrival,visa-required,freedom-of-movement,visa-on-arrival,freedom-of-movement,120,90,freedom-of-movement,e-visa,eta,90,365,e-visa,90,e-visa,e-visa,freedom-of-movement,90,visa-on-arrival,e-visa,90,90,,90,freedom-of-movement,visa-on-arrival,freedom-of-movement,eta,e-visa,e-visa,15,freedom-of-movement,freedom-of-movement,visa-on-arrival,visa-on-arrival,90,eta,60,visa-on-arrival,90,visa-on-arrival,eta,visa-required,90,visa-on-arrival,30,visa-on-arrival,visa-on-arrival,90,freedom-of-movement,eta,e-visa,14,freedom-of-movement,freedom-of-movement,freedom-of-movement,e-visa,90,visa-free,90,90,visa-on-arrival,90,90,visa-required,e-visa,30,90,e-visa,freedom-of-movement,180,visa-on-arrival,visa-on-arrival,180,90,visa-on-arrival,visa-on-arrival,visa-required,e-visa,e-visa,freedom-of-movement,freedom-of-movement,visa-on-arrival,visa-required,eta,14,90,90,eta,30,e-visa,freedom-of-movement,visa-free,freedom-of-movement,90,90,90,freedom-of-movement,90,e-visa,visa-on-arrival,visa-on-arrival,90,eta,visa-required,freedom-of-movement,90,freedom-of-movement,freedom-of-movement,visa-on-arrival,visa-free,90,e-visa,90,e-visa,15,90,e-visa,30,e-visa,e-visa,60,30,90,visa-required,90,90,90,90,90,90,visa-on-arrival,90,e-visa,90,90,30,visa-free,90,90,45,90,90,90,visa-required,90,90,visa-on-arrival
HT,visa-required,e-visa,e-visa,e-visa,e-visa,e-visa,30,visa-required,visa-required,visa-required,visa-required,visa-required,visa-required,visa-on-arrival,visa-required,e-visa,visa-required,e-visa,visa-on-arrival,90,visa-required,visa-on-arrival,visa-required,visa-required,e-visa,e-visa,visa-required,visa-required,visa-required,e-visa,visa-required,visa-required,visa-required,e-visa,visa-required,e-visa,visa-required,e-visa,visa-required,e-visa,visa-on-arrival,visa-required,visa-required,visa-required,e-visa,visa-required,visa-required,visa-required,visa-required,e-visa,visa-required,visa-on-arrival,visa-required,visa-required,e-visa,visa-required,visa-required,30,visa-required,e-visa,visa-required,90,e-visa,visa-required,90,e-visa,e-visa,visa-required,visa-required,visa-on-arrival,visa-required,14,visa-required,visa-required,,visa-required,visa-required,visa-required,eta,e-visa,e-visa,visa-on-arrival,visa-required,visa-required,visa-required,visa-on-arrival,visa-required,eta,e-visa,visa-on-arrival,90,visa-on-arrival,e-visa,visa-required,eta,visa-required,e-visa,visa-on-arrival,visa-required,visa-required,visa-required,eta,e-visa,e-visa,visa-required,visa-required,visa-required,e-visa,visa-required,visa-required,e-visa,visa-required,visa-on-arrival,visa-required,visa-required,visa-required,visa-required,e-visa,visa-on-arrival,e-visa,visa-required,visa-on-arrival,visa-on-arrival,visa-on-arrival,visa-required,30,visa-on-arrival,e-visa,visa-required,e-visa,visa-required,visa-required,visa-required,visa-on-arrival,visa-required,visa-required,e-visa,visa-required,visa-required,e-visa,30,e-visa,visa-required,visa-free,visa-required,visa-on-arrival,visa-required,e-visa,visa-required,visa-required,visa-required,90,visa-required,visa-required,90,visa-required,visa-required,30,visa-required,visa-required,e-visa,visa-required,visa-on-arrival,e-visa,visa-required,e-visa,e-visa,e-visa,e-visa,visa-required,e-visa,e-visa,e-visa,visa-required,visa-on-arrival,visa-required,visa-required,visa-required,visa-required,visa-required,visa-on-arrival,e-visa,visa-on-arrival,e-visa,visa-on-arrival,visa-required,visa-required,visa-required,visa-required,visa-required,e-visa,e-visa,visa-required,60,visa-required,visa-required,visa-required,visa-on-arrival,visa-on-arrival
HU,90,90,e-visa,180,90,180,30,90,visa-free,90,e-visa,90,90,visa-on-arrival,visa-free,e-visa,visa-free,visa-on-arrival,visa-on-arrival,e-visa,90,90,90,90,e-visa,90,10,visa-free,eta,e-visa,visa-required,visa-required,visa-free,e-visa,90,e-visa,30,90,180,e-visa,30,visa-free,visa-free,visa-free,visa-on-arrival,visa-free,90,90,visa-required,90,visa-free,visa-on-arrival,visa-required,visa-free,visa-on-arrival,visa-free,120,90,visa-free,e-visa,eta,90,365,visa-required,90,e-visa,e-visa,visa-free,90,visa-on-arrival,e-visa,90,90,visa-free,90,,visa-on-arrival,visa-free,eta,e-visa,e-visa,visa-free,visa-free,visa-free,30,visa-on-arrival,90,eta,60,visa-on-arrival,90,visa-on-arrival,eta,visa-required,90,visa-on-arrival,30,visa-on-arrival,visa-on-arrival,90,visa-free,eta,e-visa,14,visa-free,visa-free,visa-free,e-visa,90,visa-free,90,90,visa-on-arrival,90,90,visa-required,e-visa,30,90,e-visa,visa-free,180,visa-on-arrival,visa-on-arrival,180,90,visa-on-arrival,visa-on-arrival,visa-required,e-visa,90,90,visa-free,visa-on-arrival,visa-required,90,14,90,90,e-visa,30,e-visa,visa-free,visa-free,visa-free,90,90,90,visa-free,90,e-visa,visa-on-arrival,visa-on-arrival,90,eta,visa-required,visa-free,90,visa-free,visa-free,visa-on-arrival,visa-free,90,e-visa,90,e-visa,15,180,visa-on-arrival,30,e-visa,e-visa,60,30,90,visa-required,90,90,90,90,90,90,visa-on-arrival,90,e-visa,90,90,30,visa-free,90,90,30,90,90,90,visa-required,90,30,visa-on-arrival
ID,eta,visa-required,e-visa,30,e-visa,visa-on-arrival,30,visa-required,visa-required,visa-required,visa-on-arrival,visa-required,90,visa-on-arrival,visa-required,e-visa,visa-required,visa-on-arrival,visa-on-arrival,e-visa,14,visa-required,30,e-visa,e-visa,e-visa,30,visa-required,visa-required,e-visa,visa-required,visa-required,visa-required,e-visa,60,e-visa,30,90,visa-required,e-visa,visa-required,visa-required,visa-required,visa-required,e-visa,visa-required,21,visa-required,visa-required,90,visa-required,visa-required,visa-required,visa-required,visa-on-arrival,visa-required,120,30,visa-required,e-visa,visa-required,visa-required,e-visa,visa-required,visa-required,e-visa,e-visa,visa-required,visa-required,visa-on-arrival,e-visa,30,visa-required,visa-required,90,visa-required,,visa-required,visa-required,e-visa,e-visa,15,visa-required,visa-required,visa-required,visa-on-arrival,15,eta,visa-on-arrival,30,90,visa-on-arrival,eta,visa-required,visa-required,visa-required,30,30,visa-required,visa-required,visa-required,eta,e-visa,visa-required,visa-required,visa-required,visa-required,e-visa,90,visa-required,visa-required,visa-required,visa-on-arrival,visa-on-arrival,visa-required,30,14,e-visa,30,e-visa,visa-required,visa-on-arrival,visa-on-arrival,visa-on-arrival,visa-required,30,eta,90,visa-required,e-visa,visa-required,visa-required,visa-required,visa-on-arrival,visa-required,visa-required,14,visa-required,90,visa-on-arrival,30,e-visa,visa-required,visa-free,visa-required,visa-on-arrival,visa-on-arrival,30,visa-required,30,e-visa,90,visa-required,visa-required,90,visa-required,visa-required,30,visa-required,visa-required,visa-on-arrival,visa-required,visa-required,e-visa,90,e-visa,e-visa,visa-required,e-visa,visa-required,e-visa,e-visa,60,30,30,visa-required,30,visa-required,30,e-visa,visa-on-arrival,visa-required,visa-on-arrival,e-visa,e-visa,visa-required,visa-required,30,visa-required,90,90,14,e-visa,visa-on-arrival,visa-required,visa-required,eta,e-visa,visa-on-arrival
IE,visa-free,30,e-visa,90,90,180,30,90,freedom-of-movement,eta,e-visa,90,180,visa-on-arrival,freedom-of-movement,visa-on-arrival,freedom-of-movement,visa-on-arrival,visa-on-arrival,e-visa,90,90,90,90,e-visa,90,15,visa-free,eta,e-visa,visa-required,visa-required,freedom-of-movement,e-visa,90,e-visa,30,90,90,e-visa,30,freedom-of-movement,freedom-of-movement,freedom-of-movement,e-visa,freedom-of-movement,180,30,visa-required,90,freedom-of-movement,visa-on-arrival,visa-required,freedom-of-movement,visa-on-arrival,freedom-of-movement,120,30,freedom-of-movement,e-visa,freedom-of-movement,90,365,visa-required,90,e-visa,e-visa,freedom-of-movement,90,visa-on-arrival,90,90,90,freedom-of-movement,90,freedom-of-movement,visa-on-arrival,,eta,e-visa,visa-on-arrival,visa-free,freedom-of-movement,freedom-of-movement,90,visa-on-arrival,90,eta,60,visa-on-arrival,30,visa-on-arrival,eta,visa-required,eta,visa-on-arrival,30,visa-on-arrival,visa-on-arrival,42,freedom-of-movement,visa-on-arrival,visa-required,90,freedom-of-movement,freedom-of-movement,freedom-of-movement,e-visa,90,visa-free,90,90,visa-on-arrival,90,90,visa-required,e-visa,30,90,e-visa,freedom-of-movement,90,visa-on-arrival,30,180,90,e-visa,90,visa-required,e-visa,90,90,freedom-of-movement,visa-on-arrival,visa-required,eta,14,90,183,e-visa,30,e-visa,freedom-of-movement,visa-free,freedom-of-movement,visa-on-arrival,90,30,freedom-of-movement,90,e-visa,visa-on-arrival,visa-on-arrival,visa-on-arrival,90,visa-required,freedom-of-movement,90,freedom-of-movement,freedom-of-movement,visa-on-arrival,visa-free,90,e-visa,90,e-visa,15,90,visa-free,30,visa-required,e-visa,60,30,visa-on-arrival,visa-required,90,visa-on-arrival,90,visa-free,visa-on-arrival,90,visa-on-arrival,90,90,eta,90,30,visa-free,90,90,30,30,60,90,visa-required,90,30,visa-on-arrival
IL,90,90,refused,e-visa,90,visa-on-arrival,30,90,90,visa-required,visa-on-arrival,90,180,refused,90,e-visa,90,visa-on-arrival,visa-on-arrival,e-visa,refused,90,90,90,e-visa,90,90,90,eta,e-visa,90,visa-required,90,e-visa,90,e-visa,visa-required,visa-free,90,e-visa,visa-on-arrival,90,180,90,e-visa,90,180,30,refused,90,90,visa-required,visa-required,90,visa-on-arrival,90,120,30,90,e-visa,eta,90,365,visa-required,visa-required,e-visa,e-visa,90,90,visa-on-arrival,e-visa,90,90,90,90,90,visa-required,90,,e-visa,refused,refused,90,90,90,visa-on-arrival,90,eta,30,visa-on-arrival,90,visa-on-arrival,eta,visa-required,eta,refused,30,visa-on-arrival,refused,42,90,eta,e-visa,90,90,90,90,refused,e-visa,90,90,90,visa-on-arrival,90,90,visa-required,visa-on-arrival,30,90,e-visa,90,90,refused,90,180,visa-required,eta,visa-on-arrival,visa-required,e-visa,90,90,90,visa-on-arrival,visa-on-arrival,eta,refused,90,90,visa-on-arrival,60,visa-required,90,refused,90,90,90,visa-required,90,90,90,visa-on-arrival,visa-required,90,90,visa-required,90,30,90,90,visa-on-arrival,90,visa-on-arrival,e-visa,90,e-visa,e-visa,90,refused,30,e-visa,e-visa,60,visa-on-arrival,visa-on-arrival,visa-required,visa-required,90,90,90,visa-on-arrival,90,visa-on-arrival,90,e-visa,eta,91,30,90,30,e-visa,e-visa,120,visa-on-arrival,90,refused,90,30,visa-on-arrival
IN,visa-required,visa-required,e-visa,e-visa,e-visa,e-visa,30,visa-required,visa-required,freedom-of-movement,e-visa,visa-required,90,visa-required,visa-required,e-visa,visa-required,visa-on-arrival,visa-on-arrival,e-visa,visa-required,visa-on-arrival,visa-required,e-visa,freedom-of-movement,e-visa,visa-required,visa-required,visa-required,e-visa,visa-required,visa-required,visa-required,e-visa,visa-required,e-visa,visa-required,e-visa,visa-required,e-visa,visa-on-arrival,visa-required,visa-required,visa-required,visa-on-arrival,visa-required,60,visa-required,visa-required,e-visa,visa-required,e-visa,visa-required,visa-required,visa-on-arrival,visa-required,60,60,visa-required,e-visa,visa-required,60,e-visa,visa-required,90,e-visa,e-visa,visa-required,visa-required,visa-on-arrival,visa-on-arrival,eta,visa-required,visa-required,60,visa-required,visa-on-arrival,visa-required,e-visa,,e-visa,e-visa,visa-required,visa-required,60,visa-on-arrival,e-visa,eta,e-visa,visa-on-arrival,90,visa-on-arrival,60,visa-required,visa-required,visa-required,14,visa-on-arrival,visa-required,visa-on-arrival,visa-required,visa-on-arrival,e-visa,visa-required,visa-required,visa-required,visa-required,e-visa,e-visa,visa-required,visa-required,visa-required,visa-on-arrival,visa-on-arrival,visa-required,visa-required,visa-on-arrival,visa-on-arrival,30,e-visa,visa-required,60,90,visa-on-arrival,visa-required,visa-on-arrival,e-visa,e-visa,visa-required,e-visa,visa-required,visa-required,visa-free,freedom-of-movement,visa-on-arrival,visa-required,visa-required,visa-required,visa-required,e-visa,14,visa-required,visa-required,visa-free,visa-required,visa-on-arrival,visa-required,30,visa-required,e-visa,e-visa,30,visa-required,visa-required,visa-on-arrival,visa-required,visa-required,visa-required,visa-required,visa-required,visa-on-arrival,visa-required,90,e-visa,e-visa,e-visa,e-visa,visa-required,e-visa,visa-required,e-visa,e-visa,visa-on-arrival,e-visa,visa-on-arrival,visa-required,visa-free,visa-required,visa-required,60,visa-on-arrival,visa-required,visa-on-arrival,e-visa,e-visa,visa-required,visa-required,e-visa,visa-required,60,e-visa,e-visa,60,60,visa-required,visa-required,eta,e-visa,visa-on-arrival
IQ,visa-required,visa-required,e-visa,e-visa,e-visa,e-visa,e-visa,visa-required,visa-required,visa-required,visa-required,visa-required,visa-required,visa-required,visa-required,e-visa,visa-required,visa-on-arrival,visa-on-arrival,e-visa,visa-required,e-visa,visa-required,e-visa,e-visa,e-visa,visa-required,visa-required,visa-required,e-visa,visa-required,visa-required,visa-required,e-visa,visa-required,e-visa,visa-required,e-visa,visa-required,visa-required,visa-on-arrival,visa-required,visa-required,visa-required,e-visa,visa-required,21,visa-required,visa-required,visa-required,visa-required,e-visa,visa-required,visa-required,visa-required,visa-required,e-visa,30,visa-required,e-visa,visa-required,visa-required,visa-required,visa-required,visa-required,e-visa,e-visa,visa-required,visa-required,visa-on-arrival,visa-required,e-visa,visa-required,visa-required,90,visa-required,visa-required,visa-required,refused,visa-required,,30,visa-required,visa-required,visa-required,visa-required,visa-required,eta,e-visa,visa-on-arrival,visa-required,visa-on-arrival,e-visa,visa-required,visa-required,visa-required,visa-required,visa-required,visa-on-arrival,visa-required,visa-required,visa-on-arrival,visa-required,e-visa,visa-required,visa-required,visa-required,visa-required,visa-required,visa-required,visa-required,visa-required,visa-on-arrival,visa-required,visa-required,visa-required,visa-required,visa-required,visa-on-arrival,e-visa,visa-required,visa-required,visa-on-arrival,e-visa,visa-required,30,visa-on-arrival,visa-required,visa-required,e-visa,visa-required,visa-required,visa-required,visa-required,visa-required,visa-required,visa-required,visa-required,visa-required,e-visa,visa-required,eta,visa-required,visa-required,visa-required,visa-on-arrival,visa-required,e-visa,visa-required,visa-required,visa-required,visa-on-arrival,visa-required,visa-required,90,visa-required,visa-required,visa-required,visa-required,visa-required,e-visa,visa-required,visa-required,e-visa,90,e-visa,e-visa,visa-required,visa-free,visa-required,visa-required,e-visa,e-visa,e-visa,visa-on-arrival,visa-required,15,visa-required,visa-required,e-visa,visa-on-arrival,visa-required,visa-required,visa-required,e-visa,visa-required,visa-required,visa-required,visa-required,visa-required,e-visa,e-visa,e-visa,60,visa-required,visa-required,visa-required,90,e-visa
IR,visa-required,refused,visa-required,e-visa,visa-required,90,e-visa,visa-required,visa-required,e-visa,e-visa,visa-required,visa-required,visa-required,visa-required,e-visa,visa-required,visa-required,visa-on-arrival,e-visa,visa-required,e-visa,visa-required,e-visa,e-visa,e-visa,visa-required,visa-required,visa-required,visa-required,visa-required,visa-required,visa-required,e-visa,visa-required,e-visa,visa-required,e-visa,visa-required,e-visa,visa-required,visa-required,visa-required,visa-required,e-visa,visa-required,21,visa-required,visa-required,e-visa,visa-required,visa-required,visa-required,visa-required,e-visa,visa-required,visa-required,30,visa-required,e-visa,visa-required,visa-required,45,e-visa,visa-required,e-visa,e-visa,visa-required,visa-required,visa-on-arrival,e-visa,e-visa,visa-required,visa-required,90,visa-required,e-visa,visa-required,visa-required,visa-required,30,,visa-required,visa-required,visa-required,visa-required,visa-required,eta,e-visa,visa-on-arrival,visa-required,visa-on-arrival,e-visa,visa-required,visa-required,visa-required,14,visa-required,visa-required,visa-required,visa-required,eta,e-visa,visa-required,visa-required,visa-required,visa-required,refused,visa-required,visa-required,visa-required,visa-required,visa-on-arrival,visa-required,visa-required,visa-required,visa-required,visa-required,visa-on-arrival,e-visa,visa-required,visa-on-arrival,visa-on-arrival,e-visa,visa-required,14,visa-on-arrival,e-visa,visa-required,e-visa,visa-required,visa-required,visa-free,visa-required,visa-required,visa-required,14,visa-required,visa-required,e-visa,visa-required,e-visa,visa-required,visa-required,visa-required,visa-on-arrival,visa-required,visa-on-arrival,visa-required,e-visa,15,visa-on-arrival,visa-required,visa-required,eta,visa-required,visa-required,visa-required,visa-required,visa-required,visa-on-arrival,visa-required,visa-required,e-visa,90,e-visa,e-visa,visa-required,visa-required,visa-required,e-visa,e-visa,e-visa,30,visa-on-arrival,visa-required,15,visa-required,90,e-visa,visa-on-arrival,visa-required,e-visa,visa-required,e-visa,refused,visa-required,e-visa,visa-required,visa-required,15,15,e-visa,visa-on-arrival,visa-required,visa-required,e-visa,e-visa,visa-on-arrival
IS,visa-free,90,visa-required,180,90,180,30,90,visa-free,eta,e-visa,90,90,visa-on-arrival,visa-free,e-visa,visa-free,visa-on-arrival,visa-on-arrival,e-visa,90,90,90,240,e-visa,90,30,visa-free,eta,e-visa,visa-required,visa-required,visa-free,eta,90,e-visa,30,90,180,e-visa,30,visa-free,visa-free,visa-free,visa-on-arrival,visa-free,21,30,visa-required,90,visa-free,visa-on-arrival,visa-required,visa-free,visa-on-arrival,visa-free,120,90,visa-free,e-visa,eta,90,360,visa-required,90,e-visa,e-visa,visa-free,90,visa-on-arrival,e-visa,90,90,visa-free,90,visa-free,visa-on-arrival,visa-free,eta,e-visa,e-visa,visa-on-arrival,,visa-free,90,visa-on-arrival,90,eta,60,visa-on-arrival,90,visa-on-arrival,eta,visa-required,90,visa-on-arrival,30,visa-on-arrival,visa-on-arrival,42,visa-free,visa-on-arrival,e-visa,14,visa-free,visa-free,visa-free,e-visa,90,visa-free,90,90,visa-on-arrival,visa-on-arrival,90,visa-required,e-visa,30,90,e-visa,visa-free,90,visa-on-arrival,visa-on-arrival,180,90,visa-on-arrival,visa-on-arrival,visa-required,e-visa,90,visa-free,visa-free,visa-on-arrival,visa-required,eta,visa-on-arrival,90,90,eta,30,e-visa,visa-free,visa-free,visa-free,visa-on-arrival,90,visa-on-arrival,visa-free,90,e-visa,visa-on-arrival,visa-on-arrival,90,90,visa-required,visa-free,30,visa-free,visa-free,e-visa,visa-free,visa-on-arrival,e-visa,eta,e-visa,15,180,e-visa,visa-required,e-visa,e-visa,60,30,90,visa-required,90,90,90,90,90,90,visa-on-arrival,90,e-visa,eta,90,30,visa-free,90,90,e-visa,e-visa,visa-on-arrival,90,visa-required,90,90,visa-on-arrival
IT,90,90,e-visa,90,90,180,30,90,freedom-of-movement,eta,e-visa,90,90,visa-on-arrival,freedom-of-movement,e-visa,freedom-of-movement,visa-on-arrival,visa-on-arrival,e-visa,90,90,90,90,e-visa,90,10,90,eta,e-visa,visa-required,visa-required,freedom-of-movement,e-visa,90,e-visa,30,90,180,e-visa,30,freedom-of-movement,freedom-of-movement,freedom-of-movement,e-visa,visa-free,90,30,visa-on-arrival,90,freedom-of-movement,visa-on-arrival,visa-required,freedom-of-movement,visa-on-arrival,freedom-of-movement,120,30,90,e-visa,eta,90,365,visa-required,90,e-visa,e-visa,freedom-of-movement,90,visa-on-arrival,90,90,90,freedom-of-movement,90,freedom-of-movement,visa-on-arrival,freedom-of-movement,eta,e-visa,e-visa,visa-free,freedom-of-movement,,90,visa-on-arrival,90,eta,60,visa-on-arrival,90,visa-on-arrival,eta,visa-required,90,visa-on-arrival,30,visa-on-arrival,visa-on-arrival,90,freedom-of-movement,eta,visa-required,90,freedom-of-movement,freedom-of-movement,freedom-of-movement,e-visa,90,visa-free,90,90,visa-on-arrival,90,90,visa-required,e-visa,30,90,e-visa,freedom-of-movement,90,visa-on-arrival,visa-on-arrival,180,90,30,visa-on-arrival,visa-required,e-visa,90,90,freedom-of-movement,visa-on-arrival,visa-required,eta,14,90,183,e-visa,30,e-visa,freedom-of-movement,visa-free,freedom-of-movement,30,90,visa-on-arrival,freedom-of-movement,90,e-visa,visa-on-arrival,visa-on-arrival,45,eta,visa-required,freedom-of-movement,90,freedom-of-movement,freedom-of-movement,visa-on-arrival,visa-free,90,e-visa,90,e-visa,15,180,e-visa,30,e-visa,e-visa,60,30,90,visa-required,90,30,90,90,90,90,visa-on-arrival,90,e-visa,90,90,30,visa-free,90,90,45,90,60,90,visa-required,90,30,visa-on-arrival
JM,visa-required,e-visa,e-visa,180,e-visa,visa-on-arrival,30,30,visa-required,visa-required,e-visa,visa-required,180,90,visa-required,e-visa,visa-required,e-visa,visa-on-arrival,e-visa,visa-required,visa-on-arrival,90,90,e-visa,90,10,180,visa-required,e-visa,visa-required,visa-required,visa-required,e-visa,90,e-visa,visa-on-arrival,180,visa-required,e-visa,visa-on-arrival,visa-required,visa-required,visa-required,e-visa,visa-required,180,30,visa-required,90,visa-required,visa-on-arrival,visa-required,visa-required,e-visa,visa-required,120,30,visa-required,e-visa,visa-required,180,e-visa,60,90,e-visa,e-visa,visa-required,visa-required,visa-on-arrival,180,90,visa-required,visa-required,90,visa-required,e-visa,visa-required,eta,e-visa,e-visa,visa-free,visa-required,visa-required,,visa-on-arrival,visa-required,eta,e-visa,visa-on-arrival,90,visa-on-arrival,180,visa-required,eta,visa-required,e-visa,visa-on-arrival,visa-required,180,visa-required,visa-on-arrival,e-visa,90,visa-required,visa-required,visa-required,e-visa,visa-required,visa-required,e-visa,visa-required,visa-on-arrival,visa-required,visa-required,visa-required,e-visa,e-visa,visa-on-arrival,e-visa,visa-required,90,visa-on-arrival,90,180,30,visa-on-arrival,90,visa-free,e-visa,visa-on-arrival,visa-required,visa-required,visa-on-arrival,visa-required,visa-required,e-visa,180,180,eta,30,e-visa,visa-required,visa-free,visa-required,visa-on-arrival,visa-required,e-visa,visa-required,30,90,visa-on-arrival,visa-required,visa-required,visa-on-arrival,visa-required,visa-required,30,visa-required,visa-required,visa-on-arrival,visa-required,visa-on-arrival,e-visa,180,e-visa,e-visa,e-visa,e-visa,30,e-visa,e-visa,60,30,visa-on-arrival,visa-required,visa-required,visa-required,e-visa,180,visa-on-arrival,visa-required,90,e-visa,90,visa-required,90,30,visa-required,180,90,30,30,visa-on-arrival,visa-required,visa-required,90,90,90
JO,visa-required,e-visa,e-visa,e-visa,e-visa,visa-on-arrival,visa-required,visa-required,visa-required,visa-required,e-visa,visa-required,90,visa-required,visa-required,e-visa,visa-required,visa-on-arrival,visa-on-arrival,e-visa,visa-required,visa-on-arrival,visa-required,e-visa,e-visa,e-visa,3,visa-required,visa-required,e-visa,visa-required,visa-required,visa-required,e-visa,visa-required,e-visa,visa-required,e-visa,visa-required,e-visa,visa-on-arrival,visa-required,visa-required,visa-required,visa-on-arrival,visa-required,21,visa-required,visa-required,90,visa-required,90,visa-required,visa-required,visa-on-arrival,visa-required,visa-required,30,visa-required,e-visa,visa-required,visa-required,365,visa-required,visa-required,e-visa,e-visa,visa-required,visa-required,visa-on-arrival,visa-required,30,visa-required,visa-required,90,visa-required,visa-on-arrival,visa-required,e-visa,e-visa,e-visa,14,visa-required,visa-required,visa-required,,visa-required,eta,e-visa,visa-on-arrival,visa-required,visa-on-arrival,eta,visa-required,visa-required,visa-required,visa-required,visa-required,180,visa-required,visa-required,eta,visa-required,e-visa,visa-required,visa-required,visa-required,visa-on-arrival,e-visa,visa-required,e-visa,visa-required,visa-on-arrival,visa-required,visa-required,visa-required,e-visa,visa-required,visa-on-arrival,e-visa,visa-required,visa-on-arrival,visa-on-arrival,visa-on-arrival,visa-required,90,visa-on-arrival,visa-required,visa-required,e-visa,visa-on-arrival,visa-required,visa-required,visa-on-arrival,visa-required,visa-required,14,visa-required,visa-required,e-visa,visa-required,e-visa,visa-required,visa-required,visa-required,visa-on-arrival,visa-required,e-visa,visa-required,visa-required,30,90,visa-required,visa-required,90,visa-required,visa-required,e-visa,visa-required,visa-required,e-visa,visa-required,visa-required,e-visa,90,e-visa,e-visa,e-visa,visa-free,visa-required,e-visa,e-visa,60,30,visa-on-arrival,visa-required,90,visa-required,90,e-visa,visa-on-arrival,visa-required,visa-on-arrival,visa-required,e-visa,visa-required,visa-required,30,visa-required,90,visa-required,30,visa-required,60,90,visa-on-arrival,30,e-visa,e-visa
JP,90,90,e-visa,180,90,180,30,90,90,eta,visa-on-arrival,90,180,visa-on-arrival,90,e-visa,90,visa-on-arrival,visa-on-arrival,e-visa,30,90,90,90,e-visa,90,10,90,eta,e-visa,visa-required,visa-required,90,e-visa,90,e-visa,30,90,180,e-visa,visa-on-arrival,90,90,90,visa-on-arrival,90,180,90,visa-required,90,90,visa-on-arrival,visa-required,90,visa-on-arrival,90,120,30,90,e-visa,eta,90,365,visa-required,visa-required,e-visa,e-visa,90,90,visa-on-arrival,90,90,90,90,90,90,visa-on-arrival,90,eta,visa-on-arrival,e-visa,14,90,90,30,visa-on-arrival,,eta,30,visa-on-arrival,90,visa-on-arrival,eta,visa-required,eta,visa-on-arrival,30,30,visa-on-arrival,42,90,eta,visa-required,90,90,90,90,e-visa,90,90,90,90,visa-on-arrival,visa-on-arrival,90,visa-required,visa-on-arrival,30,90,e-visa,90,90,visa-on-arrival,visa-on-arrival,180,90,eta,visa-on-arrival,visa-required,e-visa,90,90,90,visa-on-arrival,visa-required,eta,14,90,90,visa-on-arrival,30,e-visa,90,visa-free,90,visa-on-arrival,90,30,90,90,e-visa,visa-on-arrival,visa-on-arrival,visa-on-arrival,90,visa-required,90,30,90,90,visa-on-arrival,90,90,e-visa,90,e-visa,15,90,e-visa,30,e-visa,e-visa,60,30,visa-on-arrival,visa-required,90,visa-on-arrival,90,90,visa-on-arrival,90,visa-on-arrival,90,e-visa,90,90,30,90,90,90,45,120,visa-on-arrival,90,visa-required,90,30,visa-on-arrival
KE,visa-required,e-visa,e-visa,180,e-visa,visa-required,visa-required,visa-required,visa-required,visa-required,visa-required,visa-required,180,visa-required,visa-required,e-visa,visa-required,e-visa,90,90,visa-required,visa-on-arrival,visa-required,90,e-visa,90,visa-required,visa-required,visa-required,visa-free,visa-required,visa-required,visa-required,e-visa,visa-required,e-visa,visa-required,e-visa,visa-required,90,visa-on-arrival,visa-required,visa-required,visa-required,e-visa,visa-required,21,visa-required,visa-required,e-visa,visa-required,visa-required,visa-free,visa-required,365,visa-required,120,30,visa-required,e-visa,visa-required,90,visa-required,60,90,visa-required,e-visa,visa-required,visa-required,visa-on-arrival,visa-required,90,visa-required,visa-required,90,visa-required,visa-on-arrival,visa-required,visa-required,e-visa,e-visa,visa-on-arrival,visa-required,visa-required,180,visa-on-arrival,visa-required,,e-visa,visa-on-arrival,30,visa-on-arrival,eta,visa-required,visa-required,visa-required,e-visa,visa-on-arrival,visa-required,visa-on-arrival,visa-required,eta,e-visa,90,visa-required,visa-required,visa-required,e-visa,visa-required,visa-required,e-visa,visa-required,visa-on-arrival,visa-required,visa-required,visa-on-arrival,e-visa,e-visa,visa-on-arrival,e-visa,visa-required,90,visa-on-arrival,90,visa-required,30,30,90,visa-required,visa-on-arrival,visa-required,visa-required,visa-required,visa-on-arrival,visa-required,visa-required,visa-required,visa-required,visa-required,e-visa,30,e-visa,visa-required,visa-free,visa-required,visa-on-arrival,visa-required,e-visa,visa-required,visa-required,e-visa,180,visa-required,visa-required,visa-on-arrival,visa-on-arrival,visa-required,30,visa-required,visa-required,visa-on-arrival,visa-required,visa-on-arrival,e-visa,e-visa,90,e-visa,e-visa,e-visa,30,e-visa,e-visa,e-visa,e-visa,visa-on-arrival,visa-required,visa-required,visa-required,visa-required,visa-free,visa-on-arrival,visa-required,90,visa-required,90,visa-required,visa-required,visa-required,visa-required,30,visa-required,e-visa,120,visa-on-arrival,visa-required,visa-required,90,90,90
KG,visa-required,e-visa,visa-required,180,e-visa,180,visa-required,visa-required,visa-required,e-visa,90,visa-required,28,visa-on-arrival,visa-required,e-visa,visa-required,e-visa,visa-on-arrival,e-visa,visa-required,e-visa,visa-required,e-visa,e-visa,e-visa,visa-free,visa-required,visa-required,e-visa,visa-required,visa-required,visa-required,eta,visa-required,e-visa,visa-required,e-visa,visa-required,e-visa,visa-on-arrival,visa-required,visa-required,visa-required,visa-on-arrival,visa-required,21,visa-required,visa-required,e-visa,visa-required,visa-required,visa-required,visa-required,e-visa,visa-required,visa-required,30,visa-required,e-visa,visa-required,visa-free,360,visa-required,visa-required,e-visa,e-visa,visa-required,visa-required,visa-on-arrival,e-visa,e-visa,visa-required,visa-required,90,visa-required,e-visa,visa-required,e-visa,e-visa,e-visa,15,visa-required,visa-required,visa-on-arrival,visa-on-arrival,visa-required,eta,,visa-on-arrival,visa-required,visa-on-arrival,e-visa,visa-required,e-visa,visa-required,90,visa-on-arrival,visa-on-arrival,visa-on-arrival,visa-required,visa-on-arrival,e-visa,visa-required,visa-required,visa-required,visa-required,e-visa,visa-required,visa-required,90,visa-required,visa-on-arrival,visa-on-arrival,visa-required,visa-required,e-visa,90,visa-on-arrival,e-visa,visa-required,visa-on-arrival,visa-on-arrival,visa-on-arrival,visa-required,90,visa-on-arrival,visa-on-arrival,visa-required,e-visa,visa-on-arrival,visa-required,visa-required,visa-on-arrival,visa-required,visa-required,e-visa,visa-required,visa-required,e-visa,30,e-visa,visa-required,visa-free,visa-required,visa-on-arrival,visa-required,e-visa,visa-required,90,visa-free,visa-on-arrival,visa-on-arrival,visa-required,90,visa-required,visa-required,e-visa,visa-required,visa-required,e-visa,visa-required,visa-required,e-visa,eta,e-visa,e-visa,e-visa,visa-on-arrival,visa-required,e-visa,e-visa,visa-on-arrival,visa-free,visa-on-arrival,visa-required,visa-required,visa-required,90,visa-required,visa-on-arrival,visa-required,e-visa,90,e-visa,visa-required,visa-required,60,visa-required,90,visa-required,30,e-visa,visa-on-arrival,visa-required,visa-required,visa-required,e-visa,visa-on-arrival
KH,visa-required,e-visa,e-visa,e-visa,e-visa,e-visa,visa-required,visa-required,visa-required,visa-required,visa-required,visa-required,90,visa-on-arrival,visa-required,e-visa,visa-required,visa-on-arrival,visa-on-arrival,e-visa,14,visa-on-arrival,visa-required,e-visa,e-visa,e-visa,visa-required,visa-required,visa-required,e-visa,visa-required,visa-required,visa-required,e-visa,visa-required,e-visa,visa-required,e-visa,visa-required,e-visa,visa-on-arrival,visa-required,visa-required,visa-required,e-visa,visa-required,21,visa-required,visa-required,90,visa-required,visa-on-arrival,visa-required,visa-required,e-visa,visa-required,visa-required,30,visa-required,e-visa,visa-required,visa-required,e-visa,visa-required,visa-required,e-visa,e-visa,visa-required,visa-required,visa-on-arrival,visa-required,e-visa,visa-required,visa-required,90,visa-required,30,visa-required,visa-required,e-visa,e-visa,15,visa-required,visa-required,visa-required,visa-required,e-visa,eta,e-visa,,visa-required,visa-on-arrival,e-visa,visa-required,visa-required,visa-on-arrival,e-visa,30,visa-required,visa-on-arrival,visa-required,eta,e-visa,e-visa,visa-required,visa-required,visa-required,e-visa,visa-required,visa-required,e-visa,visa-required,visa-on-arrival,visa-on-arrival,visa-required,visa-required,14,e-visa,visa-on-arrival,e-visa,visa-required,visa-on-arrival,30,visa-on-arrival,visa-required,30,visa-on-arrival,visa-on-arrival,visa-required,e-visa,visa-on-arrival,visa-required,visa-required,visa-on-arrival,visa-required,visa-required,e-visa,90,visa-required,e-visa,30,eta,visa-required,visa-free,visa-required,visa-on-arrival,visa-required,e-visa,visa-required,visa-required,e-visa,30,visa-required,visa-required,14,visa-required,visa-required,30,visa-required,visa-required,visa-on-arrival,visa-required,visa-required,e-visa,90,e-visa,e-visa,e-visa,e-visa,visa-required,e-visa,e-visa,14,e-visa,visa-on-arrival,visa-required,visa-required,visa-required,visa-required,visa-required,visa-on-arrival,visa-required,visa-on-arrival,e-visa,e-visa,visa-required,visa-required,e-visa,visa-required,90,visa-required,30,visa-required,60,visa-required,visa-required,visa-required,visa-on-arrival,e-visa
KI,90,90,e-visa,30,e-visa,e-visa,30,visa-required,90,visa-required,visa-required,90,180,visa-on-arrival,90,e-visa,90,e-visa,visa-on-arrival,e-visa,visa-required,visa-on-arrival,visa-required,90,e-visa,90,visa-required,visa-required,visa-required,e-visa,visa-required,visa-required,90,e-visa,visa-required,e-visa,visa-required,e-visa,30,e-visa,visa-on-arrival,90,90,90,e-visa,90,180,30,visa-required,90,90,visa-on-arrival,visa-required,90,e-visa,90,120,30,visa-required,e-visa,eta,90,e-visa,visa-required,90,e-visa,e-visa,90,visa-required,visa-on-arrival,visa-required,90,visa-required,90,90,90,visa-required,90,visa-required,e-visa,e-visa,visa-on-arrival,90,90,visa-free,visa-on-arrival,visa-required,90,e-visa,visa-on-arrival,,visa-on-arrival,eta,visa-required,30,visa-required,e-visa,visa-on-arrival,visa-required,42,90,eta,e-visa,90,90,90,90,e-visa,visa-required,90,90,90,visa-on-arrival,visa-on-arrival,visa-required,visa-required,e-visa,e-visa,visa-on-arrival,e-visa,90,90,visa-on-arrival,90,visa-required,30,visa-on-arrival,e-visa,visa-required,e-visa,visa-on-arrival,visa-required,90,visa-on-arrival,visa-required,visa-required,visa-required,180,180,visa-on-arrival,30,e-visa,90,visa-free,90,visa-on-arrival,visa-required,e-visa,90,visa-required,visa-required,30,visa-required,visa-on-arrival,90,visa-required,90,30,90,90,visa-on-arrival,90,visa-on-arrival,e-visa,90,e-visa,e-visa,e-visa,e-visa,visa-required,e-visa,e-visa,e-visa,e-visa,visa-on-arrival,visa-required,90,visa-on-arrival,visa-required,visa-free,visa-on-arrival,visa-required,90,e-visa,e-visa,visa-required,visa-required,e-visa,90,30,e-visa,e-visa,90,60,90,visa-required,visa-required,90,90
KM,visa-required,e-visa,visa-required,e-visa,e-visa,visa-required,visa-required,visa-required,visa-required,e-visa,visa-required,visa-required,90,visa-on-arrival,visa-required,e-visa,visa-required,e-visa,visa-on-arrival,90,visa-required,e-visa,visa-required,e-visa,e-visa,e-visa,visa-required,visa-required,visa-required,e-visa,visa-required,visa-required,visa-required,eta,visa-required,e-visa,visa-required,e-visa,visa-required,e-visa,visa-on-arrival,visa-required,visa-required,visa-required,visa-on-arrival,visa-required,21,visa-required,visa-required,90,visa-required,visa-required,visa-required,visa-required,visa-on-arrival,visa-required,visa-required,30,visa-required,e-visa,visa-required,visa-required,e-visa,visa-on-arrival,90,e-visa,e-visa,visa-required,visa-required,visa-on-arrival,e-visa,14,visa-required,visa-required,90,visa-required,e-visa,visa-required,e-visa,e-visa,e-visa,visa-on-arrival,visa-required,visa-required,visa-required,visa-required,visa-required,90,e-visa,visa-on-arrival,visa-required,,e-visa,visa-required,e-visa,visa-required,e-visa,visa-on-arrival,visa-on-arrival,visa-on-arrival,visa-required,visa-on-arrival,e-visa,visa-required,visa-required,visa-required,visa-required,e-visa,visa-required,visa-required,e-visa,visa-required,visa-on-arrival,visa-required,visa-required,visa-required,visa-required,e-visa,visa-on-arrival,e-visa,visa-required,visa-on-arrival,visa-on-arrival,90,visa-required,30,visa-on-arrival,visa-on-arrival,visa-required,e-visa,visa-on-arrival,visa-required,visa-required,visa-on-arrival,visa-required,visa-required,e-visa,90,visa-required,e-visa,30,e-visa,visa-required,visa-required,visa-required,visa-on-arrival,visa-required,e-visa,visa-required,visa-required,visa-required,30,e-visa,visa-required,90,visa-required,visa-required,30,visa-required,visa-required,visa-on-arrival,visa-required,visa-on-arrival,visa-on-arrival,eta,e-visa,e-visa,e-visa,e-visa,visa-required,e-visa,e-visa,e-visa,visa-required,visa-on-arrival,visa-required,visa-required,visa-required,visa-required,visa-required,visa-on-arrival,visa-required,visa-on-arrival,visa-required,90,visa-required,visa-required,visa-required,visa-required,90,visa-required,e-visa,e-visa,visa-on-arrival,visa-required,visa-required,e-visa,90,visa-on-arrival
KN,90,e-visa,visa-required,freedom-of-movement,90,e-visa,30,90,90,visa-required,visa-required,90,180,90,90,e-visa,90,visa-on-arrival,visa-on-arrival,e-visa,visa-required,visa-on-arrival,90,90,e-visa,90,30,visa-free,visa-required,e-visa,visa-required,visa-required,90,e-visa,90,e-visa,visa-required,90,30,30,visa-on-arrival,90,90,90,e-visa,90,freedom-of-movement,30,visa-required,90,90,visa-required,visa-required,90,e-visa,90,120,30,90,e-visa,eta,freedom-of-movement,90,90,90,e-visa,e-visa,90,90,visa-on-arrival,180,90,90,90,90,90,e-visa,visa-required,eta,e-visa,e-visa,visa-on-arrival,90,90,180,visa-on-arrival,visa-required,90,e-visa,visa-on-arrival,30,visa-on-arrival,,visa-required,eta,visa-required,90,visa-on-arrival,visa-on-arrival,freedom-of-movement,90,eta,e-visa,90,90,90,90,e-visa,visa-required,90,90,90,visa-on-arrival,visa-on-arrival,90,visa-required,visa-required,e-visa,visa-on-arrival,e-visa,90,90,visa-on-arrival,90,visa-required,30,visa-on-arrival,e-visa,visa-required,90,90,90,90,visa-on-arrival,visa-required,visa-required,e-visa,90,183,eta,30,e-visa,90,visa-free,90,visa-on-arrival,90,e-visa,90,90,90,30,visa-on-arrival,visa-on-arrival,90,visa-required,90,30,90,90,visa-on-arrival,90,visa-on-arrival,e-visa,180,e-visa,visa-free,180,e-visa,visa-required,e-visa,e-visa,e-visa,30,visa-on-arrival,visa-required,90,visa-on-arrival,visa-required,180,90,30,90,90,e-visa,visa-required,90,30,90,freedom-of-movement,90,e-visa,120,visa-on-arrival,90,visa-required,visa-required,90,90
KP,visa-required,e-visa,e-visa,e-visa,e-visa,visa-on-arrival,visa-required,visa-required,visa-required,visa-required,visa-required,visa-required,visa-required,visa-on-arrival,visa-required,e-visa,visa-required,visa-required,visa-on-arrival,e-visa,visa-required,visa-required,visa-required,e-visa,e-visa,e-visa,visa-required,visa-required,visa-required,e-visa,visa-required,visa-required,visa-required,e-visa,visa-required,e-visa,visa-required,e-visa,visa-required,e-visa,visa-on-arrival,visa-required,visa-required,visa-required,e-visa,visa-required,21,visa-required,visa-required,e-visa,visa-required,visa-on-arrival,visa-required,visa-required,visa-on-arrival,visa-required,e-visa,30,visa-required,e-visa,visa-required,visa-required,e-visa,visa-required,visa-required,e-visa,e-visa,visa-required,visa-required,visa-on-arrival,90,e-visa,visa-required,visa-required,90,visa-required,visa-required,visa-required,visa-required,visa-required,e-visa,e-visa,visa-required,visa-required,visa-required,visa-on-arrival,refused,eta,visa-free,visa-on-arrival,visa-required,visa-on-arrival,e-visa,,e-visa,visa-required,e-visa,visa-on-arrival,visa-required,visa-required,visa-required,visa-required,e-visa,e-visa,visa-required,visa-required,visa-required,e-visa,visa-required,visa-required,visa-required,visa-required,visa-on-arrival,visa-required,visa-required,visa-required,e-visa,visa-required,visa-on-arrival,e-visa,visa-required,visa-required,visa-on-arrival,visa-on-arrival,visa-required,visa-required,visa-on-arrival,visa-required,visa-required,e-visa,visa-on-arrival,visa-required,visa-required,visa-on-arrival,visa-required,visa-required,e-visa,visa-required,visa-required,e-visa,visa-required,e-visa,visa-required,visa-free,visa-required,visa-on-arrival,visa-required,e-visa,visa-required,visa-required,e-visa,visa-on-arrival,visa-required,visa-required,90,visa-required,visa-required,visa-required,visa-required,visa-required,e-visa,visa-required,visa-required,e-visa,90,e-visa,e-visa,visa-required,e-visa,visa-required,e-visa,e-visa,e-visa,visa-required,visa-on-arrival,visa-required,visa-required,visa-required,visa-required,visa-required,visa-on-arrival,visa-required,visa-on-arrival,visa-required,e-visa,visa-required,visa-required,e-visa,visa-required,90,e-visa,e-visa,e-visa,90,visa-required,visa-required,visa-required,e-visa,e-visa
KR,90,90,refused,180,90,180,30,90,90,eta,30,90,90,visa-on-arrival,90,e-visa,90,visa-on-arrival,visa-on-arrival,e-visa,30,90,90,90,e-visa,90,10,90,eta,e-visa,visa-required,visa-required,90,e-visa,90,e-visa,30,90,90,e-visa,visa-on-arrival,90,90,90,e-visa,90,180,90,visa-required,90,90,visa-on-arrival,visa-required,90,visa-on-arrival,90,120,30,90,e-visa,eta,90,365,e-visa,visa-required,e-visa,e-visa,90,90,visa-on-arrival,30,90,90,90,90,90,visa-on-arrival,90,eta,visa-on-arrival,refused,14,90,90,90,visa-on-arrival,90,eta,30,visa-on-arrival,90,visa-on-arrival,eta,visa-required,,visa-on-arrival,30,30,visa-on-arrival,42,90,eta,e-visa,60,90,90,90,refused,90,90,90,90,visa-on-arrival,visa-on-arrival,90,visa-required,visa-on-arrival,90,90,e-visa,90,90,visa-on-arrival,visa-on-arrival,180,90,eta,visa-on-arrival,visa-required,e-visa,90,90,90,visa-on-arrival,visa-required,eta,14,90,90,e-visa,30,e-visa,90,visa-free,90,visa-on-arrival,30,90,90,90,60,visa-on-arrival,visa-on-arrival,visa-on-arrival,90,visa-required,90,90,90,90,visa-on-arrival,90,90,refused,90,e-visa,15,90,refused,30,e-visa,e-visa,90,30,visa-on-arrival,visa-required,90,visa-on-arrival,90,90,visa-on-arrival,90,visa-on-arrival,90,e-visa,90,90,30,90,90,90,45,120,visa-on-arrival,90,visa-required,30,30,visa-on-arrival
KW,visa-free,visa-free,e-visa,30,90,180,e-visa,visa-required,visa-required,visa-required,30,90,90,visa-on-arrival,visa-required,e-visa,visa-required,visa-free,visa-on-arrival,e-visa,visa-on-arrival,visa-required,visa-required,90,e-visa,90,3,visa-required,visa-required,e-visa,visa-required,visa-required,visa-required,e-visa,e-visa,e-visa,visa-on-arrival,e-visa,visa-required,e-visa,visa-on-arrival,visa-required,visa-required,visa-required,e-visa,visa-required,21,30,visa-required,90,visa-required,180,visa-required,visa-required,visa-on-arrival,visa-required,visa-required,30,visa-required,e-visa,eta,visa-required,365,e-visa,visa-required,e-visa,e-visa,visa-required,90,visa-on-arrival,31,30,90,visa-required,90,visa-required,visa-on-arrival,visa-required,visa-required,e-visa,e-visa,15,visa-required,visa-required,visa-required,90,visa-required,eta,60,visa-on-arrival,visa-required,visa-on-arrival,eta,visa-required,eta,,30,visa-on-arrival,180,42,visa-free,eta,visa-required,e-visa,visa-required,visa-required,visa-required,e-visa,90,visa-required,e-visa,visa-required,visa-on-arrival,visa-on-arrival,visa-required,visa-required,e-visa,visa-on-arrival,30,e-visa,visa-required,90,visa-on-arrival,visa-on-arrival,visa-required,90,visa-on-arrival,e-visa,visa-required,e-visa,90,visa-required,visa-required,visa-on-arrival,visa-required,eta,visa-free,90,visa-required,e-visa,30,90,visa-required,visa-free,visa-required,visa-on-arrival,visa-required,visa-free,visa-required,e-visa,e-visa,visa-on-arrival,visa-free,visa-on-arrival,90,visa-free,visa-required,30,visa-required,visa-required,visa-on-arrival,visa-free,visa-on-arrival,e-visa,visa-free,e-visa,15,90,visa-on-arrival,30,e-visa,e-visa,60,30,visa-on-arrival,visa-required,90,visa-required,90,e-visa,visa-on-arrival,e-visa,visa-on-arrival,90,e-visa,visa-required,visa-required,30,visa-required,30,90,30,30,visa-on-arrival,90,visa-on-arrival,visa-required,90,visa-on-arrival
KZ,90,30,e-visa,180,90,180,e-visa,30,visa-required,visa-required,90,visa-required,28,visa-on-arrival,visa-required,e-visa,visa-required,visa-on-arrival,visa-on-arrival,e-visa,visa-required,e-visa,30,e-visa,e-visa,e-visa,visa-free,visa-required,visa-required,e-visa,visa-required,visa-required,visa-required,e-visa,visa-required,e-visa,30,90,visa-required,e-visa,visa-required,visa-required,visa-required,visa-required,e-visa,visa-required,21,90,visa-required,90,visa-required,visa-on-arrival,visa-required,visa-required,e-visa,visa-required,visa-required,30,visa-required,e-visa,visa-required,visa-required,365,visa-required,visa-required,e-visa,e-visa,visa-required,visa-required,visa-on-arrival,e-visa,14,visa-required,visa-required,90,visa-required,30,visa-required,visa-required,e-visa,e-visa,14,visa-required,visa-required,visa-on-arrival,visa-on-arrival,visa-required,eta,90,visa-on-arrival,visa-required,visa-on-arrival,90,visa-required,eta,visa-required,,visa-on-arrival,visa-on-arrival,visa-required,visa-required,eta,e-visa,visa-required,visa-required,visa-required,visa-required,e-visa,30,visa-required,90,30,visa-on-arrival,visa-on-arrival,visa-required,visa-required,e-visa,90,14,e-visa,visa-required,visa-on-arrival,30,e-visa,visa-required,30,visa-on-arrival,visa-on-arrival,visa-required,e-visa,30,visa-required,visa-required,visa-on-arrival,visa-required,visa-required,30,visa-required,visa-required,e-visa,30,e-visa,visa-required,visa-free,visa-required,visa-on-arrival,visa-required,30,visa-required,30,90,visa-on-arrival,visa-on-arrival,visa-required,90,visa-required,visa-required,visa-required,visa-required,visa-required,e-visa,30,visa-on-arrival,e-visa,90,e-visa,e-visa,visa-required,visa-on-arrival,visa-required,e-visa,e-visa,60,visa-free,visa-on-arrival,visa-required,90,visa-required,90,visa-required,visa-on-arrival,visa-required,visa-on-arrival,90,e-visa,visa-required,visa-required,visa-free,visa-required,90,e-visa,30,e-visa,visa-on-arrival,visa-required,visa-required,visa-required,visa-on-arrival,visa-on-arrival
LA,visa-required,visa-required,e-visa,e-visa,e-visa,e-visa,e-visa,visa-required,visa-required,visa-required,visa-required,visa-required,visa-required,visa-on-arrival,visa-required,e-visa,visa-required,visa-on-arrival,visa-on-arrival,e-visa,30,e-visa,visa-required,e-visa,e-visa,e-visa,visa-required,visa-required,visa-required,e-visa,visa-required,visa-required,visa-required,e-visa,visa-required,e-visa,visa-required,e-visa,visa-required,e-visa,visa-on-arrival,visa-required,visa-required,visa-required,e-visa,visa-required,21,visa-required,visa-required,90,visa-required,visa-required,visa-required,visa-required,e-visa,visa-required,visa-required,30,visa-required,e-visa,visa-required,visa-required,e-visa,visa-required,visa-required,e-visa,e-visa,visa-required,visa-required,visa-on-arrival,visa-required,e-visa,visa-required,visa-required,90,visa-required,30,visa-required,visa-required,e-visa,e-visa,e-visa,visa-required,visa-required,visa-required,visa-required,visa-required,eta,e-visa,30,visa-required,visa-on-arrival,e-visa,visa-required,visa-required,visa-on-arrival,e-visa,,visa-required,visa-required,visa-required,visa-on-arrival,visa-required,e-visa,visa-required,visa-required,visa-required,e-visa,visa-required,visa-required,visa-required,visa-required,visa-on-arrival,visa-required,visa-required,visa-required,14,30,visa-on-arrival,e-visa,visa-required,visa-required,visa-on-arrival,visa-on-arrival,visa-required,30,visa-on-arrival,visa-required,visa-required,e-visa,visa-required,visa-required,visa-required,visa-on-arrival,visa-required,visa-required,visa-required,visa-required,visa-required,e-visa,30,e-visa,visa-required,visa-free,visa-required,visa-on-arrival,visa-required,e-visa,visa-required,visa-required,30,30,visa-required,visa-required,90,visa-required,visa-required,30,visa-required,visa-required,e-visa,visa-required,visa-required,e-visa,90,e-visa,e-visa,visa-required,e-visa,visa-required,visa-required,e-visa,30,e-visa,30,visa-required,visa-required,visa-required,visa-required,visa-required,visa-on-arrival,eta,visa-on-arrival,visa-required,e-visa,visa-required,visa-required,e-visa,visa-required,90,e-visa,30,visa-required,60,visa-required,visa-required,visa-required,visa-on-arrival,e-visa
LB,visa-required,visa-required,e-visa,e-visa,e-visa,visa-on-arrival,e-visa,visa-required,visa-required,visa-required,visa-required,visa-required,90,visa-required,visa-required,e-visa,visa-required,e-visa,visa-on-arrival,e-visa,visa-required,e-visa,visa-required,e-visa,e-visa,e-visa,3,visa-required,visa-required,e-visa,visa-required,visa-required,visa-required,e-visa,visa-required,e-visa,visa-required,e-visa,visa-required,e-visa,visa-required,visa-required,visa-required,visa-required,visa-on-arrival,visa-required,21,visa-required,visa-required,90,visa-required,90,visa-required,visa-required,visa-on-arrival,visa-required,visa-required,30,visa-required,e-visa,visa-required,visa-required,365,e-visa,visa-required,e-visa,e-visa,visa-required,visa-required,visa-on-arrival,e-visa,e-visa,visa-required,visa-required,90,visa-required,e-visa,visa-required,visa-required,visa-required,30,14,visa-required,visa-required,visa-required,90,visa-required,eta,e-visa,visa-on-arrival,visa-required,visa-on-arrival,e-visa,visa-required,visa-required,visa-required,visa-required,visa-required,,visa-required,visa-required,eta,e-visa,visa-required,visa-required,visa-required,visa-required,e-visa,visa-required,visa-required,visa-required,visa-required,visa-on-arrival,visa-on-arrival,visa-required,visa-required,visa-required,visa-required,90,e-visa,visa-required,visa-on-arrival,visa-on-arrival,e-visa,visa-required,90,visa-on-arrival,e-visa,visa-required,e-visa,e-visa,visa-required,visa-required,visa-on-arrival,visa-required,visa-required,14,visa-required,visa-required,e-visa,visa-required,e-visa,visa-required,visa-required,visa-required,visa-on-arrival,visa-required,e-visa,visa-required,e-visa,visa-required,30,visa-required,visa-required,90,visa-required,visa-required,e-visa,visa-required,visa-required,visa-on-arrival,visa-required,visa-required,e-visa,90,e-visa,e-visa,e-visa,180,visa-required,e-visa,e-visa,e-visa,60,visa-on-arrival,visa-required,visa-required,visa-required,90,e-visa,visa-on-arrival,visa-required,e-visa,visa-required,e-visa,visa-required,visa-required,e-visa,visa-required,visa-required,visa-required,30,e-visa,visa-on-arrival,visa-required,visa-required,visa-required,e-visa,e-visa
LC,90,e-visa,visa-required,visa-free,e-visa,visa-on-arrival,30,90,90,visa-required,visa-required,90,180,visa-required,90,e-visa,90,visa-on-arrival,visa-on-arrival,e-visa,visa-required,visa-on-arrival,90,90,e-visa,90,visa-required,visa-free,visa-required,e-visa,visa-required,visa-required,90,e-visa,90,e-visa,visa-required,90,90,30,visa-on-arrival,90,90,90,e-visa,90,visa-free,30,visa-required,90,90,visa-on-arrival,visa-required,90,e-visa,90,120,30,90,e-visa,visa-required,visa-free,e-visa,visa-required,90,e-visa,e-visa,90,90,visa-on-arrival,180,90,90,90,90,90,visa-required,visa-required,eta,e-visa,e-visa,e-visa,90,90,visa-free,visa-on-arrival,visa-required,eta,e-visa,visa-on-arrival,90,visa-on-arrival,visa-free,visa-required,eta,visa-required,e-visa,visa-on-arrival,visa-required,,90,eta,visa-required,90,90,90,90,e-visa,visa-required,90,90,90,visa-on-arrival,visa-required,visa-required,visa-required,visa-required,e-visa,90,e-visa,90,120,visa-on-arrival,90,visa-required,30,visa-on-arrival,visa-on-arrival,visa-required,e-visa,visa-required,90,90,visa-on-arrival,visa-required,visa-required,visa-required,90,90,eta,30,eta,90,visa-free,90,visa-on-arrival,visa-required,e-visa,90,visa-required,e-visa,30,visa-required,visa-on-arrival,visa-on-arrival,visa-required,90,30,90,90,visa-on-arrival,90,visa-on-arrival,e-visa,180,e-visa,e-visa,180,e-visa,30,visa-required,e-visa,e-visa,30,visa-on-arrival,visa-required,90,visa-on-arrival,e-visa,visa-free,visa-on-arrival,30,90,e-visa,e-visa,visa-required,visa-required,30,90,visa-free,e-visa,e-visa,120,visa-on-arrival,90,visa-required,visa-required,90,90
LI,visa-free,90,e-visa,180,90,180,visa-required,90,visa-free,eta,e-visa,90,180,visa-on-arrival,visa-free,e-visa,visa-free,visa-on-arrival,visa-on-arrival,e-visa,90,90,90,240,e-visa,90,30,visa-free,eta,e-visa,visa-required,visa-required,visa-free,e-visa,90,e-visa,30,180,90,e-visa,30,visa-free,visa-free,visa-free,e-visa,visa-free,180,30,visa-required,90,visa-free,visa-on-arrival,visa-required,visa-free,e-visa,visa-free,120,90,visa-free,e-visa,eta,90,365,visa-required,90,e-visa,e-visa,visa-free,90,visa-on-arrival,visa-required,90,90,visa-free,90,visa-free,visa-on-arrival,visa-free,eta,e-visa,e-visa,e-visa,visa-free,visa-free,90,visa-on-arrival,90,eta,60,visa-on-arrival,90,visa-on-arrival,eta,visa-required,eta,visa-on-arrival,30,visa-on-arrival,visa-on-arrival,42,,eta,visa-required,e-visa,visa-free,visa-free,visa-free,e-visa,30,visa-free,90,90,visa-on-arrival,visa-on-arrival,90,visa-required,visa-required,30,90,e-visa,visa-free,90,visa-on-arrival,visa-on-arrival,180,90,visa-on-arrival,visa-on-arrival,visa-required,e-visa,90,visa-free,visa-free,visa-on-arrival,visa-required,eta,e-visa,180,90,visa-on-arrival,30,e-visa,visa-free,visa-free,visa-free,visa-on-arrival,90,90,visa-free,90,e-visa,visa-on-arrival,visa-on-arrival,90,90,visa-required,visa-free,30,visa-free,visa-free,visa-on-arrival,visa-free,visa-on-arrival,e-visa,eta,e-visa,15,90,e-visa,visa-required,visa-required,e-visa,60,30,visa-on-arrival,visa-required,90,90,90,90,90,90,visa-on-arrival,90,visa-on-arrival,90,90,30,visa-free,30,90,e-visa,30,visa-on-arrival,90,visa-required,90,90,visa-on-arrival
LK,visa-required,visa-required,e-visa,e-visa,e-visa,visa-required,visa-required,visa-required,visa-required,visa-required,e-visa,visa-required,180,visa-required,visa-required,e-visa,visa-required,visa-on-arrival,visa-on-arrival,e-visa,visa-required,e-visa,visa-required,90,e-visa,e-visa,visa-required,visa-required,visa-required,e-visa,visa-required,visa-required,visa-required,e-visa,visa-required,e-visa,visa-required,e-visa,visa-required,e-visa,visa-required,visa-required,visa-required,visa-required,e-visa,visa-required,180,visa-required,visa-required,e-visa,visa-required,visa-required,visa-required,visa-required,e-visa,visa-required,visa-required,30,visa-required,e-visa,visa-required,90,visa-required,visa-required,90,e-visa,e-visa,visa-required,visa-required,visa-on-arrival,visa-required,e-visa,visa-required,visa-required,90,visa-required,e-visa,visa-required,e-visa,e-visa,e-visa,e-visa,visa-required,visa-required,visa-required,visa-required,visa-required,eta,e-visa,visa-on-arrival,90,visa-on-arrival,eta,visa-required,visa-required,visa-required,visa-required,visa-on-arrival,visa-required,visa-required,visa-required,,e-visa,90,visa-required,visa-required,visa-required,e-visa,visa-required,visa-required,visa-required,visa-required,visa-on-arrival,visa-required,visa-required,visa-required,e-visa,visa-required,visa-required,e-visa,visa-required,visa-on-arrival,90,visa-on-arrival,visa-required,e-visa,e-visa,e-visa,visa-required,e-visa,visa-required,visa-required,visa-required,visa-on-arrival,visa-required,visa-required,visa-required,visa-required,visa-required,e-visa,visa-required,e-visa,visa-required,visa-required,visa-required,visa-on-arrival,visa-required,e-visa,visa-required,e-visa,visa-required,30,visa-required,visa-required,90,visa-required,visa-required,30,visa-required,visa-required,visa-on-arrival,visa-required,visa-required,e-visa,e-visa,e-visa,e-visa,visa-required,e-visa,visa-required,e-visa,e-visa,60,30,visa-on-arrival,visa-required,visa-required,visa-required,visa-required,e-visa,visa-on-arrival,visa-required,visa-on-arrival,visa-required,e-visa,visa-required,visa-required,e-visa,visa-required,90,90,e-visa,120,visa-on-arrival,visa-required,visa-required,visa-required,e-visa,e-visa
LR,visa-required,e-visa,e-visa,e-visa,e-visa,visa-required,visa-required,visa-required,visa-required,visa-required,visa-required,visa-required,90,visa-on-arrival,visa-required,visa-free,visa-required,e-visa,visa-on-arrival,90,visa-required,visa-on-arrival,visa-required,e-visa,e-visa,e-visa,visa-required,visa-required,visa-required,e-visa,90,visa-required,visa-required,90,visa-required,e-visa,visa-required,e-visa,visa-required,e-visa,visa-free,visa-required,visa-required,visa-required,e-visa,visa-required,21,visa-required,visa-required,90,visa-required,visa-required,visa-required,visa-required,visa-on-arrival,visa-required,visa-required,30,visa-required,e-visa,visa-required,visa-required,visa-required,90,90,visa-free,e-visa,visa-required,visa-required,visa-free,visa-required,e-visa,visa-required,visa-required,90,visa-required,visa-required,visa-required,visa-required,e-visa,e-visa,visa-on-arrival,visa-required,visa-required,visa-required,visa-required,visa-required,eta,e-visa,visa-on-arrival,visa-required,visa-on-arrival,e-visa,visa-required,visa-required,visa-required,e-visa,visa-required,visa-required,visa-required,visa-required,eta,,e-visa,visa-required,visa-required,visa-required,e-visa,visa-required,visa-required,e-visa,visa-required,visa-on-arrival,visa-required,visa-required,visa-free,visa-required,visa-required,visa-on-arrival,e-visa,visa-required,visa-on-arrival,visa-on-arrival,e-visa,visa-required,e-visa,visa-on-arrival,visa-on-arrival,visa-free,visa-free,visa-required,visa-required,visa-required,visa-required,visa-required,visa-required,e-visa,visa-required,visa-required,e-visa,30,e-visa,visa-required,visa-free,visa-required,visa-on-arrival,visa-required,e-visa,visa-required,visa-required,visa-required,e-visa,visa-required,visa-required,90,visa-required,visa-required,30,visa-required,visa-required,visa-free,visa-required,90,e-visa,e-visa,e-visa,e-visa,e-visa,e-visa,visa-required,e-visa,visa-free,e-visa,e-visa,visa-on-arrival,visa-required,visa-required,visa-required,visa-required,visa-required,visa-on-arrival,visa-required,visa-on-arrival,visa-required,e-visa,visa-required,visa-required,visa-required,visa-required,30,visa-required,e-visa,visa-required,visa-on-arrival,visa-required,visa-required,e-visa,90,e-visa
LS,visa-required,e-visa,e-visa,180,e-visa,visa-required,90,visa-required,visa-required,visa-required,visa-required,visa-required,180,90,visa-required,e-visa,visa-required,visa-on-arrival,visa-on-arrival,90,visa-required,visa-on-arrival,visa-required,90,e-visa,90,visa-required,visa-free,visa-required,e-visa,visa-required,visa-required,visa-required,e-visa,visa-required,e-visa,visa-required,e-visa,visa-required,e-visa,visa-on-arrival,visa-required,visa-required,visa-required,e-visa,visa-required,180,visa-required,visa-required,90,visa-required,visa-required,visa-required,visa-required,visa-on-arrival,visa-required,120,30,visa-required,e-visa,visa-required,90,e-visa,60,90,e-visa,e-visa,visa-required,visa-required,visa-on-arrival,14,14,visa-required,visa-required,90,visa-required,visa-required,visa-required,eta,e-visa,e-visa,visa-on-arrival,visa-required,visa-required,180,visa-on-arrival,90,eta,e-visa,visa-on-arrival,90,visa-on-arrival,90,visa-required,eta,visa-required,e-visa,visa-required,visa-required,42,visa-required,eta,e-visa,,visa-required,visa-required,visa-required,e-visa,visa-required,visa-required,e-visa,visa-required,visa-on-arrival,visa-required,visa-required,visa-required,visa-required,e-visa,visa-on-arrival,e-visa,visa-required,180,visa-on-arrival,90,visa-required,30,visa-on-arrival,90,visa-required,visa-on-arrival,visa-on-arrival,visa-required,visa-required,visa-on-arrival,visa-required,visa-required,e-visa,visa-required,visa-required,eta,30,e-visa,visa-required,visa-free,visa-required,visa-on-arrival,visa-required,e-visa,visa-required,visa-required,visa-required,visa-on-arrival,visa-required,visa-required,90,visa-required,visa-required,30,visa-required,visa-required,visa-on-arrival,visa-required,visa-on-arrival,e-visa,visa-free,e-visa,e-visa,visa-required,e-visa,30,e-visa,e-visa,e-visa,e-visa,visa-on-arrival,visa-required,visa-required,visa-required,visa-required,visa-free,visa-on-arrival,visa-required,90,visa-required,90,visa-required,visa-required,visa-required,visa-required,90,visa-required,e-visa,120,visa-on-arrival,90,visa-required,30,90,90
LT,visa-free,90,e-visa,180,90,180,30,90,visa-free,eta,e-visa,90,90,visa-on-arrival,visa-free,e-visa,visa-free,visa-on-arrival,visa-on-arrival,e-visa,90,90,90,90,e-visa,90,30,visa-free,eta,e-visa,visa-required,visa-required,visa-free,e-visa,90,e-visa,visa-required,180,90,e-visa,30,visa-free,visa-free,visa-free,e-visa,visa-free,90,90,visa-required,90,visa-free,visa-on-arrival,visa-required,visa-free,visa-on-arrival,visa-free,120,90,visa-free,e-visa,eta,90,365,visa-required,28,e-visa,e-visa,visa-free,90,visa-on-arrival,e-visa,90,90,visa-free,90,visa-free,visa-on-arrival,visa-free,eta,e-visa,e-visa,e-visa,visa-free,visa-free,30,visa-on-arrival,90,eta,60,visa-on-arrival,90,visa-on-arrival,90,visa-required,90,visa-on-arrival,30,visa-on-arrival,visa-on-arrival,90,visa-free,eta,e-visa,e-visa,,visa-free,visa-free,e-visa,90,visa-free,90,90,visa-on-arrival,90,90,visa-required,e-visa,30,90,e-visa,visa-free,90,visa-on-arrival,visa-on-arrival,180,90,visa-on-arrival,visa-on-arrival,visa-required,e-visa,e-visa,visa-free,visa-free,visa-on-arrival,visa-required,eta,14,180,90,e-visa,30,e-visa,visa-free,visa-free,visa-free,90,90,90,visa-free,90,e-visa,visa-on-arrival,visa-on-arrival,90,90,visa-required,visa-free,90,visa-free,visa-free,visa-on-arrival,visa-free,90,e-visa,eta,e-visa,15,180,e-visa,30,e-visa,e-visa,60,30,90,visa-required,90,90,90,90,90,90,visa-on-arrival,90,visa-on-arrival,90,90,30,visa-free,90,90,e-visa,90,90,90,visa-required,90,90,visa-on-arrival
LU,visa-free,90,visa-required,180,90,180,30,90,visa-free,eta,e-visa,90,90,visa-on-arrival,visa-free,e-visa,visa-free,visa-on-arrival,visa-on-arrival,e-visa,90,90,90,240,e-visa,90,30,visa-free,eta,e-visa,visa-required,visa-required,visa-free,eta,90,e-visa,30,90,180,e-visa,30,visa-free,visa-free,visa-free,visa-on-arrival,visa-free,180,30,visa-required,90,visa-free,visa-on-arrival,visa-required,visa-free,visa-on-arrival,visa-free,120,90,visa-free,e-visa,eta,90,360,visa-required,90,e-visa,e-visa,visa-free,90,visa-on-arrival,90,90,90,visa-free,90,visa-free,visa-on-arrival,visa-free,eta,e-visa,e-visa,visa-on-arrival,visa-free,visa-free,90,visa-on-arrival,90,eta,60,visa-on-arrival,90,visa-on-arrival,eta,visa-required,90,visa-on-arrival,30,15,visa-on-arrival,90,visa-free,visa-on-arrival,e-visa,14,visa-free,,visa-free,e-visa,90,visa-free,90,90,visa-on-arrival,90,90,visa-required,e-visa,30,90,e-visa,visa-free,90,visa-on-arrival,visa-on-arrival,180,90,visa-on-arrival,visa-on-arrival,visa-required,e-visa,90,visa-free,visa-free,visa-on-arrival,visa-required,eta,visa-on-arrival,90,90,eta,30,e-visa,visa-free,visa-free,visa-free,90,90,visa-on-arrival,visa-free,90,e-visa,30,visa-on-arrival,90,90,visa-required,visa-free,90,visa-free,visa-free,visa-on-arrival,visa-free,90,e-visa,eta,e-visa,15,180,e-visa,30,e-visa,e-visa,60,30,90,visa-required,90,90,90,90,90,90,visa-on-arrival,90,e-visa,eta,90,30,visa-free,90,90,45,120,90,90,visa-required,90,90,visa-on-arrival
LV,visa-free,90,e-visa,90,90,180,30,90,freedom-of-movement,eta,e-visa,90,90,visa-on-arrival,freedom-of-movement,e-visa,freedom-of-movement,visa-on-arrival,visa-on-arrival,e-visa,90,90,90,90,e-visa,90,30,30,eta,e-visa,visa-required,visa-required,freedom-of-movement,e-visa,90,e-visa,30,180,90,e-visa,30,freedom-of-movement,freedom-of-movement,freedom-of-movement,e-visa,freedom-of-movement,90,90,visa-required,90,freedom-of-movement,visa-on-arrival,visa-required,freedom-of-movement,e-visa,freedom-of-movement,120,90,freedom-of-movement,e-visa,eta,90,365,visa-required,90,e-visa,e-visa,freedom-of-movement,90,visa-on-arrival,visa-required,90,90,freedom-of-movement,90,freedom-of-movement,visa-on-arrival,freedom-of-movement,eta,e-visa,e-visa,e-visa,freedom-of-movement,freedom-of-movement,visa-on-arrival,visa-on-arrival,90,eta,60,visa-on-arrival,90,visa-on-arrival,eta,visa-required,90,visa-on-arrival,30,visa-on-arrival,visa-on-arrival,90,freedom-of-movement,eta,e-visa,e-visa,freedom-of-movement,freedom-of-movement,,e-visa,90,visa-free,90,90,visa-on-arrival,90,90,visa-required,e-visa,30,90,e-visa,freedom-of-movement,90,visa-on-arrival,visa-on-arrival,180,90,visa-on-arrival,visa-required,visa-required,e-visa,90,freedom-of-movement,freedom-of-movement,visa-on-arrival,visa-required,eta,e-visa,180,90,e-visa,30,e-visa,freedom-of-movement,visa-free,freedom-of-movement,90,90,90,freedom-of-movement,90,e-visa,visa-on-arrival,visa-on-arrival,90,90,visa-required,freedom-of-movement,90,freedom-of-movement,freedom-of-movement,e-visa,visa-free,90,e-visa,eta,e-visa,15,90,e-visa,30,visa-required,e-visa,60,30,90,visa-required,90,90,90,90,90,90,visa-on-arrival,90,visa-on-arrival,90,90,30,visa-free,90,90,e-visa,90,90,90,visa-required,90,90,visa-on-arrival
LY,visa-required,e-visa,e-visa,e-visa,e-visa,visa-required,e-visa,visa-required,visa-required,visa-required,visa-required,visa-required,visa-required,visa-required,visa-required,e-visa,visa-required,visa-on-arrival,visa-on-arrival,90,visa-required,e-visa,visa-required,e-visa,e-visa,e-visa,90,visa-required,visa-required,e-visa,visa-required,visa-required,visa-required,e-visa,visa-required,e-visa,visa-required,e-visa,visa-required,e-visa,visa-on-arrival,visa-required,visa-required,visa-required,e-visa,visa-required,21,visa-required,90,visa-required,visa-required,visa-required,visa-required,visa-required,visa-on-arrival,visa-required,e-visa,30,visa-required,e-visa,visa-required,visa-required,visa-required,eta,visa-required,e-visa,e-visa,visa-required,visa-required,visa-on-arrival,e-visa,e-visa,visa-required,visa-required,visa-required,visa-required,e-visa,visa-required,visa-required,visa-required,e-visa,e-visa,visa-required,visa-required,visa-required,visa-on-arrival,visa-required,eta,e-visa,visa-on-arrival,visa-required,visa-on-arrival,e-visa,visa-required,visa-required,visa-required,visa-required,visa-required,visa-on-arrival,visa-required,visa-required,eta,e-visa,e-visa,visa-required,visa-required,visa-required,,visa-required,visa-required,visa-required,visa-required,visa-on-arrival,visa-required,visa-required,visa-required,visa-required,visa-required,visa-on-arrival,90,visa-required,visa-required,visa-on-arrival,e-visa,visa-required,30,visa-on-arrival,visa-on-arrival,visa-required,e-visa,visa-required,visa-required,visa-required,visa-on-arrival,visa-required,visa-required,visa-required,visa-required,visa-required,visa-required,visa-required,e-visa,visa-required,visa-free,visa-required,visa-on-arrival,visa-required,e-visa,visa-required,e-visa,visa-required,30,visa-required,visa-required,90,visa-required,visa-required,e-visa,visa-required,visa-required,e-visa,visa-required,visa-on-arrival,e-visa,90,e-visa,e-visa,visa-required,e-visa,visa-required,e-visa,e-visa,e-visa,e-visa,visa-on-arrival,visa-required,90,visa-required,90,e-visa,visa-on-arrival,visa-required,visa-on-arrival,visa-required,visa-on-arrival,visa-required,visa-required,visa-required,visa-required,30,e-visa,e-visa,e-visa,60,visa-required,visa-required,visa-required,e-visa,e-visa
MA,visa-free,visa-required,e-visa,e-visa,e-visa,e-visa,30,visa-required,visa-required,visa-required,90,visa-required,90,visa-required,visa-required,90,visa-required,visa-on-arrival,visa-on-arrival,90,visa-required,e-visa,90,e-visa,e-visa,e-visa,visa-required,30,visa-required,e-visa,visa-required,visa-on-arrival,visa-required,90,visa-required,e-visa,visa-required,90,visa-required,e-visa,90,visa-required,visa-required,visa-required,e-visa,visa-required,21,60,visa-required,90,visa-required,visa-required,visa-required,visa-required,visa-on-arrival,visa-required,visa-required,30,visa-required,90,visa-required,90,visa-required,90,90,90,e-visa,visa-required,visa-required,visa-on-arrival,e-visa,30,visa-required,visa-required,90,visa-required,visa-on-arrival,visa-required,e-visa,e-visa,e-visa,e-visa,visa-required,visa-required,visa-required,visa-on-arrival,visa-required,60,e-visa,visa-on-arrival,90,visa-on-arrival,e-visa,visa-required,eta,visa-required,30,visa-on-arrival,visa-on-arrival,visa-required,visa-required,eta,visa-required,visa-required,visa-required,visa-required,visa-required,e-visa,,visa-required,visa-required,visa-required,visa-on-arrival,visa-on-arrival,visa-required,90,e-visa,visa-required,90,e-visa,visa-required,visa-on-arrival,30,e-visa,visa-required,90,visa-on-arrival,e-visa,90,e-visa,e-visa,visa-required,visa-required,visa-on-arrival,visa-required,visa-required,visa-required,visa-required,visa-required,e-visa,30,e-visa,visa-required,visa-free,visa-required,visa-on-arrival,visa-required,e-visa,visa-required,e-visa,visa-required,30,visa-required,visa-required,90,visa-required,visa-required,e-visa,visa-required,visa-required,visa-on-arrival,90,90,e-visa,90,e-visa,15,visa-required,visa-free,visa-required,e-visa,90,e-visa,14,visa-on-arrival,visa-required,90,visa-required,90,e-visa,visa-on-arrival,visa-required,visa-on-arrival,visa-required,e-visa,visa-required,visa-required,e-visa,visa-required,30,e-visa,e-visa,120,visa-on-arrival,visa-required,visa-required,e-visa,30,e-visa
MC,visa-free,30,visa-required,180,90,180,30,90,90,eta,e-visa,90,90,visa-on-arrival,90,e-visa,90,visa-on-arrival,visa-on-arrival,e-visa,visa-required,90,90,90,e-visa,90,30,visa-free,eta,e-visa,visa-required,visa-required,90,eta,90,e-visa,30,90,180,e-visa,30,90,90,90,visa-on-arrival,90,21,30,visa-required,90,90,visa-on-arrival,visa-required,90,visa-on-arrival,90,120,30,90,e-visa,eta,90,360,visa-required,90,e-visa,e-visa,90,90,visa-on-arrival,e-visa,90,90,90,90,90,visa-on-arrival,90,eta,e-visa,e-visa,visa-on-arrival,90,90,30,visa-on-arrival,90,eta,60,visa-on-arrival,visa-required,visa-on-arrival,eta,visa-required,30,visa-on-arrival,30,visa-on-arrival,visa-on-arrival,42,90,visa-on-arrival,e-visa,visa-required,90,90,90,e-visa,90,,90,90,visa-on-arrival,visa-on-arrival,90,visa-required,e-visa,30,30,e-visa,90,90,visa-on-arrival,visa-on-arrival,180,30,visa-on-arrival,visa-on-arrival,visa-required,e-visa,90,90,90,visa-on-arrival,visa-required,eta,visa-on-arrival,90,180,eta,30,e-visa,90,visa-free,90,visa-on-arrival,90,visa-on-arrival,90,90,e-visa,30,visa-on-arrival,visa-on-arrival,90,visa-required,90,30,90,90,e-visa,90,visa-on-arrival,e-visa,eta,e-visa,15,180,e-visa,30,e-visa,e-visa,60,30,visa-on-arrival,visa-required,90,visa-on-arrival,90,visa-required,visa-on-arrival,90,visa-on-arrival,90,e-visa,eta,90,30,90,90,90,e-visa,120,visa-on-arrival,90,visa-required,90,90,visa-on-arrival
MD,90,90,e-visa,30,90,180,e-visa,visa-required,90,visa-required,90,90,28,visa-on-arrival,90,e-visa,90,visa-on-arrival,visa-on-arrival,e-visa,visa-required,visa-on-arrival,90,90,e-visa,e-visa,visa-free,visa-required,visa-required,e-visa,visa-required,e-visa,90,e-visa,90,e-visa,visa-required,90,visa-required,e-visa,visa-on-arrival,90,90,90,e-visa,90,21,visa-required,visa-required,90,90,visa-on-arrival,visa-required,90,e-visa,90,120,30,90,e-visa,visa-required,visa-on-arrival,365,visa-required,visa-required,e-visa,e-visa,90,visa-required,visa-on-arrival,visa-required,e-visa,visa-required,90,90,90,visa-required,visa-required,eta,e-visa,e-visa,visa-free,90,90,visa-on-arrival,visa-on-arrival,visa-required,eta,visa-free,visa-on-arrival,visa-required,visa-on-arrival,eta,visa-required,visa-required,visa-required,90,visa-on-arrival,visa-on-arrival,visa-required,90,visa-on-arrival,e-visa,e-visa,90,90,90,e-visa,visa-required,90,,90,visa-on-arrival,visa-required,90,visa-required,visa-required,e-visa,90,e-visa,90,visa-on-arrival,visa-on-arrival,visa-on-arrival,visa-required,30,visa-on-arrival,visa-on-arrival,visa-required,e-visa,90,90,90,visa-on-arrival,visa-required,visa-required,14,90,183,e-visa,visa-required,e-visa,90,visa-free,90,visa-on-arrival,visa-required,90,90,90,90,30,visa-required,visa-required,90,visa-required,90,visa-required,90,90,e-visa,visa-free,visa-required,e-visa,90,e-visa,e-visa,visa-required,e-visa,visa-required,e-visa,e-visa,e-visa,visa-free,visa-on-arrival,visa-required,90,visa-required,90,visa-required,visa-on-arrival,visa-required,visa-on-arrival,90,e-visa,visa-required,visa-required,visa-free,90,90,e-visa,e-visa,e-visa,90,visa-required,visa-required,visa-required,visa-on-arrival,visa-on-arrival
ME,90,90,e-visa,e-visa,90,180,visa-required,90,90,visa-required,90,90,90,visa-on-arrival,90,e-visa,90,visa-on-arrival,visa-on-arrival,e-visa,visa-required,visa-on-arrival,90,e-visa,e-visa,e-visa,30,visa-required,visa-required,e-visa,visa-required,e-visa,90,e-visa,90,e-visa,30,90,90,90,visa-on-arrival,90,90,90,e-visa,90,21,90,e-visa,90,90,visa-on-arrival,visa-required,90,visa-on-arrival,90,e-visa,30,90,e-visa,visa-required,visa-on-arrival,365,visa-required,visa-required,e-visa,e-visa,90,visa-required,visa-on-arrival,visa-required,14,visa-required,90,90,90,visa-required,visa-required,eta,e-visa,e-visa,e-visa,90,90,visa-required,visa-on-arrival,90,eta,60,visa-on-arrival,visa-required,visa-on-arrival,eta,visa-required,eta,visa-required,e-visa,visa-on-arrival,visa-on-arrival,42,90,visa-on-arrival,e-visa,e-visa,90,90,90,e-visa,visa-required,90,90,,visa-on-arrival,visa-required,90,visa-required,visa-required,e-visa,90,e-visa,90,visa-on-arrival,visa-on-arrival,visa-on-arrival,visa-required,e-visa,visa-on-arrival,visa-required,visa-required,e-visa,visa-on-arrival,90,90,visa-on-arrival,visa-required,visa-required,visa-required,90,90,e-visa,visa-required,e-visa,90,visa-free,90,visa-on-arrival,visa-required,visa-on-arrival,90,90,30,visa-on-arrival,visa-on-arrival,visa-required,90,e-visa,90,30,90,90,e-visa,90,visa-required,e-visa,90,e-visa,e-visa,visa-required,e-visa,30,e-visa,e-visa,e-visa,30,visa-on-arrival,e-visa,90,visa-required,90,30,visa-on-arrival,e-visa,visa-on-arrival,90,e-visa,visa-required,90,30,90,90,e-visa,e-visa,e-visa,60,90,visa-required,visa-required,90,e-visa
MG,visa-required,visa-required,e-visa,e-visa,e-visa,visa-required,30,visa-required,visa-required,visa-required,visa-required,visa-required,90,visa-on-arrival,visa-required,e-visa,visa-required,visa-on-arrival,visa-on-arrival,90,visa-required,e-visa,visa-required,e-visa,e-visa,e-visa,visa-required,visa-required,visa-required,e-visa,visa-required,visa-required,visa-required,e-visa,visa-required,e-visa,visa-required,e-visa,visa-required,e-visa,visa-required,visa-required,visa-required,visa-required,e-visa,visa-required,21,visa-required,visa-required,90,visa-required,visa-required,visa-required,visa-required,visa-on-arrival,visa-required,visa-required,30,visa-required,e-visa,visa-required,visa-required,e-visa,visa-on-arrival,90,e-visa,e-visa,visa-required,90,visa-on-arrival,e-visa,14,90,visa-required,90,visa-required,e-visa,visa-required,visa-required,e-visa,e-visa,e-visa,visa-required,visa-required,visa-required,visa-required,visa-required,90,e-visa,visa-on-arrival,visa-required,visa-on-arrival,e-visa,visa-required,visa-required,visa-required,visa-required,visa-on-arrival,visa-required,visa-on-arrival,visa-required,eta,e-visa,visa-required,visa-required,visa-required,visa-required,e-visa,visa-required,visa-required,e-visa,visa-required,,visa-required,visa-required,visa-required,visa-required,e-visa,visa-on-arrival,e-visa,visa-required,visa-on-arrival,visa-on-arrival,visa-on-arrival,visa-required,30,visa-on-arrival,visa-on-arrival,visa-required,e-visa,visa-required,visa-required,visa-required,visa-on-arrival,visa-required,visa-required,visa-required,90,visa-required,e-visa,30,e-visa,visa-required,visa-free,visa-required,visa-on-arrival,visa-required,e-visa,visa-required,e-visa,visa-required,30,visa-required,visa-required,90,visa-required,visa-required,30,visa-required,visa-required,visa-on-arrival,visa-required,visa-on-arrival,e-visa,90,e-visa,e-visa,90,e-visa,30,visa-required,e-visa,e-visa,14,visa-on-arrival,visa-required,visa-required,visa-required,visa-required,e-visa,visa-on-arrival,visa-required,90,visa-required,90,visa-required,visa-required,visa-required,visa-required,90,e-visa,e-visa,e-visa,visa-on-arrival,visa-required,visa-required,90,90,90
MH,90,e-visa,e-visa,180,e-visa,e-visa,30,visa-required,90,visa-required,visa-required,90,90,visa-on-arrival,90,e-visa,90,visa-on-arrival,visa-on-arrival,e-visa,visa-required,visa-on-arrival,visa-required,90,e-visa,e-visa,visa-required,visa-free,visa-required,e-visa,visa-required,visa-required,90,e-visa,visa-required,e-visa,visa-required,180,30,e-visa,visa-on-arrival,90,90,90,e-visa,90,21,30,visa-required,90,90,visa-on-arrival,visa-required,90,e-visa,90,120,365,visa-required,e-visa,eta,visa-required,e-visa,visa-required,visa-required,e-visa,e-visa,90,90,visa-on-arrival,visa-required,14,90,90,90,90,visa-required,visa-required,eta,e-visa,e-visa,visa-on-arrival,90,90,visa-required,visa-on-arrival,visa-required,eta,e-visa,visa-on-arrival,90,visa-on-arrival,eta,visa-required,30,visa-required,e-visa,visa-on-arrival,visa-required,42,90,eta,e-visa,e-visa,90,90,90,e-visa,visa-required,90,90,90,visa-on-arrival,,visa-required,visa-required,e-visa,e-visa,visa-on-arrival,e-visa,90,visa-on-arrival,visa-on-arrival,visa-on-arrival,180,30,visa-on-arrival,e-visa,visa-required,e-visa,90,visa-required,90,visa-on-arrival,visa-on-arrival,visa-required,visa-required,90,90,visa-on-arrival,30,e-visa,90,visa-free,90,365,visa-required,e-visa,90,visa-required,visa-required,visa-on-arrival,visa-required,visa-on-arrival,90,visa-required,90,30,90,90,e-visa,90,visa-on-arrival,e-visa,90,e-visa,e-visa,90,e-visa,visa-required,e-visa,e-visa,e-visa,30,visa-on-arrival,visa-required,visa-required,visa-on-arrival,visa-required,visa-required,visa-on-arrival,90,visa-on-arrival,e-visa,visa-on-arrival,visa-free,visa-required,e-visa,90,90,visa-required,e-visa,90,60,90,visa-required,visa-required,90,visa-on-arrival
MK,90,90,e-visa,e-visa,90,visa-on-arrival,visa-required,90,90,visa-required,e-visa,90,90,visa-on-arrival,90,e-visa,90,e-visa,visa-on-arrival,e-visa,visa-required,visa-on-arrival,90,90,e-visa,e-visa,30,visa-required,visa-required,e-visa,visa-required,e-visa,90,e-visa,90,e-visa,30,90,visa-required,visa-required,visa-on-arrival,90,90,90,e-visa,90,21,90,visa-required,90,90,visa-on-arrival,visa-required,90,visa-on-arrival,90,e-visa,30,90,e-visa,visa-required,visa-on-arrival,90,visa-required,visa-required,e-visa,e-visa,90,90,visa-on-arrival,visa-required,14,90,90,90,90,e-visa,visa-required,eta,e-visa,e-visa,e-visa,90,90,visa-on-arrival,visa-on-arrival,90,eta,60,visa-on-arrival,visa-required,visa-on-arrival,eta,visa-required,visa-required,visa-required,e-visa,visa-on-arrival,visa-on-arrival,visa-required,90,visa-on-arrival,e-visa,e-visa,90,90,90,e-visa,visa-required,90,90,90,visa-on-arrival,visa-on-arrival,,visa-required,visa-required,e-visa,90,e-visa,90,visa-on-arrival,visa-on-arrival,visa-on-arrival,visa-required,30,visa-on-arrival,visa-required,visa-required,e-visa,visa-required,90,90,visa-on-arrival,visa-required,visa-required,14,90,183,e-visa,visa-required,e-visa,90,visa-free,90,visa-on-arrival,visa-required,30,90,90,30,30,visa-required,visa-required,90,e-visa,90,30,90,90,e-visa,90,visa-required,e-visa,90,e-visa,e-visa,180,e-visa,visa-required,e-visa,e-visa,e-visa,e-visa,visa-on-arrival,e-visa,90,visa-required,90,visa-required,visa-on-arrival,90,visa-on-arrival,90,e-visa,visa-required,visa-required,e-visa,90,90,e-visa,e-visa,e-visa,60,90,visa-required,visa-required,visa-on-arrival,e-visa
ML,visa-required,e-visa,e-visa,e-visa,e-visa,visa-required,visa-required,visa-required,visa-required,e-visa,visa-required,visa-required,180,visa-on-arrival,visa-required,visa-free,visa-required,e-visa,visa-on-arrival,90,visa-required,visa-on-arrival,visa-required,90,e-visa,e-visa,visa-required,visa-required,visa-required,e-visa,visa-required,visa-required,visa-required,90,visa-required,e-visa,visa-required,e-visa,visa-required,e-visa,visa-free,visa-required,visa-required,visa-required,e-visa,visa-required,21,visa-required,90,visa-required,visa-required,visa-required,visa-required,visa-required,visa-on-arrival,visa-required,visa-required,30,visa-required,e-visa,visa-required,visa-required,visa-required,90,90,visa-free,e-visa,visa-required,visa-required,visa-free,visa-required,14,visa-required,visa-required,90,visa-required,visa-required,visa-required,visa-required,e-visa,e-visa,visa-on-arrival,visa-required,visa-required,visa-required,visa-required,visa-required,eta,e-visa,visa-on-arrival,visa-required,visa-on-arrival,e-visa,visa-required,visa-required,visa-required,e-visa,visa-on-arrival,visa-required,visa-on-arrival,visa-required,eta,visa-free,e-visa,visa-required,visa-required,visa-required,e-visa,eta,visa-required,e-visa,visa-required,visa-on-arrival,visa-required,visa-required,,visa-required,visa-required,90,90,visa-required,visa-required,visa-on-arrival,e-visa,visa-required,e-visa,visa-on-arrival,e-visa,visa-free,visa-free,visa-required,visa-required,visa-required,visa-on-arrival,visa-required,visa-required,visa-required,visa-required,visa-required,e-visa,30,e-visa,visa-required,visa-free,visa-required,visa-on-arrival,visa-required,e-visa,visa-required,visa-required,visa-required,visa-on-arrival,visa-required,visa-required,90,visa-required,visa-required,e-visa,visa-required,visa-required,visa-free,visa-required,90,e-visa,e-visa,e-visa,e-visa,e-visa,e-visa,visa-required,90,visa-free,e-visa,e-visa,visa-on-arrival,visa-required,visa-free,visa-required,visa-required,visa-required,visa-on-arrival,visa-required,e-visa,visa-required,e-visa,visa-required,visa-required,visa-required,visa-required,30,visa-required,e-visa,visa-required,60,visa-required,visa-required,e-visa,e-visa,e-visa
MM,visa-required,e-visa,e-visa,e-visa,e-visa,e-visa,visa-required,visa-required,visa-required,visa-required,visa-required,visa-required,visa-required,visa-required,visa-required,e-visa,visa-required,visa-on-arrival,visa-on-arrival,e-visa,14,visa-on-arrival,visa-required,e-visa,e-visa,e-visa,30,visa-required,visa-required,e-visa,visa-required,visa-required,visa-required,e-visa,visa-required,e-visa,visa-required,e-visa,visa-required,e-visa,visa-on-arrival,visa-required,visa-required,visa-required,e-visa,visa-required,21,visa-required,visa-required,visa-required,visa-required,visa-required,visa-required,visa-required,e-visa,visa-required,visa-required,30,visa-required,e-visa,visa-required,visa-required,visa-required,visa-required,visa-required,e-visa,e-visa,visa-required,visa-required,visa-on-arrival,e-visa,e-visa,visa-required,visa-required,90,visa-required,30,visa-required,visa-required,e-visa,e-visa,e-visa,visa-required,visa-required,visa-required,visa-on-arrival,visa-required,eta,e-visa,14,visa-required,visa-on-arrival,e-visa,visa-required,visa-required,visa-required,e-visa,14,visa-required,visa-required,visa-required,visa-on-arrival,visa-required,e-visa,visa-required,visa-required,visa-required,e-visa,visa-required,visa-required,e-visa,visa-required,visa-on-arrival,visa-on-arrival,visa-required,visa-required,,e-visa,visa-on-arrival,e-visa,visa-required,visa-on-arrival,visa-on-arrival,visa-on-arrival,visa-required,14,visa-on-arrival,visa-required,visa-required,e-visa,visa-on-arrival,visa-required,visa-required,visa-on-arrival,visa-required,visa-required,visa-required,visa-required,visa-required,e-visa,30,eta,visa-required,visa-required,visa-required,visa-required,visa-required,e-visa,visa-required,visa-required,30,visa-on-arrival,visa-required,visa-required,90,visa-required,visa-required,30,visa-required,visa-required,e-visa,visa-required,visa-required,e-visa,90,e-visa,e-visa,visa-required,visa-required,visa-required,visa-required,e-visa,14,visa-required,visa-on-arrival,visa-required,visa-required,visa-required,visa-required,e-visa,visa-on-arrival,visa-required,visa-on-arrival,e-visa,e-visa,refused,visa-required,visa-required,visa-required,90,e-visa,30,e-visa,60,visa-required,visa-required,visa-required,visa-on-arrival,e-visa
MN,visa-required,30,e-visa,e-visa,e-visa,e-visa,e-visa,90,visa-required,visa-required,e-visa,visa-required,90,visa-on-arrival,visa-required,e-visa,visa-required,visa-on-arrival,visa-on-arrival,e-visa,visa-required,e-visa,90,e-visa,e-visa,e-visa,90,visa-required,visa-required,e-visa,visa-required,visa-required,visa-required,e-visa,90,e-visa,30,90,visa-required,30,visa-required,visa-required,visa-required,visa-required,e-visa,visa-required,21,visa-required,visa-required,90,visa-required,visa-on-arrival,visa-required,visa-required,e-visa,visa-required,visa-required,30,visa-required,e-visa,visa-required,visa-required,e-visa,visa-required,visa-required,e-visa,e-visa,visa-required,visa-required,visa-on-arrival,e-visa,14,visa-required,visa-required,90,visa-required,visa-on-arrival,visa-required,eta,e-visa,e-visa,e-visa,visa-required,visa-required,visa-required,visa-required,e-visa,eta,90,visa-on-arrival,visa-required,visa-on-arrival,e-visa,visa-required,visa-required,visa-required,90,30,visa-required,visa-on-arrival,visa-required,eta,e-visa,visa-required,visa-required,visa-required,visa-required,e-visa,visa-required,visa-required,e-visa,visa-required,visa-on-arrival,visa-on-arrival,visa-required,visa-required,e-visa,,90,e-visa,visa-required,visa-on-arrival,30,visa-on-arrival,visa-required,30,visa-on-arrival,e-visa,visa-required,e-visa,visa-required,visa-required,visa-required,visa-on-arrival,visa-required,visa-required,visa-required,90,90,e-visa,21,e-visa,visa-required,visa-free,visa-required,visa-on-arrival,90,e-visa,visa-required,e-visa,30,visa-on-arrival,visa-required,visa-required,90,visa-required,visa-required,30,visa-required,visa-required,e-visa,visa-required,visa-required,e-visa,90,e-visa,e-visa,visa-required,e-visa,visa-required,e-visa,e-visa,30,30,visa-on-arrival,visa-required,visa-required,visa-required,30,e-visa,visa-on-arrival,visa-required,visa-on-arrival,90,e-visa,visa-required,30,30,visa-required,90,e-visa,30,e-visa,visa-on-arrival,visa-required,visa-required,visa-required,visa-on-arrival,e-visa
MO,90,30,visa-required,30,90,90,visa-required,90,90,e-visa,30,90,30,visa-required,90,e-visa,90,visa-on-arrival,visa-on-arrival,e-visa,14,e-visa,90,e-visa,e-visa,e-visa,30,visa-required,visa-required,e-visa,visa-required,visa-required,90,eta,90,e-visa,visa-free,e-visa,visa-required,e-visa,90,90,90,90,visa-on-arrival,90,180,30,visa-required,90,90,90,visa-required,90,e-visa,90,120,30,90,e-visa,eta,90,30,visa-required,visa-required,e-visa,e-visa,90,visa-required,visa-on-arrival,e-visa,7,visa-required,90,90,90,e-visa,90,eta,visa-required,e-visa,21,90,90,30,visa-on-arrival,90,eta,30,visa-on-arrival,90,visa-on-arrival,eta,visa-required,90,visa-required,14,visa-on-arrival,visa-on-arrival,visa-on-arrival,90,visa-on-arrival,e-visa,visa-required,90,90,90,e-visa,90,90,90,90,visa-on-arrival,visa-required,90,90,visa-on-arrival,90,,e-visa,90,90,visa-on-arrival,visa-on-arrival,180,30,visa-on-arrival,90,visa-required,e-visa,90,90,90,visa-on-arrival,visa-required,eta,visa-on-arrival,visa-required,visa-required,eta,14,visa-required,90,visa-free,90,visa-on-arrival,visa-required,visa-on-arrival,90,90,30,visa-on-arrival,visa-on-arrival,visa-required,90,visa-required,90,30,90,90,visa-on-arrival,90,visa-required,e-visa,eta,e-visa,e-visa,e-visa,e-visa,visa-required,e-visa,e-visa,60,e-visa,visa-on-arrival,visa-required,visa-required,visa-on-arrival,30,visa-required,visa-on-arrival,visa-on-arrival,90,e-visa,e-visa,visa-required,90,10,90,90,visa-required,e-visa,120,30,90,visa-required,30,e-visa,visa-on-arrival
MR,visa-required,e-visa,e-visa,e-visa,e-visa,visa-required,visa-required,visa-required,visa-required,visa-required,visa-required,visa-required,180,visa-on-arrival,visa-required,90,visa-required,e-visa,visa-required,90,visa-required,visa-on-arrival,visa-required,e-visa,e-visa,e-visa,visa-required,visa-required,visa-required,e-visa,visa-required,visa-on-arrival,visa-required,90,visa-required,e-visa,visa-required,e-visa,visa-required,e-visa,visa-free,visa-required,visa-required,visa-required,e-visa,visa-required,21,visa-required,90,visa-required,visa-required,visa-required,visa-required,visa-required,visa-on-arrival,visa-required,visa-required,30,visa-required,e-visa,visa-required,visa-required,e-visa,visa-on-arrival,90,visa-free,e-visa,visa-required,visa-required,visa-on-arrival,visa-required,14,visa-required,visa-required,90,visa-required,visa-required,visa-required,visa-required,e-visa,e-visa,15,visa-required,visa-required,visa-required,visa-required,visa-required,eta,e-visa,visa-on-arrival,visa-required,visa-on-arrival,e-visa,visa-required,visa-required,visa-required,e-visa,visa-on-arrival,visa-required,visa-on-arrival,visa-required,eta,e-visa,e-visa,visa-required,visa-required,visa-required,90,visa-required,visa-required,e-visa,visa-required,visa-on-arrival,visa-required,visa-required,90,visa-required,e-visa,visa-on-arrival,,visa-required,30,visa-on-arrival,e-visa,visa-required,30,visa-on-arrival,visa-on-arrival,90,e-visa,visa-on-arrival,visa-required,visa-required,visa-on-arrival,visa-required,visa-required,visa-required,visa-required,visa-required,e-visa,30,e-visa,visa-required,visa-free,visa-required,visa-on-arrival,visa-required,e-visa,visa-required,visa-required,visa-required,visa-on-arrival,visa-required,visa-required,90,visa-required,visa-required,30,visa-required,visa-required,90,visa-required,visa-on-arrival,e-visa,e-visa,e-visa,e-visa,e-visa,e-visa,visa-required,90,e-visa,e-visa,e-visa,visa-on-arrival,visa-required,visa-free,visa-required,visa-required,visa-required,visa-on-arrival,visa-required,e-visa,visa-required,visa-on-arrival,visa-required,visa-required,visa-required,visa-required,30,visa-required,e-visa,visa-required,60,visa-required,visa-required,visa-required,e-visa,e-visa
MT,visa-free,90,e-visa,180,90,180,30,90,visa-free,90,e-visa,90,90,visa-on-arrival,visa-free,e-visa,visa-free,visa-on-arrival,visa-on-arrival,e-visa,90,90,90,90,e-visa,90,30,30,eta,e-visa,visa-required,visa-required,visa-free,e-visa,90,e-visa,30,90,180,e-visa,30,visa-free,visa-free,visa-free,visa-on-arrival,visa-free,90,30,visa-required,90,visa-free,visa-on-arrival,visa-required,visa-free,visa-on-arrival,visa-free,120,90,visa-free,visa-on-arrival,eta,90,365,visa-required,90,e-visa,e-visa,visa-free,90,visa-on-arrival,e-visa,90,90,visa-free,90,visa-free,visa-on-arrival,visa-free,eta,e-visa,e-visa,e-visa,visa-free,visa-free,visa-free,visa-on-arrival,90,eta,60,visa-on-arrival,90,visa-on-arrival,eta,visa-required,90,visa-on-arrival,30,visa-on-arrival,visa-on-arrival,90,visa-free,visa-on-arrival,e-visa,90,visa-free,visa-free,visa-free,e-visa,90,visa-free,90,90,visa-on-arrival,90,90,visa-required,e-visa,30,90,e-visa,,180,visa-on-arrival,visa-on-arrival,180,90,visa-on-arrival,visa-on-arrival,visa-required,e-visa,90,visa-free,visa-free,visa-on-arrival,visa-required,90,14,90,90,e-visa,30,e-visa,visa-free,visa-free,visa-free,90,90,90,visa-free,90,e-visa,30,visa-on-arrival,90,eta,visa-required,visa-free,90,visa-free,visa-free,visa-on-arrival,visa-free,90,e-visa,90,e-visa,15,180,visa-on-arrival,30,e-visa,e-visa,60,30,90,visa-required,90,90,90,90,90,90,90,90,90,90,90,30,visa-free,90,90,e-visa,90,90,90,visa-required,90,90,90
MU,90,30,e-visa,180,90,visa-required,30,visa-required,90,visa-required,e-visa,90,180,visa-required,90,e-visa,90,e-visa,visa-on-arrival,90,visa-required,visa-on-arrival,visa-required,90,e-visa,90,visa-required,visa-free,visa-required,visa-on-arrival,visa-required,visa-required,90,e-visa,90,e-visa,60,e-visa,90,e-visa,visa-on-arrival,90,90,90,e-visa,90,180,90,visa-required,90,90,visa-required,visa-required,90,visa-on-arrival,90,120,30,90,90,eta,90,90,60,90,e-visa,e-visa,90,visa-required,visa-on-arrival,visa-required,90,visa-required,90,90,90,visa-required,visa-required,eta,e-visa,e-visa,15,90,90,visa-free,visa-on-arrival,90,90,e-visa,visa-on-arrival,30,visa-on-arrival,180,visa-required,eta,visa-required,e-visa,visa-on-arrival,visa-required,visa-on-arrival,90,visa-on-arrival,visa-required,90,90,90,90,e-visa,visa-required,90,90,90,visa-on-arrival,visa-on-arrival,90,visa-required,e-visa,e-visa,90,e-visa,90,,visa-on-arrival,90,visa-required,30,90,90,visa-required,visa-on-arrival,visa-on-arrival,90,90,visa-on-arrival,visa-required,eta,visa-required,180,visa-required,eta,30,e-visa,90,visa-free,90,visa-on-arrival,visa-required,visa-on-arrival,90,visa-required,90,90,visa-on-arrival,visa-required,90,visa-required,90,30,90,90,visa-on-arrival,90,90,e-visa,e-visa,e-visa,e-visa,visa-required,e-visa,30,visa-required,e-visa,30,e-visa,visa-on-arrival,visa-required,90,visa-required,e-visa,visa-free,visa-on-arrival,e-visa,90,e-visa,90,visa-required,visa-required,e-visa,90,30,visa-required,e-visa,30,60,90,visa-required,30,90,90
MV,visa-required,90,visa-required,180,e-visa,e-visa,visa-required,visa-required,visa-required,e-visa,e-visa,visa-required,180,90,visa-required,e-visa,visa-required,e-visa,visa-on-arrival,e-visa,14,e-visa,visa-required,90,14,90,visa-required,visa-free,visa-required,e-visa,visa-required,visa-required,visa-required,eta,visa-required,e-visa,30,e-visa,30,e-visa,visa-on-arrival,visa-required,visa-required,visa-required,visa-on-arrival,visa-required,180,visa-required,visa-required,90,visa-required,visa-required,visa-required,visa-required,e-visa,visa-required,120,30,visa-required,e-visa,eta,90,e-visa,visa-required,90,e-visa,e-visa,visa-required,visa-required,visa-on-arrival,30,90,visa-required,visa-required,90,visa-required,visa-on-arrival,90,e-visa,90,e-visa,visa-on-arrival,visa-required,visa-required,visa-free,visa-on-arrival,visa-required,90,30,visa-on-arrival,90,visa-on-arrival,eta,visa-required,e-visa,visa-required,30,visa-on-arrival,visa-required,42,visa-required,visa-on-arrival,e-visa,90,visa-required,visa-required,visa-required,e-visa,30,visa-required,e-visa,visa-required,visa-on-arrival,visa-on-arrival,visa-required,visa-required,e-visa,30,visa-on-arrival,e-visa,visa-required,90,,30,visa-required,90,visa-on-arrival,visa-on-arrival,visa-required,e-visa,visa-on-arrival,visa-required,visa-required,visa-on-arrival,visa-required,visa-required,e-visa,90,visa-required,eta,30,90,visa-required,visa-free,visa-required,visa-on-arrival,visa-required,visa-on-arrival,visa-required,visa-required,90,30,visa-on-arrival,visa-on-arrival,90,visa-required,visa-required,30,visa-required,visa-required,e-visa,visa-required,visa-required,e-visa,eta,e-visa,e-visa,e-visa,e-visa,30,e-visa,e-visa,60,30,visa-on-arrival,visa-required,90,visa-required,visa-on-arrival,visa-free,visa-on-arrival,visa-required,visa-on-arrival,e-visa,e-visa,visa-required,visa-required,e-visa,visa-required,90,90,e-visa,120,visa-on-arrival,90,visa-required,30,90,90
MW,visa-required,e-visa,e-visa,30,e-visa,visa-required,30,visa-required,visa-required,visa-required,visa-required,visa-required,180,90,visa-required,e-visa,visa-required,e-visa,visa-on-arrival,90,visa-required,visa-on-arrival,visa-required,90,e-visa,90,visa-required,visa-free,visa-required,e-visa,visa-required,visa-required,visa-required,e-visa,visa-required,e-visa,visa-required,e-visa,visa-required,e-visa,visa-on-arrival,visa-required,visa-required,visa-required,e-visa,visa-required,180,visa-required,visa-required,90,visa-required,visa-required,visa-required,visa-required,visa-on-arrival,visa-required,120,30,visa-required,e-visa,visa-required,90,e-visa,visa-on-arrival,90,e-visa,e-visa,visa-required,visa-required,visa-on-arrival,visa-required,90,visa-required,visa-required,90,visa-required,visa-required,visa-required,eta,e-visa,e-visa,visa-on-arrival,visa-required,visa-required,180,visa-on-arrival,visa-required,eta,e-visa,visa-on-arrival,30,visa-on-arrival,eta,visa-required,visa-required,visa-required,e-visa,visa-on-arrival,visa-required,42,visa-required,eta,visa-required,90,visa-required,visa-required,visa-required,e-visa,visa-required,visa-required,e-visa,visa-required,visa-on-arrival,visa-required,visa-required,visa-required,visa-required,e-visa,visa-on-arrival,e-visa,visa-required,90,visa-on-arrival,,visa-required,30,visa-free,90,visa-required,e-visa,visa-on-arrival,visa-required,visa-required,visa-on-arrival,visa-required,visa-required,visa-required,visa-required,visa-required,e-visa,30,e-visa,visa-required,visa-free,visa-required,visa-on-arrival,visa-required,e-visa,visa-required,visa-required,visa-required,30,visa-required,visa-required,90,visa-required,visa-required,30,visa-required,visa-required,visa-on-arrival,visa-required,visa-on-arrival,e-visa,e-visa,e-visa,e-visa,e-visa,e-visa,visa-required,e-visa,visa-on-arrival,e-visa,e-visa,visa-on-arrival,visa-required,visa-required,visa-required,visa-required,visa-free,visa-on-arrival,visa-required,90,visa-required,90,visa-required,visa-required,visa-required,visa-required,30,visa-required,e-visa,120,60,90,visa-required,30,90,90
MX,90,180,e-visa,180,90,visa-on-arrival,30,90,90,10,e-visa,90,30,visa-required,90,e-visa,90,visa-on-arrival,visa-on-arrival,e-visa,visa-required,180,e-visa,90,e-visa,90,30,30,visa-required,e-visa,visa-required,visa-required,90,e-visa,90,e-visa,60,90,180,e-visa,visa-required,90,90,90,e-visa,90,180,90,visa-required,90,90,visa-on-arrival,visa-required,90,visa-on-arrival,90,120,30,90,e-visa,eta,90,365,visa-required,visa-required,e-visa,e-visa,90,90,visa-on-arrival,e-visa,90,90,90,90,90,visa-on-arrival,90,eta,e-visa,e-visa,15,90,90,90,visa-on-arrival,90,eta,30,visa-on-arrival,90,visa-on-arrival,90,visa-required,eta,visa-required,30,visa-on-arrival,visa-on-arrival,42,90,eta,e-visa,e-visa,90,90,90,e-visa,90,90,90,90,visa-on-arrival,visa-on-arrival,90,visa-required,e-visa,e-visa,90,e-visa,90,180,visa-on-arrival,visa-on-arrival,,30,visa-on-arrival,visa-on-arrival,visa-required,e-visa,visa-required,90,90,visa-on-arrival,visa-required,eta,visa-required,90,183,eta,30,e-visa,90,visa-free,90,visa-on-arrival,90,30,90,90,e-visa,visa-on-arrival,visa-required,visa-required,90,visa-required,90,30,90,90,e-visa,90,visa-required,e-visa,90,e-visa,e-visa,180,e-visa,visa-required,e-visa,e-visa,60,30,visa-on-arrival,visa-required,90,visa-required,e-visa,90,visa-on-arrival,visa-required,visa-on-arrival,e-visa,e-visa,visa-required,90,30,90,90,90,e-visa,120,visa-on-arrival,90,visa-required,eta,visa-on-arrival,visa-on-arrival
MY,90,30,e-visa,180,90,e-visa,e-visa,30,90,eta,visa-on-arrival,90,180,visa-on-arrival,90,e-visa,90,visa-on-arrival,visa-on-arrival,30,30,e-visa,90,90,e-visa,90,30,180,visa-required,e-visa,visa-required,visa-required,90,e-visa,30,e-visa,30,e-visa,90,90,visa-on-arrival,90,90,90,visa-on-arrival,90,180,30,90,90,90,30,visa-required,90,visa-on-arrival,90,120,30,90,e-visa,eta,90,365,e-visa,90,e-visa,e-visa,90,90,visa-on-arrival,60,90,90,90,90,90,30,90,e-visa,e-visa,30,14,90,90,180,visa-on-arrival,90,90,30,30,90,visa-on-arrival,eta,visa-required,eta,visa-on-arrival,30,30,visa-on-arrival,visa-on-arrival,90,eta,e-visa,90,90,90,90,30,90,90,90,90,visa-on-arrival,visa-on-arrival,30,visa-required,14,30,30,e-visa,90,90,90,90,180,,visa-on-arrival,90,visa-required,e-visa,90,90,90,visa-on-arrival,visa-required,eta,14,90,90,e-visa,30,e-visa,90,visa-free,90,visa-on-arrival,30,90,90,e-visa,e-visa,30,visa-on-arrival,visa-on-arrival,90,visa-on-arrival,90,30,90,90,visa-on-arrival,90,90,30,30,e-visa,e-visa,90,visa-on-arrival,30,e-visa,e-visa,30,30,30,visa-required,90,visa-on-arrival,90,visa-free,visa-on-arrival,30,90,e-visa,90,visa-required,30,30,90,90,90,30,120,visa-on-arrival,90,visa-on-arrival,90,90,90
MZ,visa-required,visa-required,e-visa,e-visa,e-visa,visa-required,30,visa-required,visa-required,visa-required,visa-required,visa-required,90,visa-on-arrival,visa-required,e-visa,visa-required,visa-on-arrival,visa-on-arrival,90,visa-required,e-visa,visa-required,e-visa,e-visa,90,visa-required,visa-required,visa-required,e-visa,visa-required,visa-required,visa-required,e-visa,visa-required,e-visa,visa-required,e-visa,visa-required,e-visa,90,visa-required,visa-required,visa-required,e-visa,visa-required,180,visa-required,visa-required,90,visa-required,visa-required,visa-required,visa-required,visa-on-arrival,visa-required,visa-required,30,visa-required,e-visa,visa-required,90,e-visa,60,90,e-visa,e-visa,visa-required,visa-required,visa-on-arrival,e-visa,14,visa-required,visa-required,90,visa-required,visa-on-arrival,visa-required,visa-required,e-visa,e-visa,e-visa,visa-required,visa-required,180,visa-required,visa-required,eta,e-visa,visa-on-arrival,90,visa-on-arrival,e-visa,visa-required,visa-required,visa-required,visa-required,visa-required,visa-required,visa-on-arrival,visa-required,eta,e-visa,90,visa-required,visa-required,visa-required,e-visa,visa-required,visa-required,e-visa,visa-required,visa-on-arrival,visa-required,visa-required,visa-required,visa-required,e-visa,visa-on-arrival,e-visa,visa-required,90,visa-on-arrival,90,visa-required,visa-required,,90,visa-required,e-visa,visa-required,visa-required,visa-required,visa-on-arrival,visa-required,visa-required,visa-required,visa-required,visa-required,e-visa,30,e-visa,visa-required,visa-required,visa-required,visa-on-arrival,visa-required,e-visa,visa-required,e-visa,visa-required,30,visa-required,visa-required,90,visa-required,visa-required,30,visa-required,visa-required,visa-on-arrival,visa-required,visa-required,e-visa,90,e-visa,15,visa-required,e-visa,30,visa-required,e-visa,e-visa,e-visa,visa-on-arrival,visa-required,visa-required,visa-required,visa-required,e-visa,visa-on-arrival,visa-required,90,visa-required,90,visa-required,visa-required,visa-required,visa-required,90,e-visa,e-visa,e-visa,visa-on-arrival,visa-required,visa-required,30,90,30
NA,visa-required,visa-required,e-visa,30,e-visa,visa-required,visa-free,visa-required,visa-required,visa-required,visa-required,visa-required,90,visa-on-arrival,visa-required,e-visa,visa-required,visa-on-arrival,visa-on-arrival,90,visa-required,visa-on-arrival,90,90,e-visa,90,visa-required,visa-free,visa-required,e-visa,visa-required,visa-required,visa-required,e-visa,visa-required,e-visa,visa-required,e-visa,visa-required,visa-free,visa-on-arrival,visa-required,visa-required,visa-required,e-visa,visa-required,180,30,visa-required,90,visa-required,visa-required,visa-required,visa-required,visa-on-arrival,visa-required,visa-required,30,visa-required,e-visa,visa-required,90,e-visa,visa-on-arrival,90,90,e-visa,visa-required,visa-required,visa-on-arrival,visa-required,90,visa-required,visa-required,90,visa-required,visa-required,visa-required,visa-required,e-visa,e-visa,e-visa,visa-required,visa-required,180,visa-required,visa-required,90,e-visa,visa-on-arrival,90,visa-on-arrival,e-visa,visa-required,visa-required,visa-required,e-visa,visa-on-arrival,visa-required,42,visa-required,eta,visa-required,90,visa-required,visa-required,visa-required,e-visa,visa-required,visa-required,e-visa,visa-required,visa-on-arrival,visa-required,visa-required,visa-required,visa-required,e-visa,30,e-visa,visa-required,90,visa-on-arrival,90,visa-required,30,90,,visa-required,e-visa,visa-required,visa-required,visa-required,visa-on-arrival,visa-required,visa-required,visa-required,90,visa-required,e-visa,30,e-visa,visa-required,visa-free,visa-required,visa-on-arrival,visa-required,e-visa,visa-required,visa-required,90,30,visa-required,visa-required,90,visa-required,visa-required,30,visa-required,visa-required,visa-on-arrival,visa-required,visa-on-arrival,e-visa,90,e-visa,e-visa,visa-required,e-visa,30,e-visa,e-visa,visa-on-arrival,e-visa,visa-on-arrival,visa-required,90,visa-required,e-visa,visa-free,visa-on-arrival,visa-required,90,visa-required,e-visa,visa-required,visa-required,visa-required,visa-required,90,e-visa,e-visa,30,60,90,visa-required,90,90,90
NE,visa-required,e-visa,e-visa,e-visa,e-visa,visa-required,e-visa,visa-required,visa-required,e-visa,visa-required,visa-required,90,visa-on-arrival,visa-required,visa-free,visa-required,e-visa,visa-on-arrival,90,visa-required,visa-on-arrival,visa-required,e-visa,e-visa,e-visa,visa-required,visa-required,visa-required,e-visa,90,visa-on-arrival,visa-required,90,visa-required,e-visa,visa-required,e-visa,visa-required,e-visa,5,visa-required,visa-required,visa-required,e-visa,visa-required,21,visa-required,visa-required,90,visa-required,visa-required,visa-required,visa-required,visa-on-arrival,visa-required,visa-required,30,visa-required,e-visa,visa-required,visa-required,e-visa,90,90,visa-free,e-visa,visa-required,visa-required,visa-free,e-visa,14,visa-required,visa-required,90,visa-required,e-visa,visa-required,visa-required,e-visa,e-visa,visa-on-arrival,visa-required,visa-required,visa-required,visa-required,visa-required,60,e-visa,visa-on-arrival,visa-required,visa-on-arrival,e-visa,visa-required,visa-required,visa-required,e-visa,visa-required,visa-required,visa-required,visa-required,eta,visa-free,e-visa,visa-required,visa-required,visa-required,e-visa,90,visa-required,e-visa,visa-required,visa-on-arrival,visa-required,visa-required,visa-free,visa-required,visa-required,visa-on-arrival,90,visa-required,visa-on-arrival,visa-on-arrival,e-visa,visa-required,e-visa,visa-on-arrival,visa-on-arrival,,visa-free,visa-on-arrival,visa-required,visa-required,visa-on-arrival,visa-required,visa-required,e-visa,visa-required,visa-required,e-visa,30,e-visa,visa-required,visa-free,visa-required,visa-on-arrival,visa-required,e-visa,visa-required,visa-required,visa-required,visa-on-arrival,visa-required,visa-required,90,visa-required,visa-required,30,visa-required,visa-required,visa-free,visa-required,90,e-visa,e-visa,e-visa,e-visa,visa-required,e-visa,visa-required,90,visa-free,e-visa,e-visa,visa-on-arrival,visa-required,visa-free,visa-required,visa-required,e-visa,visa-on-arrival,visa-required,e-visa,visa-required,e-visa,refused,visa-required,visa-required,visa-required,30,visa-required,e-visa,e-visa,60,visa-required,visa-required,e-visa,e-visa,e-visa
NG,visa-required,e-visa,e-visa,e-visa,e-visa,visa-required,e-visa,visa-required,visa-required,visa-required,visa-required,visa-required,180,visa-required,visa-required,visa-free,visa-required,e-visa,visa-required,90,visa-required,visa-required,visa-required,e-visa,e-visa,e-visa,visa-required,visa-required,visa-required,e-visa,visa-required,visa-required,visa-required,90,visa-required,90,visa-required,e-visa,visa-required,visa-required,visa-free,visa-required,visa-required,visa-required,e-visa,visa-required,180,visa-required,visa-required,visa-required,visa-required,visa-required,visa-required,visa-required,visa-on-arrival,visa-required,120,30,visa-required,e-visa,visa-required,visa-required,visa-required,90,90,visa-free,e-visa,visa-required,visa-required,visa-free,visa-required,e-visa,visa-required,visa-required,90,visa-required,visa-required,visa-required,visa-required,visa-required,e-visa,visa-on-arrival,visa-required,visa-required,visa-required,visa-required,visa-required,60,e-visa,visa-on-arrival,90,visa-on-arrival,90,visa-required,visa-required,visa-required,e-visa,visa-required,visa-on-arrival,visa-required,visa-required,visa-required,visa-free,e-visa,visa-required,visa-required,visa-required,e-visa,visa-required,visa-required,visa-required,visa-required,visa-on-arrival,visa-required,visa-required,visa-free,visa-required,visa-required,visa-required,e-visa,visa-required,visa-on-arrival,visa-on-arrival,e-visa,visa-required,e-visa,visa-on-arrival,visa-on-arrival,visa-free,,visa-required,visa-required,visa-required,visa-required,visa-required,visa-required,visa-required,visa-required,visa-required,visa-required,e-visa,e-visa,visa-required,visa-free,visa-required,visa-on-arrival,visa-required,e-visa,visa-required,visa-required,visa-required,visa-on-arrival,visa-required,visa-required,visa-required,visa-required,visa-required,visa-required,visa-required,visa-required,visa-free,visa-required,90,e-visa,e-visa,e-visa,e-visa,visa-required,e-visa,visa-required,90,visa-free,e-visa,e-visa,visa-on-arrival,visa-required,visa-required,visa-required,visa-required,e-visa,visa-on-arrival,visa-required,visa-required,visa-required,visa-on-arrival,visa-required,visa-required,visa-required,visa-required,visa-required,visa-required,e-visa,30,visa-on-arrival,visa-required,visa-required,e-visa,e-visa,e-visa
NI,90,e-visa,e-visa,e-visa,90,visa-on-arrival,e-visa,90,90,visa-required,visa-required,90,90,visa-on-arrival,90,e-visa,90,e-visa,visa-on-arrival,e-visa,visa-required,visa-on-arrival,90,90,e-visa,e-visa,30,90,visa-required,e-visa,visa-required,visa-required,90,e-visa,90,e-visa,visa-required,e-visa,visa-required,e-visa,visa-on-arrival,90,90,90,e-visa,90,180,90,visa-required,90,90,visa-on-arrival,visa-required,90,e-visa,90,visa-required,30,90,e-visa,visa-required,visa-required,e-visa,visa-required,visa-free,e-visa,e-visa,90,90,visa-on-arrival,visa-required,e-visa,90,90,90,90,e-visa,visa-required,visa-required,e-visa,e-visa,visa-on-arrival,90,90,visa-required,visa-on-arrival,visa-required,eta,e-visa,visa-on-arrival,visa-required,visa-on-arrival,90,visa-required,eta,visa-required,30,visa-on-arrival,visa-required,visa-on-arrival,90,visa-on-arrival,e-visa,e-visa,90,90,90,e-visa,visa-required,90,90,90,visa-on-arrival,visa-required,90,visa-required,visa-required,e-visa,visa-on-arrival,e-visa,90,90,visa-on-arrival,visa-on-arrival,visa-required,30,visa-on-arrival,visa-on-arrival,visa-required,e-visa,,90,90,visa-on-arrival,visa-required,visa-required,e-visa,90,visa-required,e-visa,30,e-visa,90,visa-free,90,visa-on-arrival,90,30,90,visa-required,90,visa-on-arrival,visa-required,visa-required,visa-on-arrival,visa-required,90,30,90,90,e-visa,90,visa-required,e-visa,eta,e-visa,e-visa,90,e-visa,visa-required,e-visa,e-visa,e-visa,e-visa,visa-on-arrival,visa-required,visa-required,visa-required,90,90,visa-on-arrival,90,visa-on-arrival,e-visa,e-visa,visa-required,90,30,90,30,90,e-visa,visa-required,visa-on-arrival,90,visa-required,visa-required,visa-on-arrival,visa-on-arrival
NL,visa-free,90,e-visa,180,90,180,30,90,visa-free,eta,e-visa,90,90,visa-on-arrival,visa-free,e-visa,visa-free,visa-on-arrival,visa-on-arrival,e-visa,90,90,90,240,e-visa,90,30,30,eta,e-visa,visa-required,visa-required,visa-free,e-visa,90,e-visa,30,90,90,e-visa,30,visa-free,visa-free,visa-free,e-visa,visa-free,90,90,visa-required,90,visa-free,visa-on-arrival,visa-required,visa-free,visa-on-arrival,visa-free,120,90,visa-free,e-visa,eta,90,365,visa-required,90,e-visa,e-visa,visa-free,90,visa-on-arrival,90,90,90,visa-free,90,visa-free,visa-on-arrival,visa-free,eta,e-visa,e-visa,e-visa,visa-free,visa-free,90,visa-on-arrival,90,eta,60,visa-on-arrival,90,visa-on-arrival,90,visa-required,90,visa-on-arrival,30,visa-on-arrival,visa-on-arrival,90,visa-free,visa-on-arrival,e-visa,14,visa-free,visa-free,visa-free,e-visa,90,visa-free,90,90,visa-on-arrival,90,90,visa-required,e-visa,30,90,e-visa,visa-free,90,visa-on-arrival,visa-on-arrival,180,90,30,visa-on-arrival,visa-required,e-visa,90,,visa-free,visa-on-arrival,visa-required,eta,14,90,90,e-visa,30,e-visa,visa-free,visa-free,visa-free,90,90,90,visa-free,90,e-visa,visa-on-arrival,visa-on-arrival,90,90,visa-required,visa-free,90,visa-free,visa-free,visa-on-arrival,visa-free,90,e-visa,90,e-visa,15,90,e-visa,30,e-visa,e-visa,60,30,90,visa-required,90,90,90,90,90,90,visa-on-arrival,90,e-visa,90,90,30,visa-free,90,90,45,90,90,90,visa-required,90,30,visa-on-arrival
NO,90,90,e-visa,180,90,180,30,90,visa-free,eta,e-visa,90,180,visa-on-arrival,visa-free,visa-on-arrival,visa-free,visa-on-arrival,visa-on-arrival,e-visa,90,90,90,240,e-visa,90,10,visa-free,eta,e-visa,visa-required,visa-required,freedom-of-movement,e-visa,90,e-visa,30,90,90,e-visa,30,visa-free,visa-free,freedom-of-movement,e-visa,freedom-of-movement,180,30,visa-required,90,visa-free,visa-on-arrival,visa-required,freedom-of-movement,visa-on-arrival,freedom-of-movement,120,90,freedom-of-movement,e-visa,eta,90,365,visa-required,90,e-visa,e-visa,visa-free,90,visa-on-arrival,90,90,90,visa-free,90,visa-free,visa-on-arrival,visa-free,eta,e-visa,e-visa,visa-free,visa-free,visa-free,90,visa-on-arrival,90,eta,60,visa-on-arrival,90,visa-on-arrival,eta,visa-required,90,visa-on-arrival,30,15,visa-on-arrival,90,visa-free,visa-on-arrival,e-visa,14,visa-free,visa-free,visa-free,e-visa,90,visa-free,90,90,visa-on-arrival,visa-on-arrival,90,visa-required,e-visa,30,90,e-visa,visa-free,180,visa-on-arrival,30,180,90,30,visa-on-arrival,visa-required,e-visa,90,90,,visa-on-arrival,visa-required,eta,14,90,90,eta,30,e-visa,visa-free,visa-free,freedom-of-movement,90,90,90,visa-free,90,e-visa,visa-on-arrival,visa-on-arrival,90,90,visa-required,visa-free,90,visa-free,visa-free,visa-on-arrival,90,visa-on-arrival,e-visa,90,e-visa,15,90,e-visa,30,e-visa,e-visa,60,30,90,visa-required,90,90,90,90,90,90,visa-on-arrival,90,e-visa,90,90,30,90,180,90,45,90,90,90,visa-required,90,90,visa-on-arrival
NP,visa-required,visa-required,e-visa,e-visa,e-visa,visa-required,e-visa,visa-required,visa-required,visa-required,e-visa,visa-required,90,visa-on-arrival,visa-required,e-visa,visa-required,visa-on-arrival,visa-on-arrival,e-visa,visa-required,e-visa,visa-required,e-visa,e-visa,e-visa,visa-required,visa-required,visa-required,e-visa,visa-required,visa-required,visa-required,e-visa,visa-required,e-visa,visa-required,e-visa,visa-required,visa-required,visa-required,visa-required,visa-required,visa-required,e-visa,visa-required,21,visa-required,visa-required,visa-required,visa-required,visa-on-arrival,visa-required,visa-required,e-visa,visa-required,visa-required,30,visa-required,e-visa,visa-required,visa-required,visa-required,visa-required,visa-required,e-visa,e-visa,visa-required,visa-required,visa-on-arrival,visa-required,e-visa,visa-required,visa-required,90,visa-required,e-visa,visa-required,visa-required,freedom-of-movement,e-visa,e-visa,visa-required,visa-required,visa-required,visa-required,visa-required,eta,e-visa,visa-on-arrival,visa-required,visa-on-arrival,e-visa,visa-required,visa-required,visa-required,visa-required,visa-on-arrival,visa-required,visa-required,visa-required,eta,e-visa,visa-required,visa-required,visa-required,visa-required,e-visa,visa-required,visa-required,visa-required,visa-required,visa-on-arrival,visa-required,visa-required,visa-required,e-visa,e-visa,visa-required,e-visa,visa-required,visa-on-arrival,visa-on-arrival,e-visa,visa-required,e-visa,visa-on-arrival,e-visa,visa-required,e-visa,visa-required,visa-required,visa-required,,visa-required,visa-required,visa-required,visa-required,visa-required,e-visa,30,30,visa-required,visa-free,visa-required,visa-on-arrival,visa-required,e-visa,visa-required,e-visa,visa-required,visa-on-arrival,visa-required,visa-required,90,visa-required,visa-required,30,visa-required,visa-required,e-visa,visa-required,visa-on-arrival,e-visa,e-visa,e-visa,e-visa,visa-required,e-visa,visa-required,e-visa,e-visa,e-visa,visa-required,visa-on-arrival,visa-required,visa-required,visa-required,visa-required,e-visa,visa-on-arrival,visa-required,visa-on-arrival,e-visa,e-visa,visa-required,visa-required,e-visa,visa-required,90,e-visa,e-visa,e-visa,visa-on-arrival,visa-required,visa-required,visa-required,e-visa,e-visa
NR,visa-required,90,e-visa,30,e-visa,e-visa,30,visa-required,visa-required,e-visa,visa-required,visa-required,90,visa-on-arrival,visa-required,e-visa,visa-required,e-visa,visa-on-arrival,e-visa,visa-required,visa-on-arrival,visa-required,90,e-visa,90,visa-required,visa-required,visa-required,e-visa,visa-required,visa-required,visa-required,e-visa,visa-required,e-visa,visa-required,e-visa,30,e-visa,visa-on-arrival,visa-required,visa-required,visa-required,e-visa,visa-required,180,30,visa-required,90,visa-required,visa-on-arrival,visa-required,visa-required,e-visa,visa-required,120,30,visa-required,e-visa,visa-required,90,e-visa,visa-required,90,e-visa,e-visa,visa-required,90,visa-on-arrival,visa-required,90,90,visa-required,90,visa-required,visa-required,visa-required,eta,e-visa,e-visa,visa-on-arrival,visa-required,visa-required,visa-free,visa-on-arrival,visa-required,eta,e-visa,visa-on-arrival,30,visa-on-arrival,eta,visa-required,30,visa-required,e-visa,visa-required,visa-required,42,visa-required,eta,e-visa,90,visa-required,visa-required,visa-required,e-visa,visa-required,visa-required,e-visa,visa-required,visa-on-arrival,visa-on-arrival,visa-required,visa-required,e-visa,e-visa,visa-on-arrival,e-visa,visa-required,90,visa-on-arrival,90,visa-required,30,visa-on-arrival,e-visa,visa-required,e-visa,visa-on-arrival,visa-required,visa-required,visa-on-arrival,,visa-required,e-visa,180,183,visa-on-arrival,visa-required,e-visa,visa-required,visa-free,visa-required,visa-on-arrival,visa-required,e-visa,visa-required,visa-required,14,30,visa-required,visa-on-arrival,90,visa-required,visa-required,30,visa-required,visa-required,e-visa,visa-required,visa-required,e-visa,e-visa,e-visa,e-visa,e-visa,e-visa,visa-required,e-visa,e-visa,visa-on-arrival,e-visa,visa-on-arrival,visa-required,visa-required,visa-on-arrival,visa-required,visa-free,visa-on-arrival,visa-required,90,e-visa,e-visa,visa-required,visa-required,e-visa,visa-required,30,e-visa,e-visa,120,60,90,visa-required,visa-required,90,90
NZ,90,90,e-visa,180,90,180,30,90,90,visa-free,e-visa,90,180,visa-on-arrival,90,e-visa,90,visa-on-arrival,visa-on-arrival,e-visa,30,90,90,90,e-visa,90,10,visa-free,eta,e-visa,visa-required,visa-required,90,e-visa,90,e-visa,30,90,90,e-visa,visa-on-arrival,90,90,90,e-visa,90,180,30,visa-required,90,90,visa-on-arrival,visa-required,90,visa-on-arrival,90,120,30,90,e-visa,eta,90,365,visa-required,90,e-visa,e-visa,90,90,visa-on-arrival,90,90,90,90,90,90,visa-on-arrival,90,eta,e-visa,e-visa,visa-free,90,90,visa-free,visa-on-arrival,90,eta,30,visa-on-arrival,90,visa-on-arrival,eta,visa-required,90,visa-on-arrival,30,visa-on-arrival,visa-on-arrival,42,90,eta,e-visa,14,90,90,90,e-visa,90,90,90,90,visa-on-arrival,visa-on-arrival,90,visa-required,e-visa,30,90,e-visa,90,180,visa-on-arrival,visa-on-arrival,180,90,visa-on-arrival,visa-on-arrival,visa-required,e-visa,e-visa,90,90,visa-on-arrival,visa-required,,14,90,90,eta,30,e-visa,90,visa-free,90,visa-on-arrival,90,30,90,90,visa-required,30,visa-on-arrival,visa-on-arrival,90,visa-required,90,90,90,90,visa-on-arrival,90,visa-on-arrival,e-visa,90,e-visa,e-visa,180,e-visa,30,e-visa,e-visa,60,30,visa-on-arrival,visa-required,90,visa-on-arrival,90,e-visa,visa-on-arrival,90,visa-on-arrival,90,e-visa,eta,90,30,90,90,90,30,120,visa-on-arrival,90,visa-required,90,30,visa-on-arrival
OM,visa-required,visa-free,e-visa,e-visa,e-visa,180,e-visa,visa-required,visa-required,visa-required,30,30,90,visa-on-arrival,visa-required,e-visa,visa-required,visa-free,visa-on-arrival,e-visa,30,e-visa,visa-required,90,e-visa,90,30,visa-required,visa-required,e-visa,visa-required,visa-required,visa-required,e-visa,visa-required,e-visa,30,90,visa-required,e-visa,visa-required,visa-required,visa-required,visa-required,e-visa,visa-required,21,visa-required,visa-required,90,visa-required,180,visa-required,visa-required,visa-on-arrival,visa-required,visa-required,30,visa-required,e-visa,eta,visa-required,365,visa-required,visa-required,e-visa,e-visa,visa-required,visa-required,visa-on-arrival,e-visa,90,visa-required,visa-required,90,visa-required,visa-on-arrival,visa-required,visa-required,e-visa,e-visa,30,visa-required,visa-required,visa-required,90,visa-required,eta,30,visa-on-arrival,visa-required,visa-on-arrival,e-visa,visa-required,30,visa-free,30,visa-on-arrival,180,visa-required,visa-required,eta,e-visa,visa-required,visa-required,visa-required,visa-required,e-visa,90,visa-required,e-visa,visa-required,visa-on-arrival,visa-required,visa-required,visa-required,visa-required,visa-required,visa-on-arrival,e-visa,visa-required,90,visa-on-arrival,e-visa,visa-required,90,visa-on-arrival,e-visa,visa-required,e-visa,visa-required,visa-required,visa-required,visa-on-arrival,visa-required,eta,,visa-required,visa-required,e-visa,30,90,visa-required,visa-free,visa-required,visa-on-arrival,visa-on-arrival,visa-free,visa-required,90,30,visa-on-arrival,visa-free,visa-required,90,visa-required,visa-required,30,visa-required,visa-required,visa-on-arrival,visa-required,visa-on-arrival,e-visa,90,e-visa,e-visa,visa-required,visa-on-arrival,visa-required,e-visa,e-visa,30,30,visa-on-arrival,visa-required,90,visa-required,90,e-visa,visa-on-arrival,14,visa-on-arrival,90,e-visa,visa-required,visa-required,30,visa-required,90,90,e-visa,120,visa-on-arrival,90,visa-on-arrival,e-visa,30,e-visa
PA,90,visa-required,e-visa,180,90,visa-on-arrival,30,90,90,visa-required,e-visa,90,90,visa-on-arrival,90,visa-required,90,e-visa,visa-on-arrival,e-visa,visa-required,90,90,90,e-visa,e-visa,30,30,eta,e-visa,visa-required,visa-required,90,e-visa,90,e-visa,visa-required,90,90,e-visa,visa-on-arrival,90,90,90,e-visa,90,21,30,visa-required,90,90,visa-on-arrival,visa-required,90,e-visa,90,visa-required,30,90,e-visa,eta,visa-required,365,visa-required,visa-required,e-visa,e-visa,90,90,visa-on-arrival,180,30,90,90,visa-required,90,visa-required,90,eta,e-visa,e-visa,e-visa,90,90,30,visa-on-arrival,90,eta,e-visa,visa-on-arrival,90,visa-on-arrival,90,visa-required,eta,visa-required,e-visa,visa-on-arrival,visa-on-arrival,42,90,visa-on-arrival,visa-required,e-visa,90,90,90,e-visa,visa-required,90,90,90,visa-on-arrival,visa-required,90,visa-required,e-visa,e-visa,visa-on-arrival,e-visa,90,180,visa-on-arrival,visa-on-arrival,180,30,visa-on-arrival,visa-on-arrival,visa-required,e-visa,90,90,90,visa-on-arrival,visa-required,visa-required,visa-required,,90,visa-required,30,e-visa,90,visa-free,90,visa-on-arrival,90,30,90,visa-required,90,visa-on-arrival,visa-on-arrival,visa-on-arrival,90,visa-required,90,30,90,90,e-visa,90,visa-required,e-visa,90,e-visa,e-visa,180,e-visa,visa-required,visa-required,e-visa,60,e-visa,visa-on-arrival,visa-required,visa-required,visa-required,90,90,visa-on-arrival,e-visa,visa-on-arrival,90,visa-on-arrival,visa-required,90,30,90,30,e-visa,90,visa-required,visa-on-arrival,90,visa-required,90,visa-on-arrival,visa-on-arrival
PE,90,90,e-visa,180,90,visa-on-arrival,e-visa,90,90,visa-required,e-visa,90,28,visa-on-arrival,90,e-visa,90,visa-on-arrival,visa-on-arrival,e-visa,14,90,90,90,e-visa,90,30,30,visa-required,e-visa,visa-required,visa-required,90,e-visa,90,e-visa,30,90,90,e-visa,visa-required,90,90,90,e-visa,90,21,30,visa-required,180,90,visa-on-arrival,visa-required,90,e-visa,90,120,30,90,e-visa,eta,90,90,visa-required,visa-required,e-visa,e-visa,90,90,visa-on-arrival,90,30,30,90,90,90,visa-on-arrival,visa-required,eta,e-visa,e-visa,15,90,90,30,visa-on-arrival,90,eta,e-visa,visa-on-arrival,90,visa-on-arrival,eta,visa-required,eta,visa-required,visa-required,visa-on-arrival,visa-on-arrival,visa-on-arrival,90,eta,e-visa,visa-required,90,90,90,e-visa,90,90,90,30,visa-on-arrival,visa-on-arrival,90,visa-required,e-visa,90,visa-on-arrival,e-visa,90,visa-on-arrival,visa-on-arrival,visa-on-arrival,visa-required,90,visa-on-arrival,visa-on-arrival,visa-required,e-visa,visa-required,90,90,visa-on-arrival,visa-required,visa-required,visa-required,90,,e-visa,30,e-visa,90,visa-free,90,visa-on-arrival,90,30,90,90,90,visa-on-arrival,visa-required,visa-required,90,visa-required,90,30,90,90,e-visa,90,visa-required,e-visa,90,e-visa,e-visa,90,e-visa,visa-required,e-visa,e-visa,90,e-visa,visa-on-arrival,visa-required,visa-required,visa-required,90,90,visa-on-arrival,e-visa,visa-on-arrival,90,e-visa,visa-required,90,e-visa,90,90,e-visa,e-visa,120,visa-on-arrival,visa-required,visa-required,30,visa-on-arrival,visa-on-arrival
PG,visa-required,visa-required,e-visa,180,e-visa,e-visa,30,visa-required,visa-required,visa-required,visa-required,visa-required,visa-required,90,visa-required,e-visa,visa-required,visa-on-arrival,visa-on-arrival,e-visa,visa-required,e-visa,visa-required,90,e-visa,90,visa-required,visa-free,eta,e-visa,visa-required,visa-required,visa-required,e-visa,visa-required,e-visa,visa-required,90,visa-required,e-visa,visa-required,visa-required,visa-required,visa-required,e-visa,visa-required,180,30,visa-required,90,visa-required,visa-on-arrival,visa-required,visa-required,e-visa,visa-required,120,30,visa-required,e-visa,eta,90,e-visa,visa-required,90,e-visa,e-visa,visa-required,visa-required,visa-on-arrival,visa-required,90,visa-required,visa-required,90,visa-required,visa-on-arrival,visa-required,eta,e-visa,e-visa,e-visa,visa-required,visa-required,visa-free,visa-required,visa-required,eta,e-visa,visa-on-arrival,90,visa-on-arrival,eta,visa-required,visa-required,visa-required,visa-required,visa-on-arrival,visa-required,visa-on-arrival,visa-required,eta,e-visa,90,visa-required,visa-required,visa-required,e-visa,visa-required,visa-required,e-visa,visa-required,visa-on-arrival,visa-on-arrival,visa-required,visa-required,e-visa,e-visa,visa-on-arrival,e-visa,visa-required,180,visa-on-arrival,90,visa-required,30,visa-on-arrival,e-visa,visa-required,e-visa,visa-required,visa-required,visa-required,visa-on-arrival,visa-on-arrival,visa-required,visa-required,90,90,,30,e-visa,visa-required,visa-free,visa-required,visa-on-arrival,visa-required,e-visa,visa-required,e-visa,e-visa,30,visa-required,visa-on-arrival,90,visa-required,visa-required,30,visa-required,visa-required,visa-on-arrival,visa-required,visa-on-arrival,e-visa,90,e-visa,e-visa,visa-required,e-visa,30,e-visa,e-visa,60,e-visa,visa-on-arrival,visa-required,visa-required,visa-on-arrival,visa-required,visa-required,visa-on-arrival,visa-required,90,visa-required,e-visa,visa-required,visa-required,visa-required,visa-required,90,e-visa,e-visa,120,60,90,visa-required,visa-required,90,visa-on-arrival
PH,visa-required,e-visa,visa-required,e-visa,e-visa,e-visa,visa-required,visa-required,visa-required,e-visa,visa-required,visa-required,90,visa-required,visa-required,e-visa,visa-required,e-visa,visa-on-arrival,e-visa,14,90,90,e-visa,e-visa,e-visa,visa-required,visa-required,visa-required,e-visa,visa-required,visa-required,visa-required,90,visa-required,e-visa,visa-required,90,30,visa-required,visa-on-arrival,visa-required,visa-required,visa-required,visa-on-arrival,visa-required,21,visa-required,visa-required,e-visa,visa-required,visa-required,visa-required,visa-required,visa-on-arrival,visa-required,120,30,visa-required,e-visa,visa-required,visa-required,e-visa,visa-required,visa-required,e-visa,e-visa,visa-required,visa-required,visa-on-arrival,e-visa,14,visa-required,visa-required,90,visa-required,30,visa-required,eta,e-visa,e-visa,visa-on-arrival,visa-required,visa-required,visa-required,visa-required,visa-required,eta,visa-on-arrival,30,90,visa-on-arrival,e-visa,visa-required,e-visa,visa-required,30,30,visa-required,visa-on-arrival,visa-required,visa-on-arrival,e-visa,visa-required,visa-required,visa-required,visa-required,e-visa,90,visa-required,e-visa,visa-required,visa-on-arrival,visa-on-arrival,visa-required,visa-required,14,21,30,e-visa,visa-required,visa-on-arrival,visa-on-arrival,visa-on-arrival,visa-required,30,visa-on-arrival,e-visa,visa-required,e-visa,visa-on-arrival,visa-required,visa-required,visa-on-arrival,visa-required,visa-required,e-visa,visa-required,180,eta,,e-visa,visa-required,visa-free,visa-required,visa-on-arrival,visa-required,e-visa,visa-required,visa-required,e-visa,90,e-visa,visa-required,90,visa-required,visa-required,30,visa-required,visa-required,e-visa,visa-required,visa-on-arrival,e-visa,30,e-visa,e-visa,e-visa,e-visa,visa-required,e-visa,e-visa,60,30,visa-on-arrival,visa-required,visa-required,visa-required,visa-required,visa-on-arrival,visa-on-arrival,14,visa-on-arrival,e-visa,e-visa,visa-required,visa-required,e-visa,visa-required,90,visa-required,21,120,visa-on-arrival,visa-required,visa-required,e-visa,e-visa,e-visa
PK,visa-required,visa-required,visa-required,e-visa,e-visa,visa-required,e-visa,visa-required,visa-required,visa-required,e-visa,visa-required,90,visa-required,visa-required,visa-required,visa-required,visa-on-arrival,visa-on-arrival,e-visa,visa-required,e-visa,visa-required,e-visa,e-visa,e-visa,visa-required,visa-required,visa-required,e-visa,visa-required,visa-required,visa-required,e-visa,visa-required,e-visa,visa-required,e-visa,visa-required,e-visa,visa-required,visa-required,visa-required,visa-required,e-visa,visa-required,180,visa-required,visa-required,e-visa,visa-required,visa-required,visa-required,visa-required,e-visa,visa-required,visa-required,30,visa-required,e-visa,visa-required,visa-required,e-visa,visa-required,90,e-visa,e-visa,visa-required,visa-required,visa-on-arrival,e-visa,e-visa,visa-required,visa-required,90,visa-required,e-visa,visa-required,e-visa,visa-required,e-visa,visa-required,visa-required,visa-required,visa-required,visa-required,visa-required,eta,e-visa,visa-on-arrival,visa-required,visa-on-arrival,e-visa,visa-required,visa-required,visa-required,visa-required,visa-required,visa-required,visa-required,visa-required,eta,e-visa,visa-required,visa-required,visa-required,visa-required,visa-required,visa-required,visa-required,visa-required,visa-required,visa-on-arrival,visa-required,visa-required,visa-required,e-visa,visa-required,visa-required,e-visa,visa-required,visa-required,visa-on-arrival,e-visa,visa-required,e-visa,visa-required,e-visa,visa-required,e-visa,visa-required,visa-required,visa-required,visa-on-arrival,visa-required,visa-required,visa-required,visa-required,visa-required,e-visa,visa-required,,visa-required,visa-required,visa-required,visa-on-arrival,visa-required,e-visa,visa-required,e-visa,visa-required,30,visa-required,visa-required,90,visa-required,visa-required,visa-required,visa-required,visa-required,visa-on-arrival,30,visa-on-arrival,visa-on-arrival,e-visa,e-visa,e-visa,visa-required,e-visa,visa-required,e-visa,e-visa,e-visa,e-visa,visa-on-arrival,visa-required,visa-required,visa-required,visa-required,90,visa-on-arrival,visa-required,e-visa,visa-required,e-visa,visa-required,visa-required,visa-required,visa-required,90,e-visa,e-visa,120,visa-on-arrival,visa-required,visa-required,e-visa,e-visa,e-visa
PL,90,90,e-visa,180,90,180,30,90,freedom-of-movement,90,e-visa,90,90,visa-on-arrival,freedom-of-movement,e-visa,freedom-of-movement,visa-on-arrival,visa-on-arrival,e-visa,90,90,90,90,e-visa,90,10,30,eta,e-visa,visa-required,visa-required,freedom-of-movement,e-visa,90,e-visa,30,90,90,e-visa,30,freedom-of-movement,freedom-of-movement,freedom-of-movement,e-visa,freedom-of-movement,90,90,visa-required,90,freedom-of-movement,visa-on-arrival,visa-required,freedom-of-movement,visa-on-arrival,freedom-of-movement,120,90,visa-free,e-visa,eta,90,365,visa-required,90,e-visa,e-visa,freedom-of-movement,90,visa-on-arrival,e-visa,90,90,freedom-of-movement,90,freedom-of-movement,visa-on-arrival,freedom-of-movement,eta,e-visa,e-visa,visa-free,freedom-of-movement,freedom-of-movement,30,visa-on-arrival,90,eta,60,visa-on-arrival,90,visa-on-arrival,eta,visa-required,90,visa-on-arrival,30,visa-on-arrival,visa-on-arrival,90,freedom-of-movement,eta,e-visa,14,freedom-of-movement,freedom-of-movement,freedom-of-movement,e-visa,90,90,90,90,visa-on-arrival,90,90,visa-required,e-visa,30,90,e-visa,freedom-of-movement,90,visa-on-arrival,visa-on-arrival,180,90,visa-on-arrival,visa-on-arrival,visa-required,e-visa,90,90,freedom-of-movement,visa-on-arrival,visa-required,90,14,90,90,e-visa,30,e-visa,,visa-free,freedom-of-movement,90,90,90,freedom-of-movement,90,e-visa,visa-on-arrival,visa-on-arrival,90,90,visa-required,freedom-of-movement,90,freedom-of-movement,freedom-of-movement,visa-on-arrival,90,90,e-visa,90,e-visa,15,90,e-visa,30,e-visa,e-visa,60,30,90,visa-required,90,90,90,90,90,90,visa-on-arrival,90,e-visa,90,90,30,1,30,90,30,90,90,90,visa-required,30,30,visa-on-arrival
PS,visa-required,e-visa,e-visa,e-visa,e-visa,visa-required,e-visa,visa-required,visa-required,visa-required,visa-required,visa-required,visa-required,visa-on-arrival,visa-required,e-visa,visa-required,e-visa,visa-on-arrival,e-visa,visa-required,90,visa-required,e-visa,e-visa,e-visa,visa-required,visa-required,visa-required,e-visa,visa-required,visa-required,visa-required,e-visa,visa-required,e-visa,visa-required,e-visa,visa-required,e-visa,visa-on-arrival,visa-required,visa-required,visa-required,visa-on-arrival,visa-required,21,visa-required,visa-required,90,visa-required,visa-required,visa-required,visa-required,e-visa,visa-required,e-visa,30,visa-required,e-visa,visa-required,visa-required,visa-required,e-visa,visa-required,e-visa,e-visa,visa-required,visa-required,visa-on-arrival,e-visa,e-visa,visa-required,visa-required,90,visa-required,visa-on-arrival,visa-required,visa-required,e-visa,e-visa,visa-on-arrival,visa-required,visa-required,visa-required,30,visa-required,eta,e-visa,visa-on-arrival,visa-required,visa-on-arrival,e-visa,visa-required,visa-required,visa-required,e-visa,visa-on-arrival,visa-required,visa-required,visa-required,eta,e-visa,e-visa,visa-required,visa-required,visa-required,e-visa,visa-required,visa-required,e-visa,visa-required,refused,visa-required,visa-required,visa-required,visa-required,e-visa,visa-on-arrival,e-visa,visa-required,visa-required,visa-on-arrival,e-visa,visa-required,30,visa-on-arrival,visa-on-arrival,visa-required,e-visa,90,visa-required,visa-required,visa-required,visa-required,visa-required,e-visa,visa-required,visa-required,e-visa,e-visa,e-visa,visa-required,,visa-required,visa-on-arrival,e-visa,e-visa,visa-required,e-visa,visa-required,visa-on-arrival,visa-required,visa-required,90,visa-required,visa-required,e-visa,visa-required,visa-required,e-visa,visa-required,visa-on-arrival,e-visa,90,e-visa,e-visa,e-visa,e-visa,30,e-visa,e-visa,e-visa,e-visa,visa-on-arrival,visa-required,visa-required,visa-required,e-visa,e-visa,visa-on-arrival,e-visa,e-visa,visa-required,e-visa,visa-required,visa-required,visa-required,visa-required,visa-required,90,e-visa,e-visa,visa-on-arrival,visa-required,visa-required,visa-required,e-visa,visa-on-arrival
PT,visa-free,90,e-visa,180,90,180,30,90,freedom-of-movement,eta,e-visa,90,90,visa-on-arrival,freedom-of-movement,e-visa,freedom-of-movement,visa-on-arrival,visa-on-arrival,e-visa,90,90,90,90,e-visa,90,10,visa-free,eta,e-visa,visa-required,visa-required,freedom-of-movement,e-visa,90,e-visa,30,90,90,e-visa,30,freedom-of-movement,freedom-of-movement,freedom-of-movement,e-visa,freedom-of-movement,90,90,visa-required,90,freedom-of-movement,visa-on-arrival,visa-required,freedom-of-movement,visa-on-arrival,freedom-of-movement,120,90,freedom-of-movement,e-visa,eta,90,365,visa-required,90,e-visa,e-visa,freedom-of-movement,90,visa-on-arrival,90,90,90,freedom-of-movement,90,freedom-of-movement,visa-on-arrival,freedom-of-movement,eta,e-visa,e-visa,visa-free,freedom-of-movement,freedom-of-movement,30,visa-on-arrival,90,eta,60,visa-on-arrival,90,visa-on-arrival,eta,visa-required,90,visa-on-arrival,30,visa-on-arrival,visa-on-arrival,90,freedom-of-movement,visa-on-arrival,e-visa,14,freedom-of-movement,freedom-of-movement,freedom-of-movement,e-visa,90,visa-free,90,90,visa-on-arrival,90,90,visa-required,e-visa,30,90,e-visa,freedom-of-movement,90,visa-on-arrival,visa-on-arrival,180,90,30,visa-on-arrival,visa-required,e-visa,90,90,freedom-of-movement,visa-on-arrival,visa-required,eta,14,90,90,e-visa,30,e-visa,freedom-of-movement,visa-free,,90,90,90,freedom-of-movement,90,e-visa,visa-on-arrival,visa-on-arrival,90,eta,visa-required,freedom-of-movement,90,freedom-of-movement,freedom-of-movement,visa-on-arrival,visa-free,90,e-visa,90,e-visa,15,90,e-visa,30,e-visa,e-visa,60,30,90,visa-required,90,90,90,90,90,90,visa-on-arrival,90,e-visa,90,90,30,visa-free,90,90,30,120,90,90,visa-required,90,90,visa-on-arrival
PW,90,visa-required,e-visa,e-visa,e-visa,e-visa,30,visa-required,90,visa-required,visa-required,90,90,visa-on-arrival,90,e-visa,90,visa-on-arrival,visa-on-arrival,e-visa,visa-required,e-visa,visa-required,e-visa,e-visa,e-visa,visa-required,visa-free,visa-required,e-visa,visa-required,visa-required,90,e-visa,visa-required,e-visa,visa-required,90,30,e-visa,visa-required,90,90,90,e-visa,90,21,visa-required,visa-required,90,90,visa-on-arrival,visa-required,90,e-visa,90,120,365,90,e-visa,eta,visa-required,e-visa,visa-required,visa-required,e-visa,e-visa,90,visa-required,visa-on-arrival,e-visa,14,visa-required,90,90,90,e-visa,visa-required,eta,e-visa,e-visa,e-visa,90,90,visa-required,visa-on-arrival,visa-required,eta,e-visa,visa-on-arrival,90,visa-on-arrival,e-visa,visa-required,30,visa-required,visa-required,visa-on-arrival,visa-required,visa-on-arrival,90,eta,e-visa,visa-required,90,90,90,e-visa,visa-required,90,90,90,visa-on-arrival,visa-free,visa-required,visa-required,visa-required,e-visa,visa-on-arrival,e-visa,90,visa-on-arrival,visa-on-arrival,visa-on-arrival,180,30,visa-on-arrival,e-visa,visa-required,e-visa,visa-required,visa-required,90,visa-on-arrival,visa-on-arrival,visa-required,visa-required,90,90,visa-on-arrival,30,e-visa,90,visa-free,90,,visa-required,e-visa,90,90,30,visa-on-arrival,visa-required,visa-on-arrival,90,visa-required,90,30,90,90,e-visa,90,visa-on-arrival,e-visa,90,e-visa,e-visa,visa-required,e-visa,visa-required,e-visa,e-visa,e-visa,e-visa,visa-on-arrival,visa-required,visa-required,visa-on-arrival,visa-required,visa-required,visa-on-arrival,90,visa-on-arrival,e-visa,e-visa,visa-free,visa-required,e-visa,90,90,e-visa,e-visa,120,visa-on-arrival,90,visa-required,visa-required,e-visa,visa-on-arrival
PY,90,90,e-visa,e-visa,90,e-visa,e-visa,90,90,visa-required,e-visa,90,90,visa-required,90,visa-on-arrival,90,visa-on-arrival,visa-on-arrival,e-visa,visa-required,90,90,90,e-visa,90,visa-on-arrival,90,visa-required,e-visa,visa-required,visa-required,90,e-visa,90,e-visa,visa-required,90,90,e-visa,visa-on-arrival,90,90,90,e-visa,90,21,30,visa-required,90,90,visa-on-arrival,visa-required,90,e-visa,90,120,30,90,e-visa,eta,visa-required,90,visa-required,visa-required,e-visa,e-visa,90,90,visa-on-arrival,e-visa,30,90,90,90,90,e-visa,90,eta,e-visa,e-visa,visa-on-arrival,90,90,30,visa-on-arrival,90,eta,e-visa,visa-on-arrival,90,visa-on-arrival,eta,visa-required,eta,visa-required,e-visa,visa-on-arrival,visa-on-arrival,visa-on-arrival,90,visa-on-arrival,e-visa,e-visa,90,90,90,e-visa,visa-required,90,90,90,visa-on-arrival,visa-on-arrival,90,visa-required,visa-required,90,visa-on-arrival,e-visa,90,180,visa-on-arrival,visa-on-arrival,180,30,visa-on-arrival,visa-on-arrival,visa-required,e-visa,90,90,90,visa-on-arrival,visa-required,visa-required,14,180,90,e-visa,30,e-visa,90,visa-free,90,visa-on-arrival,,30,90,30,90,visa-on-arrival,visa-required,visa-required,90,visa-required,90,30,90,90,e-visa,90,visa-required,e-visa,90,e-visa,e-visa,180,e-visa,visa-required,e-visa,e-visa,visa-on-arrival,e-visa,visa-on-arrival,visa-required,visa-required,visa-required,90,90,visa-on-arrival,90,visa-on-arrival,90,e-visa,visa-required,90,e-visa,90,90,e-visa,e-visa,e-visa,visa-on-arrival,90,visa-required,90,visa-on-arrival,visa-on-arrival
QA,visa-required,freedom-of-movement,e-visa,e-visa,90,180,30,90,visa-required,visa-required,30,90,90,30,visa-required,e-visa,visa-required,freedom-of-movement,visa-on-arrival,e-visa,visa-on-arrival,visa-on-arrival,90,90,e-visa,90,30,visa-required,eta,e-visa,visa-required,visa-required,visa-required,e-visa,visa-required,e-visa,30,90,90,e-visa,visa-on-arrival,visa-required,visa-required,visa-required,e-visa,visa-required,21,30,visa-required,90,visa-required,180,visa-required,visa-required,visa-on-arrival,visa-required,visa-required,30,visa-required,e-visa,eta,visa-required,365,visa-required,visa-required,e-visa,e-visa,visa-required,90,visa-on-arrival,30,30,90,visa-required,90,visa-required,visa-on-arrival,visa-required,visa-required,e-visa,e-visa,15,visa-required,visa-required,visa-required,90,30,eta,30,visa-on-arrival,90,visa-on-arrival,eta,visa-required,eta,freedom-of-movement,30,visa-on-arrival,180,visa-required,visa-required,eta,visa-required,visa-required,visa-required,visa-required,visa-required,e-visa,90,visa-required,90,visa-required,visa-on-arrival,visa-required,visa-required,visa-required,e-visa,visa-on-arrival,visa-on-arrival,e-visa,visa-required,90,visa-on-arrival,visa-on-arrival,visa-required,90,visa-on-arrival,e-visa,visa-required,e-visa,90,visa-required,visa-free,visa-on-arrival,visa-required,eta,freedom-of-movement,90,183,e-visa,30,90,visa-required,visa-free,visa-required,visa-on-arrival,visa-on-arrival,,visa-required,e-visa,90,90,freedom-of-movement,visa-required,90,30,visa-required,30,visa-required,visa-required,visa-on-arrival,visa-required,visa-required,e-visa,90,e-visa,15,90,visa-on-arrival,30,e-visa,e-visa,60,30,visa-on-arrival,visa-required,90,visa-required,90,visa-required,visa-on-arrival,e-visa,visa-on-arrival,90,e-visa,90,90,30,visa-required,90,90,e-visa,120,visa-on-arrival,90,visa-on-arrival,90,30,e-visa
RO,90,90,e-visa,180,90,180,30,90,freedom-of-movement,90,e-visa,90,90,visa-on-arrival,freedom-of-movement,e-visa,freedom-of-movement,visa-on-arrival,visa-on-arrival,e-visa,90,90,90,90,e-visa,90,10,visa-free,eta,e-visa,visa-required,visa-required,freedom-of-movement,eta,90,e-visa,30,180,180,e-visa,30,freedom-of-movement,freedom-of-movement,freedom-of-movement,visa-on-arrival,freedom-of-movement,180,90,visa-free,90,freedom-of-movement,visa-on-arrival,visa-required,visa-free,visa-on-arrival,freedom-of-movement,120,90,visa-free,e-visa,eta,90,365,e-visa,90,e-visa,e-visa,freedom-of-movement,90,visa-on-arrival,e-visa,90,90,freedom-of-movement,90,freedom-of-movement,visa-on-arrival,freedom-of-movement,eta,e-visa,e-visa,visa-free,freedom-of-movement,freedom-of-movement,visa-on-arrival,visa-on-arrival,90,eta,60,visa-on-arrival,90,visa-on-arrival,eta,visa-required,90,visa-on-arrival,30,visa-on-arrival,visa-on-arrival,90,freedom-of-movement,eta,e-visa,14,freedom-of-movement,freedom-of-movement,freedom-of-movement,e-visa,90,90,90,90,visa-on-arrival,90,90,visa-required,e-visa,30,90,e-visa,freedom-of-movement,90,visa-on-arrival,visa-on-arrival,180,90,visa-on-arrival,visa-on-arrival,visa-required,e-visa,90,90,freedom-of-movement,visa-on-arrival,visa-required,90,14,90,90,e-visa,30,e-visa,freedom-of-movement,visa-free,visa-free,90,90,90,,90,e-visa,30,visa-on-arrival,90,eta,visa-required,freedom-of-movement,90,freedom-of-movement,freedom-of-movement,visa-on-arrival,20,90,e-visa,90,e-visa,15,90,visa-on-arrival,30,e-visa,e-visa,60,30,90,visa-required,90,90,90,90,90,90,90,90,e-visa,visa-required,90,30,visa-free,90,90,30,90,90,90,visa-required,90,90,visa-on-arrival
RS,90,90,e-visa,180,90,180,e-visa,90,90,visa-required,90,90,90,visa-on-arrival,90,e-visa,90,visa-on-arrival,visa-on-arrival,e-visa,visa-required,e-visa,90,e-visa,e-visa,e-visa,30,visa-required,visa-required,e-visa,visa-required,visa-required,90,e-visa,90,e-visa,30,90,90,e-visa,visa-on-arrival,90,90,90,e-visa,90,21,90,visa-required,90,90,visa-on-arrival,visa-required,90,visa-on-arrival,90,120,30,90,e-visa,visa-required,90,365,visa-required,90,e-visa,e-visa,90,visa-required,visa-on-arrival,e-visa,14,visa-required,90,90,90,visa-on-arrival,visa-required,eta,e-visa,e-visa,14,90,90,visa-on-arrival,visa-on-arrival,90,eta,90,visa-on-arrival,visa-required,visa-on-arrival,90,visa-required,eta,visa-on-arrival,30,visa-on-arrival,visa-on-arrival,visa-free,90,eta,e-visa,visa-required,90,90,90,e-visa,visa-required,90,90,90,visa-on-arrival,visa-required,90,visa-required,e-visa,visa-required,90,e-visa,90,visa-on-arrival,visa-on-arrival,e-visa,visa-required,e-visa,visa-on-arrival,e-visa,visa-required,e-visa,visa-on-arrival,90,90,visa-on-arrival,visa-required,visa-required,14,90,90,e-visa,visa-required,e-visa,90,visa-free,90,visa-on-arrival,visa-required,e-visa,90,,30,visa-on-arrival,visa-required,visa-required,90,visa-required,90,30,90,90,e-visa,90,visa-on-arrival,e-visa,30,e-visa,e-visa,visa-required,e-visa,30,e-visa,e-visa,visa-on-arrival,30,visa-on-arrival,visa-required,visa-on-arrival,visa-required,90,30,90,visa-required,visa-on-arrival,90,e-visa,visa-required,90,30,90,90,90,30,120,visa-on-arrival,90,visa-required,visa-required,90,visa-on-arrival
RU,90,90,e-visa,180,e-visa,180,30,90,visa-required,30,90,30,28,visa-on-arrival,visa-required,e-visa,visa-required,visa-on-arrival,visa-on-arrival,e-visa,14,90,90,90,e-visa,90,freedom-of-movement,90,visa-required,e-visa,visa-required,visa-required,visa-required,e-visa,90,e-visa,30,90,30,90,60,visa-required,refused,visa-required,e-visa,visa-required,90,60,visa-required,90,refused,visa-on-arrival,visa-required,visa-required,visa-on-arrival,refused,120,30,visa-required,e-visa,visa-required,90,365,e-visa,visa-required,e-visa,e-visa,visa-required,90,visa-on-arrival,90,14,90,visa-required,90,visa-required,visa-on-arrival,visa-required,eta,e-visa,e-visa,30,visa-required,visa-required,90,90,visa-required,eta,90,visa-on-arrival,90,visa-on-arrival,eta,visa-required,eta,visa-required,90,30,visa-on-arrival,42,visa-required,eta,e-visa,visa-required,refused,visa-required,refused,e-visa,90,visa-required,90,30,visa-on-arrival,visa-on-arrival,visa-required,visa-required,30,30,30,e-visa,visa-required,90,90,e-visa,eta,30,eta,90,visa-required,e-visa,90,visa-required,refused,visa-on-arrival,14,visa-required,30,90,90,e-visa,30,e-visa,refused,visa-free,visa-required,30,90,90,visa-required,30,,visa-on-arrival,90,visa-required,90,visa-required,visa-required,visa-required,visa-required,visa-required,visa-on-arrival,90,visa-on-arrival,e-visa,90,e-visa,15,180,visa-on-arrival,30,e-visa,e-visa,30,visa-free,visa-on-arrival,visa-required,90,visa-on-arrival,60,90,visa-on-arrival,e-visa,visa-on-arrival,visa-required,e-visa,visa-required,90,visa-free,visa-required,90,90,45,120,60,visa-required,visa-required,90,visa-on-arrival,visa-on-arrival
RW,visa-required,e-visa,e-visa,e-visa,e-visa,visa-required,90,visa-required,visa-required,visa-required,visa-required,visa-on-arrival,90,visa-on-arrival,visa-required,e-visa,visa-required,e-visa,180,90,visa-required,e-visa,visa-required,90,e-visa,e-visa,visa-required,visa-required,visa-required,visa-free,90,visa-on-arrival,visa-required,90,visa-required,e-visa,visa-required,e-visa,visa-required,e-visa,visa-on-arrival,visa-required,visa-required,visa-required,e-visa,visa-required,180,visa-required,visa-required,90,visa-required,visa-required,visa-required,visa-required,visa-on-arrival,visa-required,visa-required,30,visa-required,e-visa,visa-required,90,e-visa,60,visa-required,visa-free,e-visa,visa-required,visa-required,visa-on-arrival,visa-required,e-visa,visa-required,visa-required,90,visa-required,visa-on-arrival,visa-required,visa-required,e-visa,e-visa,visa-on-arrival,visa-required,visa-required,visa-required,visa-on-arrival,visa-required,180,e-visa,visa-on-arrival,90,visa-on-arrival,e-visa,visa-required,visa-required,visa-required,e-visa,visa-on-arrival,visa-required,visa-required,visa-required,eta,e-visa,e-visa,visa-required,visa-required,visa-required,e-visa,visa-required,visa-required,e-visa,visa-required,visa-on-arrival,visa-required,visa-required,visa-on-arrival,visa-required,e-visa,visa-on-arrival,e-visa,visa-required,90,visa-on-arrival,e-visa,visa-required,e-visa,visa-on-arrival,visa-on-arrival,visa-required,visa-on-arrival,visa-on-arrival,visa-required,visa-required,visa-on-arrival,visa-required,visa-required,visa-required,visa-required,visa-required,eta,30,eta,visa-required,visa-free,visa-required,visa-on-arrival,visa-required,30,visa-required,visa-required,visa-required,,visa-required,visa-required,90,visa-required,visa-required,30,visa-required,visa-required,visa-on-arrival,visa-required,90,e-visa,e-visa,visa-on-arrival,15,e-visa,e-visa,visa-required,90,e-visa,e-visa,visa-required,visa-on-arrival,visa-required,visa-required,visa-required,visa-required,e-visa,visa-on-arrival,visa-required,90,visa-required,90,visa-required,visa-required,visa-required,visa-required,30,visa-required,e-visa,120,visa-on-arrival,visa-required,visa-required,visa-required,visa-on-arrival,visa-on-arrival
SA,visa-required,visa-free,visa-required,e-visa,visa-free,180,30,visa-required,visa-required,e-visa,visa-on-arrival,visa-required,90,visa-on-arrival,visa-required,e-visa,visa-required,visa-free,visa-on-arrival,e-visa,visa-on-arrival,e-visa,visa-required,e-visa,e-visa,90,30,visa-required,visa-required,e-visa,visa-required,visa-required,visa-required,eta,visa-required,e-visa,30,e-visa,visa-required,e-visa,visa-on-arrival,visa-required,visa-required,visa-required,visa-on-arrival,visa-required,21,visa-required,visa-required,90,visa-required,180,visa-required,visa-required,visa-on-arrival,visa-required,visa-required,30,visa-required,e-visa,eta,visa-required,360,visa-required,visa-required,e-visa,e-visa,visa-required,90,visa-on-arrival,e-visa,30,90,visa-required,90,visa-required,visa-on-arrival,visa-required,e-visa,e-visa,visa-on-arrival,15,visa-required,visa-required,visa-required,90,e-visa,eta,60,visa-on-arrival,90,visa-on-arrival,eta,visa-required,30,visa-free,30,visa-on-arrival,180,visa-required,visa-required,visa-on-arrival,visa-required,visa-required,visa-required,visa-required,visa-required,e-visa,90,visa-required,e-visa,90,visa-on-arrival,visa-required,visa-required,visa-required,e-visa,e-visa,30,e-visa,visa-required,90,visa-on-arrival,visa-on-arrival,visa-required,90,30,e-visa,visa-required,e-visa,90,visa-required,visa-required,visa-on-arrival,visa-required,eta,visa-free,90,visa-required,e-visa,30,90,visa-required,visa-free,visa-required,visa-on-arrival,visa-required,visa-free,visa-required,visa-required,e-visa,visa-on-arrival,,visa-required,90,visa-required,visa-required,visa-free,visa-required,visa-required,visa-on-arrival,visa-required,visa-required,e-visa,eta,e-visa,e-visa,180,visa-on-arrival,visa-required,e-visa,e-visa,60,30,visa-on-arrival,visa-required,90,visa-required,90,visa-required,visa-on-arrival,e-visa,visa-on-arrival,90,e-visa,visa-required,visa-required,90,visa-required,90,visa-required,e-visa,120,visa-on-arrival,90,visa-on-arrival,90,90,e-visa
SB,90,90,e-visa,180,e-visa,visa-on-arrival,30,visa-required,90,visa-required,visa-required,90,180,visa-on-arrival,90,e-visa,90,e-visa,visa-on-arrival,e-visa,visa-required,visa-on-arrival,visa-required,90,e-visa,90,visa-required,visa-free,eta,e-visa,visa-required,visa-required,90,e-visa,visa-required,e-visa,30,180,30,e-visa,visa-on-arrival,90,90,90,e-visa,90,180,30,visa-required,90,90,visa-on-arrival,visa-required,90,e-visa,90,120,30,visa-required,e-visa,eta,90,e-visa,visa-required,90,e-visa,e-visa,90,90,visa-on-arrival,visa-required,e-visa,90,90,90,90,visa-required,90,eta,e-visa,e-visa,visa-on-arrival,90,90,visa-free,visa-on-arrival,visa-required,eta,e-visa,visa-on-arrival,30,visa-on-arrival,eta,visa-required,eta,visa-required,visa-required,visa-on-arrival,visa-required,42,90,eta,e-visa,90,90,90,90,e-visa,visa-required,90,90,90,visa-on-arrival,visa-on-arrival,visa-required,visa-required,visa-required,e-visa,visa-on-arrival,e-visa,90,90,visa-on-arrival,30,visa-required,30,visa-on-arrival,e-visa,visa-required,e-visa,90,visa-required,90,visa-on-arrival,visa-on-arrival,visa-required,visa-required,180,180,visa-on-arrival,30,e-visa,90,visa-free,90,visa-on-arrival,visa-required,e-visa,visa-required,visa-required,visa-required,30,visa-required,,90,visa-required,90,30,90,90,visa-on-arrival,90,visa-on-arrival,e-visa,e-visa,e-visa,e-visa,90,e-visa,30,e-visa,e-visa,e-visa,30,visa-on-arrival,visa-required,visa-required,visa-on-arrival,visa-required,visa-free,visa-on-arrival,visa-required,90,e-visa,90,visa-required,visa-required,e-visa,90,30,e-visa,e-visa,120,60,90,visa-required,visa-required,90,90
SC,90,90,e-visa,90,90,visa-required,30,visa-required,90,visa-required,e-visa,90,180,90,90,visa-required,90,e-visa,visa-on-arrival,90,visa-required,visa-on-arrival,90,90,visa-required,90,30,visa-free,visa-required,visa-required,visa-required,visa-required,90,90,visa-required,visa-required,30,visa-required,90,e-visa,visa-on-arrival,90,90,90,e-visa,90,180,90,90,90,90,visa-on-arrival,visa-required,90,visa-on-arrival,90,120,30,90,e-visa,eta,90,365,90,90,visa-required,visa-required,90,visa-required,visa-on-arrival,visa-required,90,visa-required,90,90,90,visa-on-arrival,90,visa-required,e-visa,visa-required,15,90,90,visa-free,visa-on-arrival,visa-required,eta,e-visa,14,30,visa-on-arrival,180,visa-required,eta,visa-required,30,visa-on-arrival,visa-required,visa-on-arrival,90,90,visa-required,90,90,90,90,e-visa,visa-required,90,90,90,visa-on-arrival,visa-on-arrival,90,visa-required,visa-required,e-visa,30,visa-on-arrival,90,90,visa-on-arrival,90,visa-required,90,visa-on-arrival,90,visa-required,90,visa-on-arrival,90,90,visa-on-arrival,visa-required,eta,e-visa,180,visa-required,eta,30,e-visa,90,visa-free,90,visa-on-arrival,visa-required,90,90,90,90,90,e-visa,visa-required,,visa-required,90,30,90,90,visa-on-arrival,90,visa-on-arrival,visa-on-arrival,90,e-visa,e-visa,visa-required,visa-required,30,visa-required,visa-on-arrival,visa-on-arrival,e-visa,visa-on-arrival,visa-required,90,visa-on-arrival,90,visa-free,visa-on-arrival,visa-required,90,visa-required,90,visa-required,90,e-visa,90,30,visa-required,e-visa,30,60,90,visa-required,30,90,90
SD,visa-required,e-visa,e-visa,e-visa,e-visa,visa-required,e-visa,visa-required,visa-required,e-visa,visa-required,visa-required,90,visa-on-arrival,visa-required,e-visa,visa-required,e-visa,visa-required,90,visa-required,e-visa,visa-required,e-visa,e-visa,e-visa,visa-required,visa-required,visa-required,e-visa,visa-required,visa-required,visa-required,e-visa,visa-required,e-visa,visa-required,e-visa,visa-required,e-visa,visa-on-arrival,visa-required,visa-required,visa-required,e-visa,visa-required,21,visa-required,visa-required,visa-required,visa-required,30,visa-on-arrival,visa-required,visa-on-arrival,visa-required,visa-required,30,visa-required,e-visa,visa-required,visa-required,e-visa,90,90,e-visa,e-visa,visa-required,visa-required,visa-on-arrival,visa-required,e-visa,visa-required,visa-required,90,visa-required,e-visa,visa-required,visa-required,visa-required,e-visa,visa-on-arrival,visa-required,visa-required,visa-required,visa-required,visa-required,90,e-visa,visa-on-arrival,visa-required,visa-on-arrival,e-visa,visa-required,visa-required,visa-required,visa-required,visa-on-arrival,visa-on-arrival,visa-on-arrival,visa-required,eta,e-visa,e-visa,visa-required,visa-required,visa-required,refused,visa-required,visa-required,visa-required,visa-required,visa-on-arrival,visa-required,visa-required,visa-required,visa-required,visa-required,visa-on-arrival,e-visa,visa-required,visa-required,visa-on-arrival,e-visa,visa-required,90,visa-on-arrival,e-visa,visa-required,e-visa,visa-required,visa-required,visa-required,visa-on-arrival,visa-required,visa-required,e-visa,visa-required,visa-required,e-visa,visa-required,e-visa,visa-required,visa-required,visa-required,visa-on-arrival,visa-required,e-visa,visa-required,visa-required,visa-required,30,visa-required,visa-required,90,,visa-required,visa-required,visa-required,visa-required,e-visa,visa-required,visa-on-arrival,e-visa,e-visa,e-visa,e-visa,visa-required,visa-free,visa-required,e-visa,e-visa,e-visa,visa-required,visa-on-arrival,visa-required,visa-required,visa-required,visa-required,e-visa,visa-on-arrival,visa-required,visa-on-arrival,visa-required,e-visa,refused,visa-required,visa-required,visa-required,30,e-visa,e-visa,e-visa,60,visa-required,visa-required,visa-required,e-visa,e-visa
SE,visa-free,90,e-visa,90,90,180,30,90,visa-free,eta,e-visa,90,90,visa-on-arrival,visa-free,visa-on-arrival,visa-free,visa-on-arrival,visa-on-arrival,e-visa,90,90,90,90,e-visa,90,30,30,eta,e-visa,visa-required,visa-required,visa-free,e-visa,90,e-visa,30,180,90,visa-required,30,visa-free,visa-free,visa-free,e-visa,visa-free,90,90,visa-required,90,visa-free,visa-on-arrival,visa-required,visa-free,visa-on-arrival,visa-free,120,90,visa-free,e-visa,eta,90,365,visa-required,90,e-visa,e-visa,visa-free,90,visa-required,90,90,90,visa-free,90,visa-free,visa-on-arrival,visa-free,eta,e-visa,e-visa,e-visa,visa-free,visa-free,30,visa-on-arrival,90,eta,60,visa-on-arrival,90,visa-on-arrival,eta,visa-required,90,visa-on-arrival,30,visa-on-arrival,visa-on-arrival,90,visa-free,visa-on-arrival,visa-on-arrival,14,visa-free,visa-free,visa-free,e-visa,90,visa-free,90,90,visa-on-arrival,90,90,visa-required,e-visa,30,90,e-visa,visa-free,90,visa-on-arrival,30,180,90,30,visa-on-arrival,visa-required,e-visa,90,visa-free,visa-free,visa-on-arrival,visa-required,eta,14,90,90,e-visa,30,e-visa,visa-free,visa-free,visa-free,90,90,90,visa-free,90,e-visa,visa-on-arrival,visa-on-arrival,90,90,visa-required,,90,visa-free,visa-free,visa-on-arrival,visa-free,90,e-visa,90,e-visa,15,90,e-visa,30,visa-required,e-visa,60,30,90,visa-required,90,90,90,90,90,90,visa-on-arrival,90,e-visa,eta,90,30,visa-free,90,90,45,90,90,90,visa-required,90,30,visa-on-arrival
SG,90,30,e-visa,180,90,180,30,90,90,eta,30,90,180,visa-on-arrival,90,30,90,visa-on-arrival,visa-on-arrival,14,30,e-visa,30,90,e-visa,90,10,180,eta,e-visa,visa-required,visa-required,90,90,30,e-visa,30,90,90,30,90,90,90,90,visa-free,90,180,30,visa-required,90,90,visa-on-arrival,visa-required,90,visa-on-arrival,90,120,30,90,e-visa,180,90,365,60,90,30,e-visa,90,90,visa-on-arrival,30,90,90,90,90,90,30,90,eta,e-visa,e-visa,14,90,90,180,visa-on-arrival,90,90,30,30,90,visa-on-arrival,eta,visa-required,90,visa-on-arrival,30,30,visa-on-arrival,15,90,30,e-visa,30,90,90,90,e-visa,90,90,90,90,visa-on-arrival,visa-on-arrival,90,visa-required,30,30,30,e-visa,90,90,visa-on-arrival,30,180,30,eta,90,visa-required,e-visa,90,90,90,visa-on-arrival,visa-required,eta,14,90,90,visa-on-arrival,30,e-visa,90,visa-free,90,visa-on-arrival,30,30,90,90,e-visa,90,visa-on-arrival,visa-on-arrival,90,visa-required,90,,90,90,visa-on-arrival,90,90,e-visa,90,e-visa,e-visa,90,e-visa,30,e-visa,e-visa,30,30,30,visa-required,90,visa-on-arrival,90,visa-free,visa-on-arrival,30,90,e-visa,90,90,90,30,90,90,visa-required,30,120,visa-on-arrival,90,visa-required,90,90,90
SI,visa-free,90,visa-required,180,90,180,30,90,visa-free,eta,e-visa,90,90,visa-on-arrival,visa-free,e-visa,visa-free,visa-on-arrival,visa-on-arrival,e-visa,90,90,90,90,e-visa,90,30,visa-free,eta,e-visa,visa-required,visa-required,visa-free,eta,90,e-visa,30,90,180,e-visa,30,visa-free,visa-free,visa-free,visa-on-arrival,visa-free,180,30,visa-required,90,visa-free,visa-on-arrival,visa-required,visa-free,visa-on-arrival,visa-free,120,90,visa-free,e-visa,eta,90,360,visa-required,90,e-visa,e-visa,visa-free,90,visa-on-arrival,e-visa,90,90,visa-free,90,visa-free,visa-on-arrival,visa-free,eta,e-visa,e-visa,visa-on-arrival,visa-free,visa-free,30,visa-on-arrival,90,eta,60,visa-on-arrival,90,visa-on-arrival,eta,visa-required,90,visa-on-arrival,30,visa-on-arrival,visa-on-arrival,90,visa-free,visa-on-arrival,e-visa,14,visa-free,visa-free,visa-free,e-visa,90,visa-free,90,90,visa-on-arrival,90,90,visa-required,e-visa,30,90,e-visa,visa-free,90,visa-on-arrival,visa-on-arrival,180,90,visa-on-arrival,visa-on-arrival,visa-required,e-visa,90,visa-free,visa-free,visa-on-arrival,visa-required,eta,visa-on-arrival,90,90,eta,30,e-visa,visa-free,visa-free,visa-free,90,90,visa-on-arrival,visa-free,90,e-visa,visa-on-arrival,visa-on-arrival,90,90,visa-required,visa-free,90,,visa-free,visa-on-arrival,visa-free,90,e-visa,eta,e-visa,15,180,e-visa,30,e-visa,e-visa,60,30,90,visa-required,90,90,90,90,90,90,visa-on-arrival,90,e-visa,eta,90,30,visa-free,90,90,45,120,90,90,visa-required,90,90,visa-on-arrival
SK,visa-free,90,e-visa,180,90,180,30,90,visa-free,eta,e-visa,90,90,visa-on-arrival,visa-free,e-visa,visa-free,visa-on-arrival,visa-on-arrival,e-visa,90,90,90,90,e-visa,90,10,visa-free,eta,e-visa,visa-required,visa-required,visa-free,e-visa,90,e-visa,30,90,90,e-visa,30,visa-free,visa-free,visa-free,e-visa,visa-free,90,30,visa-required,90,visa-free,visa-on-arrival,visa-required,visa-free,visa-on-arrival,visa-free,120,90,visa-free,e-visa,eta,90,365,visa-required,90,e-visa,e-visa,visa-free,90,visa-on-arrival,visa-required,90,90,visa-free,90,visa-free,visa-on-arrival,visa-free,eta,e-visa,e-visa,visa-free,visa-free,visa-free,30,visa-on-arrival,90,eta,60,visa-on-arrival,90,visa-on-arrival,eta,visa-required,90,visa-on-arrival,30,visa-on-arrival,visa-on-arrival,90,visa-free,eta,visa-required,e-visa,visa-free,visa-free,visa-free,e-visa,90,visa-free,90,90,visa-on-arrival,90,90,visa-required,e-visa,30,90,e-visa,visa-free,180,visa-on-arrival,visa-on-arrival,180,90,visa-on-arrival,visa-on-arrival,visa-required,e-visa,90,90,visa-free,visa-on-arrival,visa-required,eta,14,180,90,eta,30,e-visa,visa-free,visa-free,visa-free,90,90,90,visa-free,90,e-visa,visa-on-arrival,visa-on-arrival,90,90,visa-required,visa-free,90,visa-free,,visa-on-arrival,visa-free,90,e-visa,90,e-visa,e-visa,180,e-visa,30,visa-required,e-visa,60,30,90,visa-required,90,90,90,90,90,90,visa-on-arrival,90,e-visa,visa-free,90,30,visa-free,90,90,30,120,90,90,visa-required,90,90,visa-on-arrival
SL,visa-required,e-visa,visa-required,e-visa,e-visa,visa-required,visa-required,visa-required,visa-required,visa-required,visa-required,visa-required,180,90,visa-required,visa-free,visa-required,e-visa,visa-on-arrival,90,visa-required,visa-on-arrival,visa-required,90,e-visa,90,visa-required,visa-free,visa-required,e-visa,visa-required,visa-required,visa-required,90,visa-required,e-visa,visa-required,visa-required,visa-required,visa-required,visa-free,visa-required,visa-required,visa-required,e-visa,visa-required,180,visa-required,visa-required,e-visa,visa-required,visa-required,visa-required,visa-required,visa-on-arrival,visa-required,120,30,visa-required,e-visa,visa-required,90,visa-required,90,90,visa-free,e-visa,visa-required,visa-required,90,visa-required,e-visa,visa-required,visa-required,90,visa-required,visa-required,visa-required,visa-required,e-visa,e-visa,visa-on-arrival,visa-required,visa-required,visa-free,visa-required,visa-required,eta,e-visa,visa-on-arrival,30,visa-on-arrival,90,visa-required,visa-required,visa-required,e-visa,visa-required,visa-required,visa-on-arrival,visa-required,eta,visa-free,90,visa-required,visa-required,visa-required,e-visa,visa-required,visa-required,e-visa,visa-required,visa-on-arrival,visa-required,visa-required,visa-free,visa-required,e-visa,visa-on-arrival,e-visa,visa-required,90,visa-on-arrival,30,visa-required,30,visa-on-arrival,visa-on-arrival,visa-free,visa-free,visa-required,visa-required,visa-required,visa-on-arrival,visa-required,visa-required,e-visa,visa-required,visa-required,e-visa,visa-required,e-visa,visa-required,visa-free,visa-required,visa-on-arrival,visa-required,e-visa,visa-required,visa-required,visa-required,90,visa-required,visa-required,90,visa-required,visa-required,30,visa-required,visa-required,,visa-required,90,e-visa,e-visa,e-visa,e-visa,e-visa,e-visa,30,e-visa,visa-free,e-visa,visa-required,visa-on-arrival,visa-required,visa-required,visa-required,visa-required,visa-free,visa-on-arrival,visa-required,e-visa,visa-required,90,visa-required,visa-required,visa-required,visa-required,30,visa-required,e-visa,120,60,visa-required,visa-required,visa-required,e-visa,e-visa
SM,90,90,e-visa,30,90,180,e-visa,90,90,eta,e-visa,90,180,visa-on-arrival,90,e-visa,90,visa-on-arrival,visa-on-arrival,e-visa,visa-required,visa-on-arrival,90,240,e-visa,90,30,90,eta,e-visa,visa-required,visa-required,90,e-visa,90,e-visa,90,180,90,e-visa,30,90,90,90,e-visa,90,21,90,visa-required,90,90,visa-on-arrival,visa-required,90,e-visa,90,e-visa,30,90,e-visa,eta,90,365,visa-required,90,e-visa,e-visa,90,90,visa-on-arrival,visa-required,90,90,90,90,90,visa-on-arrival,90,eta,e-visa,e-visa,visa-on-arrival,90,freedom-of-movement,90,visa-on-arrival,90,90,60,visa-on-arrival,visa-required,visa-on-arrival,e-visa,visa-required,30,visa-on-arrival,30,visa-on-arrival,visa-on-arrival,42,90,eta,visa-required,90,90,90,90,e-visa,90,90,90,90,visa-on-arrival,visa-required,90,visa-required,visa-required,e-visa,90,e-visa,90,90,visa-on-arrival,visa-on-arrival,180,90,visa-on-arrival,visa-required,visa-required,e-visa,90,90,90,visa-on-arrival,visa-required,eta,14,180,183,eta,30,e-visa,90,visa-free,90,visa-on-arrival,visa-required,30,90,90,e-visa,visa-on-arrival,visa-on-arrival,visa-on-arrival,90,visa-required,90,30,90,90,e-visa,,visa-on-arrival,e-visa,e-visa,e-visa,15,90,e-visa,30,visa-required,e-visa,60,30,visa-on-arrival,visa-required,90,visa-required,90,e-visa,visa-on-arrival,90,visa-on-arrival,90,e-visa,eta,90,30,90,30,90,e-visa,30,60,90,visa-required,90,90,visa-on-arrival
SN,visa-required,e-visa,e-visa,e-visa,e-visa,visa-required,visa-required,visa-required,visa-required,e-visa,visa-required,visa-required,90,visa-on-arrival,visa-required,visa-free,visa-required,e-visa,visa-required,90,visa-required,visa-on-arrival,visa-required,e-visa,e-visa,e-visa,visa-required,visa-required,visa-required,e-visa,90,visa-on-arrival,visa-required,90,visa-required,e-visa,visa-required,e-visa,visa-required,e-visa,visa-free,visa-required,visa-required,visa-required,e-visa,visa-required,21,visa-required,visa-required,e-visa,visa-required,visa-required,visa-required,visa-required,visa-on-arrival,visa-required,120,30,visa-required,e-visa,visa-required,visa-required,e-visa,90,90,visa-free,e-visa,visa-required,visa-required,visa-free,visa-required,e-visa,visa-required,visa-required,90,visa-required,e-visa,visa-required,visa-required,e-visa,e-visa,visa-on-arrival,visa-required,visa-required,visa-required,visa-required,visa-required,eta,e-visa,visa-on-arrival,visa-required,visa-on-arrival,e-visa,visa-required,visa-required,visa-required,e-visa,visa-required,visa-required,visa-on-arrival,visa-required,visa-on-arrival,visa-free,e-visa,visa-required,visa-required,visa-required,e-visa,90,visa-required,e-visa,visa-required,visa-on-arrival,visa-required,visa-required,visa-free,visa-required,e-visa,visa-on-arrival,90,visa-required,visa-on-arrival,visa-on-arrival,e-visa,visa-required,30,30,e-visa,visa-free,visa-free,visa-on-arrival,visa-required,visa-required,visa-on-arrival,visa-required,visa-required,e-visa,visa-required,visa-required,e-visa,30,e-visa,visa-required,visa-free,visa-required,visa-on-arrival,visa-required,e-visa,visa-required,visa-required,visa-required,90,visa-required,visa-required,90,visa-required,visa-required,30,visa-required,visa-required,visa-free,visa-required,,e-visa,e-visa,e-visa,e-visa,visa-required,e-visa,visa-required,90,visa-free,e-visa,e-visa,visa-on-arrival,visa-required,90,visa-required,visa-required,visa-required,visa-on-arrival,visa-required,90,visa-required,visa-on-arrival,visa-required,visa-required,e-visa,visa-required,30,visa-required,e-visa,visa-required,60,visa-required,visa-required,e-visa,e-visa,visa-on-arrival
SO,visa-required,e-visa,e-visa,e-visa,e-visa,visa-required,visa-required,visa-required,visa-required,refused,visa-required,visa-required,visa-required,visa-on-arrival,visa-required,e-visa,visa-required,e-visa,visa-on-arrival,90,visa-required,visa-on-arrival,visa-required,e-visa,e-visa,e-visa,visa-required,visa-required,visa-required,e-visa,visa-required,visa-required,visa-required,e-visa,visa-required,e-visa,visa-required,e-visa,visa-required,visa-required,visa-on-arrival,visa-required,visa-required,visa-required,e-visa,visa-required,21,visa-required,visa-required,e-visa,visa-required,visa-required,visa-required,visa-required,visa-on-arrival,visa-required,visa-required,30,visa-required,e-visa,visa-required,visa-required,visa-required,visa-on-arrival,90,e-visa,e-visa,visa-required,visa-required,visa-on-arrival,visa-required,e-visa,visa-required,visa-required,90,visa-required,visa-required,visa-required,visa-required,visa-required,e-visa,visa-required,visa-required,visa-required,visa-required,visa-required,visa-required,90,e-visa,visa-on-arrival,visa-required,visa-on-arrival,e-visa,visa-required,visa-required,visa-required,visa-required,visa-on-arrival,visa-on-arrival,visa-required,visa-required,eta,e-visa,e-visa,visa-required,visa-required,visa-required,e-visa,visa-required,visa-required,e-visa,visa-required,visa-on-arrival,visa-required,visa-required,visa-required,visa-required,visa-required,visa-on-arrival,e-visa,visa-required,visa-required,visa-on-arrival,e-visa,visa-required,30,e-visa,e-visa,visa-required,e-visa,visa-required,visa-required,visa-required,visa-required,visa-required,visa-required,e-visa,visa-required,visa-required,e-visa,visa-required,visa-required,visa-required,visa-free,visa-required,visa-on-arrival,visa-required,e-visa,visa-required,visa-required,visa-required,90,visa-required,visa-required,90,visa-required,visa-required,e-visa,visa-required,visa-required,e-visa,visa-required,visa-required,,e-visa,e-visa,e-visa,e-visa,e-visa,visa-required,e-visa,e-visa,e-visa,visa-required,visa-on-arrival,visa-required,visa-required,visa-required,visa-required,visa-required,visa-on-arrival,visa-required,e-visa,visa-required,e-visa,visa-required,visa-required,visa-required,visa-required,30,e-visa,e-visa,visa-required,60,visa-required,visa-required,visa-required,e-visa,e-visa
SR,visa-required,e-visa,visa-required,180,e-visa,e-visa,30,90,visa-required,e-visa,visa-required,visa-required,180,visa-on-arrival,visa-required,e-visa,visa-required,visa-on-arrival,visa-on-arrival,e-visa,visa-required,e-visa,90,90,e-visa,e-visa,visa-required,visa-free,visa-required,e-visa,visa-required,visa-required,visa-required,eta,visa-required,e-visa,30,90,30,e-visa,visa-on-arrival,visa-required,visa-required,visa-required,visa-on-arrival,visa-required,180,30,visa-required,90,visa-required,visa-on-arrival,visa-required,visa-required,e-visa,visa-required,visa-required,30,visa-required,e-visa,visa-required,90,e-visa,visa-required,visa-required,e-visa,e-visa,visa-required,visa-required,visa-on-arrival,180,14,visa-required,visa-required,90,visa-required,30,visa-required,eta,e-visa,e-visa,visa-on-arrival,visa-required,visa-required,90,visa-on-arrival,90,eta,e-visa,visa-on-arrival,90,visa-on-arrival,eta,visa-required,eta,visa-required,e-visa,visa-required,visa-required,42,visa-required,visa-on-arrival,e-visa,visa-required,visa-required,visa-required,visa-required,e-visa,visa-required,visa-required,e-visa,visa-required,visa-on-arrival,visa-required,visa-required,visa-required,visa-required,e-visa,visa-on-arrival,e-visa,visa-required,90,visa-on-arrival,visa-on-arrival,visa-required,30,visa-on-arrival,visa-on-arrival,visa-required,e-visa,visa-on-arrival,visa-required,visa-required,visa-on-arrival,visa-required,visa-required,visa-on-arrival,visa-required,180,e-visa,30,e-visa,visa-required,visa-free,visa-required,visa-on-arrival,visa-required,visa-on-arrival,visa-required,30,90,visa-on-arrival,e-visa,visa-required,90,visa-required,visa-required,30,visa-required,visa-required,e-visa,visa-required,visa-on-arrival,e-visa,,e-visa,e-visa,e-visa,e-visa,visa-required,e-visa,e-visa,e-visa,e-visa,visa-on-arrival,visa-required,visa-required,visa-required,e-visa,visa-free,visa-on-arrival,visa-required,visa-on-arrival,e-visa,e-visa,visa-required,visa-required,e-visa,visa-required,90,visa-required,e-visa,e-visa,visa-on-arrival,visa-required,visa-required,visa-required,90,visa-on-arrival
SS,visa-required,visa-required,e-visa,e-visa,e-visa,visa-required,visa-required,visa-required,visa-required,visa-required,visa-required,visa-required,90,visa-required,visa-required,e-visa,visa-required,visa-on-arrival,90,90,visa-required,visa-on-arrival,visa-required,e-visa,e-visa,90,visa-required,visa-required,visa-required,e-visa,visa-required,visa-required,visa-required,e-visa,visa-required,e-visa,visa-required,e-visa,visa-required,e-visa,visa-on-arrival,visa-required,visa-required,visa-required,e-visa,visa-required,21,visa-required,visa-required,90,visa-required,visa-on-arrival,visa-required,visa-required,visa-on-arrival,visa-required,visa-required,30,visa-required,e-visa,visa-required,visa-required,visa-required,visa-on-arrival,90,e-visa,e-visa,visa-required,visa-required,visa-on-arrival,visa-required,e-visa,visa-required,visa-required,90,visa-required,visa-required,visa-required,visa-required,visa-required,visa-required,e-visa,visa-required,visa-required,visa-required,visa-required,visa-required,90,e-visa,visa-on-arrival,visa-required,visa-on-arrival,e-visa,visa-required,visa-required,visa-required,e-visa,visa-required,visa-required,visa-required,visa-required,visa-on-arrival,visa-required,e-visa,visa-required,visa-required,visa-required,visa-required,visa-required,visa-required,visa-required,visa-required,visa-on-arrival,visa-required,visa-required,visa-required,visa-required,e-visa,visa-on-arrival,visa-on-arrival,visa-required,visa-required,visa-on-arrival,visa-required,visa-required,30,visa-on-arrival,visa-required,visa-required,visa-required,visa-required,visa-required,visa-required,visa-on-arrival,visa-required,visa-required,visa-required,visa-required,visa-required,e-visa,visa-required,eta,visa-required,visa-free,visa-required,visa-on-arrival,visa-required,e-visa,visa-required,visa-required,visa-required,180,visa-required,visa-required,90,visa-required,visa-required,visa-required,visa-required,visa-required,visa-on-arrival,visa-required,visa-required,visa-on-arrival,90,,e-visa,visa-required,e-visa,visa-required,visa-required,e-visa,visa-required,visa-required,visa-on-arrival,visa-required,visa-required,visa-required,visa-required,visa-required,visa-on-arrival,visa-required,90,visa-required,180,refused,visa-required,visa-required,visa-required,90,visa-required,e-visa,visa-required,60,visa-required,visa-required,visa-required,e-visa,e-visa
ST,visa-required,e-visa,visa-required,e-visa,e-visa,visa-required,30,visa-required,visa-required,e-visa,visa-required,visa-required,90,visa-on-arrival,visa-required,e-visa,visa-required,e-visa,visa-on-arrival,90,visa-required,e-visa,visa-required,90,e-visa,e-visa,visa-required,visa-required,visa-required,e-visa,visa-required,visa-required,visa-required,eta,visa-required,e-visa,visa-required,e-visa,30,e-visa,visa-on-arrival,visa-required,visa-required,visa-required,visa-on-arrival,visa-required,21,visa-required,visa-required,90,visa-required,visa-on-arrival,visa-required,visa-required,visa-on-arrival,visa-required,visa-required,30,visa-required,e-visa,visa-required,visa-required,e-visa,90,90,e-visa,e-visa,visa-required,90,visa-on-arrival,e-visa,14,90,visa-required,90,visa-required,e-visa,visa-required,e-visa,visa-required,e-visa,visa-on-arrival,visa-required,visa-required,visa-required,visa-on-arrival,visa-required,60,e-visa,visa-on-arrival,visa-required,visa-on-arrival,e-visa,visa-required,e-visa,visa-required,e-visa,visa-on-arrival,visa-required,visa-on-arrival,visa-required,visa-on-arrival,e-visa,visa-required,visa-required,visa-required,visa-required,e-visa,visa-required,visa-required,e-visa,visa-required,visa-on-arrival,visa-required,visa-required,visa-required,visa-required,e-visa,visa-on-arrival,e-visa,visa-required,visa-on-arrival,visa-on-arrival,visa-on-arrival,visa-required,30,visa-on-arrival,visa-on-arrival,visa-required,e-visa,90,visa-required,visa-required,visa-on-arrival,visa-required,visa-required,e-visa,90,visa-required,e-visa,30,e-visa,visa-required,visa-free,visa-required,visa-on-arrival,visa-required,e-visa,visa-required,visa-required,visa-required,90,e-visa,visa-required,90,visa-required,visa-required,30,visa-required,visa-required,visa-on-arrival,visa-required,visa-required,e-visa,eta,e-visa,,180,e-visa,visa-required,e-visa,e-visa,e-visa,visa-required,visa-on-arrival,visa-required,visa-required,visa-required,visa-required,visa-required,visa-on-arrival,visa-required,visa-on-arrival,visa-required,e-visa,visa-required,visa-required,visa-required,visa-required,90,visa-required,e-visa,e-visa,visa-on-arrival,90,visa-required,90,90,visa-on-arrival
SV,90,90,e-visa,e-visa,90,visa-on-arrival,visa-required,90,90,visa-required,visa-required,90,90,visa-on-arrival,90,e-visa,90,visa-on-arrival,visa-on-arrival,e-visa,visa-required,visa-on-arrival,90,90,e-visa,e-visa,3,90,visa-required,e-visa,visa-required,visa-required,90,e-visa,90,e-visa,visa-on-arrival,90,90,e-visa,visa-on-arrival,90,90,90,e-visa,90,21,30,visa-required,90,90,visa-on-arrival,visa-required,90,e-visa,90,visa-required,30,90,e-visa,visa-required,90,365,visa-required,visa-required,e-visa,e-visa,90,90,visa-on-arrival,visa-required,90,90,90,90,90,visa-on-arrival,90,eta,e-visa,e-visa,visa-free,90,90,30,visa-on-arrival,90,eta,e-visa,visa-on-arrival,90,visa-on-arrival,90,visa-required,eta,visa-required,e-visa,visa-on-arrival,visa-required,visa-on-arrival,90,visa-on-arrival,e-visa,e-visa,90,90,90,e-visa,visa-required,90,90,90,visa-on-arrival,visa-required,90,visa-required,visa-required,e-visa,visa-on-arrival,e-visa,90,visa-on-arrival,visa-on-arrival,visa-on-arrival,visa-required,30,visa-on-arrival,e-visa,visa-required,e-visa,90,90,90,visa-on-arrival,visa-required,visa-required,e-visa,90,183,e-visa,30,e-visa,90,visa-free,90,visa-on-arrival,90,e-visa,90,visa-required,90,visa-on-arrival,visa-required,visa-required,90,visa-required,90,30,90,90,e-visa,90,visa-on-arrival,e-visa,90,e-visa,e-visa,,e-visa,visa-required,e-visa,e-visa,visa-on-arrival,e-visa,visa-on-arrival,visa-required,visa-required,visa-required,90,90,visa-on-arrival,visa-required,visa-on-arrival,e-visa,e-visa,visa-required,90,30,90,90,visa-free,30,visa-required,60,90,visa-required,visa-required,visa-on-arrival,visa-on-arrival
SY,visa-required,visa-required,e-visa,e-visa,e-visa,visa-required,visa-required,visa-required,visa-required,visa-required,visa-required,visa-required,visa-required,visa-required,visa-required,e-visa,visa-required,visa-on-arrival,visa-on-arrival,e-visa,visa-required,e-visa,visa-required,e-visa,e-visa,e-visa,visa-required,visa-required,visa-required,e-visa,visa-required,visa-required,visa-required,e-visa,visa-required,e-visa,visa-required,e-visa,visa-required,visa-required,visa-on-arrival,visa-required,visa-required,visa-required,e-visa,visa-required,21,visa-required,visa-required,e-visa,visa-required,refused,visa-required,visa-required,visa-required,visa-required,visa-required,30,visa-required,e-visa,visa-required,visa-required,visa-required,visa-required,visa-required,e-visa,e-visa,visa-required,visa-required,visa-on-arrival,visa-required,e-visa,visa-required,visa-required,visa-required,visa-required,visa-required,visa-required,visa-required,visa-required,e-visa,90,visa-required,visa-required,visa-required,visa-required,visa-required,eta,e-visa,visa-on-arrival,visa-required,visa-on-arrival,e-visa,visa-required,visa-required,visa-required,visa-required,visa-required,visa-on-arrival,visa-required,visa-required,visa-required,e-visa,e-visa,visa-required,visa-required,visa-required,refused,visa-required,visa-required,visa-required,visa-required,visa-on-arrival,visa-required,visa-required,refused,visa-required,visa-required,visa-on-arrival,visa-required,visa-required,visa-required,visa-on-arrival,e-visa,visa-required,90,visa-on-arrival,e-visa,visa-required,e-visa,visa-required,visa-required,visa-required,visa-required,visa-required,visa-required,visa-required,visa-required,visa-required,e-visa,visa-required,e-visa,visa-required,visa-required,visa-required,visa-on-arrival,visa-required,e-visa,visa-required,visa-required,visa-required,visa-on-arrival,visa-required,visa-required,90,visa-required,visa-required,e-visa,visa-required,visa-required,e-visa,visa-required,visa-required,e-visa,e-visa,e-visa,e-visa,visa-required,,visa-required,visa-required,e-visa,e-visa,visa-required,visa-on-arrival,visa-required,visa-required,visa-required,visa-required,visa-required,visa-on-arrival,visa-required,visa-on-arrival,visa-required,e-visa,visa-required,visa-required,visa-required,visa-required,visa-required,e-visa,e-visa,visa-required,60,visa-required,visa-on-arrival,visa-required,e-visa,e-visa
SZ,visa-required,e-visa,e-visa,30,e-visa,visa-required,30,visa-required,visa-required,visa-required,visa-required,visa-required,180,visa-on-arrival,visa-required,e-visa,visa-required,e-visa,visa-on-arrival,90,visa-required,visa-on-arrival,visa-required,90,e-visa,90,visa-required,visa-free,visa-required,e-visa,visa-required,visa-required,visa-required,e-visa,visa-required,e-visa,visa-required,e-visa,visa-required,e-visa,visa-on-arrival,visa-required,visa-required,visa-required,e-visa,visa-required,180,visa-required,visa-required,90,visa-required,visa-required,visa-required,visa-required,visa-on-arrival,visa-required,120,30,visa-required,e-visa,visa-required,90,e-visa,90,90,e-visa,e-visa,visa-required,visa-required,visa-on-arrival,60,visa-required,visa-required,visa-required,90,visa-required,visa-required,visa-required,eta,e-visa,e-visa,visa-on-arrival,visa-required,visa-required,visa-free,visa-on-arrival,visa-required,eta,e-visa,visa-on-arrival,visa-required,visa-on-arrival,90,visa-required,eta,visa-required,e-visa,visa-required,visa-required,42,visa-required,eta,e-visa,90,visa-required,visa-required,visa-required,e-visa,visa-required,visa-required,e-visa,visa-required,visa-on-arrival,visa-required,visa-required,visa-required,visa-required,e-visa,visa-on-arrival,e-visa,visa-required,90,visa-on-arrival,90,visa-required,30,visa-free,90,visa-required,e-visa,visa-required,visa-required,visa-required,visa-required,visa-required,visa-required,e-visa,visa-required,visa-required,e-visa,30,e-visa,visa-required,visa-free,visa-required,visa-on-arrival,visa-required,e-visa,visa-required,visa-required,e-visa,visa-on-arrival,visa-required,visa-required,90,visa-required,visa-required,30,visa-required,visa-required,visa-on-arrival,visa-required,visa-on-arrival,e-visa,visa-free,e-visa,e-visa,e-visa,e-visa,,e-visa,e-visa,e-visa,e-visa,visa-on-arrival,visa-required,visa-required,visa-required,visa-required,visa-free,visa-on-arrival,90,90,visa-required,90,visa-required,visa-required,visa-required,visa-required,30,e-visa,e-visa,120,visa-on-arrival,90,visa-required,30,90,90
TD,visa-required,e-visa,e-visa,e-visa,e-visa,visa-required,e-visa,visa-required,visa-required,e-visa,visa-required,visa-required,90,visa-on-arrival,visa-required,e-visa,visa-required,e-visa,visa-on-arrival,90,visa-required,visa-on-arrival,visa-required,e-visa,e-visa,e-visa,visa-required,visa-required,visa-required,e-visa,90,90,visa-required,90,visa-required,90,visa-required,e-visa,visa-required,e-visa,visa-on-arrival,visa-required,visa-required,visa-required,e-visa,visa-required,21,visa-required,visa-required,e-visa,visa-required,visa-required,visa-required,visa-required,visa-on-arrival,visa-required,visa-required,30,visa-required,90,visa-required,visa-required,visa-required,visa-on-arrival,90,e-visa,90,visa-required,visa-required,visa-on-arrival,visa-required,14,visa-required,visa-required,90,visa-required,visa-required,visa-required,visa-required,visa-required,e-visa,visa-on-arrival,visa-required,visa-required,visa-required,visa-required,visa-required,60,e-visa,visa-on-arrival,visa-required,visa-on-arrival,e-visa,visa-required,visa-required,visa-required,e-visa,visa-on-arrival,visa-required,visa-required,visa-required,eta,e-visa,e-visa,visa-required,visa-required,visa-required,e-visa,visa-required,visa-required,e-visa,visa-required,visa-on-arrival,visa-required,visa-required,90,visa-required,visa-required,visa-on-arrival,90,visa-required,90,visa-on-arrival,e-visa,visa-required,30,visa-on-arrival,visa-on-arrival,90,90,visa-on-arrival,visa-required,visa-required,visa-on-arrival,visa-required,visa-required,e-visa,visa-required,visa-required,e-visa,30,e-visa,visa-required,visa-free,visa-required,visa-on-arrival,visa-required,e-visa,visa-required,visa-required,visa-required,90,visa-required,visa-required,90,visa-required,visa-required,30,visa-required,visa-required,visa-on-arrival,visa-required,visa-on-arrival,e-visa,e-visa,e-visa,e-visa,e-visa,e-visa,visa-required,,e-visa,e-visa,e-visa,visa-on-arrival,visa-required,visa-required,visa-required,visa-required,visa-required,visa-on-arrival,visa-required,e-visa,visa-required,visa-on-arrival,refused,visa-required,visa-required,visa-required,30,visa-required,e-visa,visa-required,60,visa-required,visa-required,visa-required,e-visa,e-visa
TG,visa-required,e-visa,e-visa,e-visa,e-visa,visa-required,visa-required,visa-required,visa-required,visa-required,visa-required,visa-required,90,visa-on-arrival,visa-required,visa-free,visa-required,e-visa,visa-on-arrival,90,visa-required,visa-on-arrival,visa-required,e-visa,e-visa,e-visa,visa-required,visa-required,visa-required,e-visa,visa-required,visa-on-arrival,visa-required,90,visa-required,e-visa,visa-required,e-visa,visa-required,e-visa,visa-free,visa-required,visa-required,visa-required,e-visa,visa-required,21,visa-required,visa-required,90,visa-required,visa-required,visa-required,visa-required,visa-on-arrival,visa-required,visa-required,30,visa-required,e-visa,visa-required,visa-required,e-visa,90,90,visa-free,e-visa,visa-required,visa-required,visa-free,visa-on-arrival,e-visa,visa-required,visa-required,90,visa-required,e-visa,visa-required,visa-required,e-visa,e-visa,visa-on-arrival,visa-required,visa-required,visa-required,visa-required,visa-required,60,e-visa,visa-on-arrival,visa-required,visa-on-arrival,e-visa,visa-required,visa-required,visa-required,e-visa,visa-on-arrival,visa-required,visa-on-arrival,visa-required,eta,visa-free,e-visa,visa-required,visa-required,visa-required,e-visa,visa-required,visa-required,e-visa,visa-required,visa-on-arrival,visa-required,visa-required,visa-free,visa-required,e-visa,visa-on-arrival,e-visa,visa-required,visa-on-arrival,visa-on-arrival,e-visa,visa-required,30,visa-on-arrival,visa-on-arrival,visa-free,visa-free,visa-on-arrival,visa-required,visa-required,visa-on-arrival,visa-required,visa-required,e-visa,visa-required,visa-required,e-visa,30,e-visa,visa-required,visa-free,visa-required,visa-on-arrival,visa-required,e-visa,visa-required,visa-required,visa-required,30,visa-required,visa-required,90,visa-required,visa-required,30,visa-required,visa-required,visa-free,visa-required,90,e-visa,e-visa,e-visa,90,e-visa,e-visa,visa-required,90,,e-visa,visa-required,visa-on-arrival,visa-required,visa-required,visa-required,visa-required,visa-required,visa-on-arrival,visa-required,visa-on-arrival,visa-required,visa-on-arrival,visa-required,visa-required,visa-required,visa-required,30,visa-required,e-visa,visa-required,60,visa-required,visa-required,visa-required,e-visa,e-visa
TH,visa-required,visa-required,e-visa,e-visa,e-visa,visa-on-arrival,e-visa,90,visa-required,visa-required,e-visa,visa-required,90,visa-required,visa-required,e-visa,visa-required,visa-on-arrival,visa-on-arrival,e-visa,14,e-visa,90,e-visa,e-visa,e-visa,visa-required,visa-required,visa-required,e-visa,visa-required,visa-required,visa-required,e-visa,90,e-visa,30,e-visa,visa-required,e-visa,visa-on-arrival,visa-required,visa-required,visa-required,e-visa,visa-required,21,30,visa-required,90,visa-required,visa-required,visa-required,visa-required,visa-on-arrival,visa-required,120,30,visa-required,e-visa,visa-required,visa-required,365,visa-required,visa-required,e-visa,e-visa,visa-required,visa-required,visa-on-arrival,e-visa,30,visa-required,visa-required,90,visa-required,30,visa-required,visa-required,e-visa,visa-required,visa-free,visa-required,visa-required,visa-required,visa-on-arrival,15,eta,30,14,90,visa-on-arrival,e-visa,visa-required,eta,visa-required,30,30,visa-required,visa-on-arrival,visa-required,eta,e-visa,visa-required,visa-required,visa-required,visa-required,e-visa,e-visa,visa-required,e-visa,visa-required,visa-on-arrival,visa-on-arrival,visa-required,visa-required,14,30,30,e-visa,visa-required,visa-on-arrival,visa-on-arrival,visa-on-arrival,visa-required,30,visa-on-arrival,visa-on-arrival,visa-required,e-visa,visa-required,visa-required,visa-required,visa-on-arrival,visa-required,visa-required,14,90,90,e-visa,30,e-visa,visa-required,visa-free,visa-required,visa-on-arrival,visa-on-arrival,e-visa,visa-required,e-visa,30,visa-on-arrival,visa-on-arrival,visa-on-arrival,90,visa-required,visa-required,30,visa-required,visa-required,visa-on-arrival,visa-required,visa-on-arrival,e-visa,90,e-visa,e-visa,visa-required,e-visa,visa-required,e-visa,e-visa,,30,30,visa-required,visa-required,visa-required,30,e-visa,visa-on-arrival,14,visa-on-arrival,e-visa,e-visa,visa-required,visa-required,e-visa,visa-required,90,e-visa,30,120,visa-on-arrival,visa-required,visa-required,30,visa-on-arrival,e-visa
TJ,visa-required,e-visa,visa-required,180,e-visa,180,visa-required,visa-required,visa-required,e-visa,90,visa-required,28,visa-on-arrival,visa-required,e-visa,visa-required,e-visa,visa-on-arrival,e-visa,visa-required,e-visa,visa-required,e-visa,e-visa,e-visa,visa-free,visa-required,visa-required,e-visa,visa-required,visa-required,visa-required,eta,visa-required,e-visa,visa-required,e-visa,visa-required,e-visa,visa-on-arrival,visa-required,visa-required,visa-required,visa-on-arrival,visa-required,21,visa-required,visa-required,e-visa,visa-required,visa-required,visa-required,visa-required,e-visa,visa-required,visa-required,30,visa-required,e-visa,visa-required,visa-free,360,visa-required,visa-required,e-visa,e-visa,visa-required,visa-required,visa-on-arrival,e-visa,e-visa,visa-required,visa-required,90,visa-required,e-visa,visa-required,e-visa,e-visa,e-visa,30,visa-required,visa-required,visa-on-arrival,visa-on-arrival,visa-required,eta,visa-free,visa-on-arrival,visa-required,visa-on-arrival,e-visa,visa-required,e-visa,visa-required,30,visa-on-arrival,visa-on-arrival,visa-required,visa-required,visa-on-arrival,e-visa,visa-required,visa-required,visa-required,visa-required,e-visa,visa-required,visa-required,90,visa-required,visa-on-arrival,visa-on-arrival,visa-required,visa-required,visa-required,visa-required,visa-on-arrival,e-visa,visa-required,visa-on-arrival,visa-on-arrival,e-visa,visa-required,30,visa-on-arrival,visa-on-arrival,visa-required,e-visa,visa-on-arrival,visa-required,visa-required,visa-on-arrival,visa-required,visa-required,e-visa,visa-required,visa-required,e-visa,30,e-visa,visa-required,visa-free,visa-required,visa-on-arrival,visa-required,visa-on-arrival,visa-required,visa-required,90,visa-on-arrival,visa-on-arrival,visa-required,90,visa-required,visa-required,e-visa,visa-required,visa-required,e-visa,visa-required,visa-required,e-visa,eta,e-visa,e-visa,e-visa,visa-on-arrival,visa-required,e-visa,e-visa,e-visa,,visa-on-arrival,visa-required,visa-required,visa-required,visa-required,visa-required,visa-on-arrival,visa-required,e-visa,90,e-visa,visa-required,visa-required,30,visa-required,90,visa-required,e-visa,e-visa,visa-on-arrival,visa-required,visa-required,visa-required,e-visa,visa-on-arrival
TL,90,e-visa,e-visa,e-visa,e-visa,e-visa,30,visa-required,90,visa-required,visa-required,90,28,visa-on-arrival,90,e-visa,90,visa-on-arrival,visa-on-arrival,e-visa,visa-required,visa-on-arrival,visa-required,e-visa,e-visa,e-visa,visa-required,visa-required,visa-required,e-visa,visa-required,visa-required,90,e-visa,visa-required,e-visa,visa-required,e-visa,visa-required,e-visa,30,90,90,90,e-visa,90,21,visa-required,visa-required,90,90,visa-on-arrival,visa-required,90,e-visa,90,visa-required,30,90,e-visa,visa-required,visa-required,e-visa,visa-required,visa-free,e-visa,e-visa,90,visa-required,visa-on-arrival,visa-required,30,visa-required,90,90,90,30,visa-required,visa-required,e-visa,e-visa,visa-on-arrival,90,90,visa-required,visa-on-arrival,visa-required,eta,e-visa,visa-on-arrival,90,visa-on-arrival,e-visa,visa-required,visa-required,visa-required,visa-required,30,visa-required,visa-on-arrival,90,eta,e-visa,e-visa,90,90,90,e-visa,visa-required,90,90,90,visa-on-arrival,visa-on-arrival,visa-required,visa-required,visa-required,e-visa,visa-on-arrival,e-visa,90,visa-on-arrival,visa-on-arrival,visa-on-arrival,visa-required,90,visa-on-arrival,e-visa,visa-required,e-visa,visa-required,visa-required,90,visa-on-arrival,visa-required,visa-required,visa-required,visa-required,visa-required,e-visa,visa-required,e-visa,90,visa-free,90,visa-on-arrival,visa-required,e-visa,90,visa-required,visa-required,visa-on-arrival,visa-required,visa-required,90,visa-required,90,30,90,90,visa-on-arrival,90,visa-on-arrival,e-visa,90,e-visa,15,e-visa,e-visa,30,e-visa,e-visa,30,visa-required,,visa-required,visa-required,visa-required,e-visa,visa-required,visa-on-arrival,visa-required,visa-on-arrival,e-visa,e-visa,visa-required,visa-required,visa-required,90,90,e-visa,e-visa,visa-required,60,90,visa-required,visa-required,e-visa,e-visa
TM,visa-required,e-visa,visa-required,180,e-visa,e-visa,visa-required,visa-required,visa-required,e-visa,e-visa,visa-required,28,visa-on-arrival,visa-required,e-visa,visa-required,e-visa,visa-on-arrival,e-visa,visa-required,e-visa,visa-required,e-visa,e-visa,e-visa,visa-required,visa-required,visa-required,e-visa,visa-required,visa-required,visa-required,eta,visa-required,e-visa,visa-required,e-visa,visa-required,e-visa,visa-on-arrival,visa-required,visa-required,visa-required,visa-on-arrival,visa-required,21,visa-required,visa-required,90,visa-required,visa-required,visa-required,visa-required,e-visa,visa-required,visa-required,30,visa-required,e-visa,visa-required,visa-free,360,visa-required,visa-required,e-visa,e-visa,visa-required,visa-required,visa-on-arrival,e-visa,e-visa,visa-required,visa-required,90,visa-required,e-visa,visa-required,e-visa,visa-required,e-visa,visa-on-arrival,visa-required,visa-required,visa-on-arrival,visa-on-arrival,visa-required,eta,e-visa,visa-on-arrival,visa-required,visa-on-arrival,e-visa,visa-required,e-visa,visa-required,e-visa,visa-on-arrival,visa-on-arrival,visa-required,visa-required,visa-on-arrival,e-visa,visa-required,visa-required,visa-required,visa-required,e-visa,visa-required,visa-required,e-visa,visa-required,visa-on-arrival,visa-on-arrival,visa-required,visa-required,visa-required,visa-required,visa-on-arrival,e-visa,visa-required,visa-on-arrival,visa-on-arrival,e-visa,visa-required,90,visa-on-arrival,visa-on-arrival,visa-required,e-visa,visa-on-arrival,visa-required,visa-required,visa-on-arrival,visa-required,visa-required,e-visa,visa-required,visa-required,e-visa,30,e-visa,visa-required,visa-free,visa-required,visa-on-arrival,visa-required,e-visa,visa-required,visa-required,e-visa,visa-on-arrival,e-visa,visa-required,90,visa-required,visa-required,e-visa,visa-required,visa-required,e-visa,visa-required,visa-required,e-visa,eta,e-visa,e-visa,e-visa,visa-on-arrival,visa-required,e-visa,e-visa,e-visa,visa-on-arrival,visa-on-arrival,,visa-required,visa-required,visa-required,visa-required,visa-on-arrival,visa-required,e-visa,visa-required,e-visa,visa-required,visa-required,visa-required,visa-required,90,visa-required,e-visa,e-visa,visa-on-arrival,visa-required,visa-required,visa-required,e-visa,visa-on-arrival
TN,visa-required,visa-required,e-visa,e-visa,e-visa,e-visa,e-visa,visa-required,visa-required,visa-required,visa-required,visa-required,180,visa-on-arrival,visa-required,visa-on-arrival,visa-required,visa-on-arrival,visa-on-arrival,90,visa-required,e-visa,90,e-visa,e-visa,e-visa,visa-required,visa-free,visa-required,e-visa,visa-required,visa-required,visa-required,90,visa-required,e-visa,visa-required,e-visa,visa-required,e-visa,visa-required,visa-required,visa-required,visa-required,e-visa,visa-required,21,visa-required,90,90,visa-required,visa-required,visa-required,visa-required,visa-on-arrival,visa-required,120,30,visa-required,e-visa,visa-required,visa-required,visa-required,visa-on-arrival,90,90,30,visa-required,visa-required,visa-on-arrival,e-visa,30,visa-required,visa-required,90,visa-required,visa-on-arrival,visa-required,visa-required,visa-required,e-visa,15,visa-required,visa-required,visa-required,90,90,60,e-visa,visa-on-arrival,visa-required,visa-on-arrival,e-visa,visa-required,eta,visa-required,visa-required,visa-on-arrival,visa-on-arrival,visa-required,visa-required,eta,e-visa,visa-required,visa-required,visa-required,visa-required,visa-free,90,visa-required,visa-required,visa-required,visa-on-arrival,visa-required,visa-required,90,visa-required,visa-required,visa-on-arrival,90,visa-required,90,visa-on-arrival,visa-required,visa-required,90,visa-on-arrival,visa-on-arrival,90,e-visa,visa-required,visa-required,visa-required,visa-on-arrival,visa-required,visa-required,visa-required,visa-required,visa-required,e-visa,30,e-visa,visa-required,visa-required,visa-required,visa-on-arrival,visa-required,e-visa,visa-required,e-visa,visa-required,visa-on-arrival,visa-required,visa-required,90,visa-required,visa-required,visa-required,visa-required,visa-required,visa-on-arrival,visa-required,90,e-visa,90,e-visa,e-visa,visa-required,visa-free,visa-required,e-visa,e-visa,visa-on-arrival,14,visa-on-arrival,visa-required,,visa-required,90,e-visa,visa-on-arrival,visa-required,visa-on-arrival,visa-required,e-visa,visa-required,visa-required,e-visa,visa-required,90,e-visa,e-visa,120,visa-on-arrival,visa-required,visa-required,90,e-visa,e-visa
TO,90,e-visa,e-visa,e-visa,e-visa,e-visa,30,visa-required,90,visa-required,visa-required,90,180,90,90,e-visa,90,e-visa,visa-on-arrival,e-visa,visa-required,visa-on-arrival,visa-required,90,e-visa,90,visa-required,visa-free,visa-required,e-visa,visa-required,visa-required,90,e-visa,90,e-visa,30,e-visa,30,e-visa,visa-on-arrival,90,90,90,e-visa,90,180,30,visa-required,90,90,visa-on-arrival,visa-required,90,e-visa,90,120,30,90,e-visa,eta,90,e-visa,visa-required,90,e-visa,e-visa,90,visa-required,visa-on-arrival,visa-required,90,visa-required,90,90,90,visa-required,90,eta,e-visa,e-visa,visa-on-arrival,90,90,visa-free,visa-on-arrival,visa-required,eta,e-visa,visa-on-arrival,30,visa-on-arrival,eta,visa-required,eta,visa-required,e-visa,visa-required,visa-required,42,90,eta,e-visa,90,90,90,90,e-visa,visa-required,90,90,90,visa-on-arrival,visa-on-arrival,visa-required,visa-required,visa-required,e-visa,visa-on-arrival,e-visa,90,90,visa-on-arrival,30,visa-required,30,visa-on-arrival,e-visa,visa-required,e-visa,visa-on-arrival,visa-required,90,visa-on-arrival,visa-on-arrival,visa-required,visa-required,180,180,visa-on-arrival,visa-required,visa-free,90,visa-free,90,visa-on-arrival,visa-required,e-visa,90,visa-required,e-visa,30,visa-required,visa-on-arrival,90,visa-required,90,30,90,90,visa-on-arrival,90,visa-required,e-visa,e-visa,e-visa,e-visa,e-visa,e-visa,30,e-visa,e-visa,60,visa-required,visa-on-arrival,visa-required,visa-required,,visa-required,visa-free,visa-on-arrival,visa-required,90,visa-required,90,visa-required,visa-required,e-visa,90,30,e-visa,e-visa,120,60,90,visa-required,visa-required,90,90
TR,visa-required,visa-required,visa-required,180,90,visa-on-arrival,30,90,visa-required,visa-required,90,90,180,visa-on-arrival,visa-required,e-visa,visa-required,visa-on-arrival,visa-on-arrival,e-visa,30,90,90,240,e-visa,90,30,90,visa-required,e-visa,visa-required,visa-required,visa-required,e-visa,90,e-visa,visa-required,90,90,e-visa,visa-required,visa-required,visa-required,visa-required,e-visa,visa-required,21,90,visa-required,90,visa-required,visa-on-arrival,visa-required,visa-required,visa-on-arrival,visa-required,120,30,visa-required,e-visa,visa-required,visa-required,360,visa-required,90,e-visa,90,visa-required,90,visa-on-arrival,e-visa,90,90,visa-required,90,visa-required,30,visa-required,visa-required,visa-required,30,90,visa-required,visa-required,90,90,90,eta,90,visa-on-arrival,visa-required,visa-on-arrival,eta,visa-required,eta,visa-on-arrival,30,visa-on-arrival,visa-on-arrival,42,visa-required,eta,e-visa,visa-required,visa-required,visa-required,visa-required,visa-free,90,visa-required,90,30,visa-on-arrival,visa-on-arrival,90,visa-required,e-visa,30,30,e-visa,visa-required,90,visa-on-arrival,e-visa,eta,90,visa-on-arrival,visa-on-arrival,visa-required,e-visa,90,visa-required,visa-required,visa-on-arrival,visa-required,visa-required,30,90,183,e-visa,30,e-visa,visa-required,visa-free,visa-required,visa-on-arrival,90,90,visa-required,90,e-visa,visa-on-arrival,visa-on-arrival,visa-required,90,visa-on-arrival,visa-required,30,visa-required,visa-required,visa-on-arrival,visa-required,visa-on-arrival,e-visa,90,e-visa,15,90,90,30,e-visa,e-visa,60,visa-required,visa-on-arrival,visa-required,90,visa-on-arrival,,90,visa-on-arrival,visa-on-arrival,visa-on-arrival,90,e-visa,visa-required,90,30,visa-required,90,90,e-visa,120,visa-on-arrival,90,visa-required,30,90,visa-on-arrival
TT,90,e-visa,e-visa,180,90,visa-on-arrival,30,90,90,visa-required,e-visa,90,180,visa-on-arrival,90,e-visa,90,visa-on-arrival,visa-on-arrival,e-visa,visa-required,visa-on-arrival,90,90,e-visa,90,3,180,eta,e-visa,visa-required,visa-required,90,e-visa,90,e-visa,visa-on-arrival,90,90,e-visa,visa-on-arrival,90,90,90,visa-on-arrival,90,180,30,visa-required,90,90,visa-on-arrival,visa-required,90,e-visa,90,120,30,90,e-visa,visa-required,180,e-visa,60,90,e-visa,e-visa,90,90,visa-on-arrival,180,90,90,90,90,90,e-visa,visa-required,eta,e-visa,e-visa,visa-free,90,90,visa-free,visa-on-arrival,visa-required,90,e-visa,visa-on-arrival,90,visa-on-arrival,180,visa-required,eta,visa-required,e-visa,visa-on-arrival,visa-required,180,90,eta,e-visa,90,90,90,90,e-visa,visa-required,90,90,90,visa-on-arrival,visa-required,visa-required,visa-required,visa-required,e-visa,visa-on-arrival,e-visa,90,180,visa-on-arrival,90,180,30,visa-on-arrival,e-visa,visa-required,e-visa,visa-required,90,90,visa-on-arrival,visa-required,visa-required,visa-required,180,90,eta,30,eta,90,visa-free,90,visa-on-arrival,90,e-visa,90,90,e-visa,30,visa-required,visa-on-arrival,90,visa-required,90,30,90,90,visa-on-arrival,90,visa-on-arrival,e-visa,90,e-visa,e-visa,180,e-visa,30,visa-required,e-visa,60,e-visa,visa-on-arrival,visa-required,visa-required,visa-required,90,,visa-on-arrival,visa-required,90,e-visa,90,visa-required,90,30,90,180,90,30,30,visa-on-arrival,90,visa-required,90,90,90
TV,90,e-visa,e-visa,180,e-visa,e-visa,30,visa-required,90,e-visa,visa-required,90,180,visa-on-arrival,90,e-visa,90,e-visa,visa-on-arrival,e-visa,visa-required,visa-on-arrival,visa-required,90,e-visa,90,visa-required,visa-free,visa-required,e-visa,visa-required,visa-required,90,e-visa,visa-required,e-visa,visa-required,e-visa,30,e-visa,visa-on-arrival,90,90,90,e-visa,90,180,30,visa-required,90,90,visa-on-arrival,visa-required,90,e-visa,90,120,30,visa-required,e-visa,eta,90,e-visa,visa-required,90,e-visa,e-visa,90,90,visa-on-arrival,visa-required,90,90,90,90,90,visa-required,90,visa-required,e-visa,e-visa,visa-on-arrival,90,90,visa-free,visa-on-arrival,e-visa,eta,e-visa,visa-on-arrival,30,visa-on-arrival,eta,visa-required,30,visa-required,e-visa,visa-on-arrival,visa-required,42,90,eta,e-visa,90,90,90,90,e-visa,visa-required,90,90,90,visa-on-arrival,visa-on-arrival,visa-required,visa-required,visa-required,e-visa,visa-on-arrival,e-visa,90,90,visa-on-arrival,90,visa-required,30,visa-on-arrival,e-visa,visa-required,e-visa,90,visa-required,90,visa-on-arrival,visa-on-arrival,visa-required,visa-required,180,183,visa-on-arrival,30,e-visa,90,visa-free,90,visa-on-arrival,visa-required,e-visa,90,visa-required,visa-required,e-visa,visa-required,visa-on-arrival,90,visa-required,90,30,90,90,visa-on-arrival,90,visa-on-arrival,e-visa,e-visa,e-visa,e-visa,90,e-visa,30,e-visa,e-visa,e-visa,visa-required,visa-on-arrival,visa-required,visa-required,visa-on-arrival,visa-required,visa-free,,90,90,e-visa,e-visa,visa-required,visa-required,visa-required,90,30,e-visa,e-visa,120,60,90,visa-required,visa-required,90,90
TW,90,visa-required,e-visa,30,90,e-visa,e-visa,visa-required,90,eta,visa-required,90,visa-required,visa-on-arrival,90,e-visa,90,visa-on-arrival,visa-on-arrival,e-visa,14,visa-on-arrival,visa-required,e-visa,e-visa,e-visa,visa-required,30,eta,e-visa,e-visa,e-visa,90,e-visa,90,e-visa,visa-free,e-visa,90,e-visa,visa-required,90,90,90,e-visa,90,180,30,visa-required,90,90,visa-on-arrival,visa-required,90,visa-on-arrival,90,120,30,90,e-visa,eta,visa-required,refused,e-visa,90,e-visa,e-visa,90,90,visa-on-arrival,e-visa,30,90,90,90,90,visa-on-arrival,90,eta,e-visa,e-visa,e-visa,90,90,visa-required,visa-on-arrival,90,eta,e-visa,visa-on-arrival,refused,visa-on-arrival,eta,visa-required,eta,visa-required,visa-required,visa-on-arrival,visa-required,42,90,visa-required,e-visa,e-visa,90,90,90,e-visa,visa-required,90,refused,90,visa-on-arrival,90,90,visa-required,e-visa,e-visa,visa-free,e-visa,90,visa-on-arrival,visa-on-arrival,visa-on-arrival,visa-required,30,visa-on-arrival,e-visa,visa-required,e-visa,e-visa,90,90,visa-on-arrival,visa-required,eta,14,90,183,e-visa,14,visa-required,90,visa-free,90,90,90,visa-on-arrival,90,visa-required,e-visa,visa-on-arrival,visa-on-arrival,visa-required,90,visa-required,90,30,90,90,e-visa,90,visa-required,visa-required,90,e-visa,e-visa,visa-required,e-visa,90,e-visa,e-visa,60,e-visa,visa-on-arrival,visa-required,visa-required,visa-required,e-visa,e-visa,90,,visa-on-arrival,e-visa,e-visa,eta,visa-required,e-visa,90,180,refused,e-visa,30,60,90,e-visa,visa-required,e-visa,e-visa
TZ,visa-required,e-visa,e-visa,180,e-visa,visa-required,30,visa-required,visa-required,visa-required,visa-required,visa-required,180,90,visa-required,e-visa,visa-required,e-visa,90,90,visa-required,visa-on-arrival,visa-required,90,e-visa,90,visa-required,visa-free,visa-required,visa-free,visa-required,visa-required,visa-required,e-visa,visa-required,e-visa,visa-required,visa-required,visa-required,e-visa,visa-on-arrival,visa-required,visa-required,visa-required,e-visa,visa-required,180,visa-required,visa-required,90,visa-required,visa-required,visa-required,visa-required,visa-on-arrival,visa-required,120,30,visa-required,e-visa,visa-required,90,visa-required,90,90,visa-free,e-visa,visa-required,visa-required,visa-on-arrival,visa-required,90,visa-required,visa-required,90,visa-required,visa-on-arrival,visa-required,visa-required,e-visa,e-visa,15,visa-required,visa-required,visa-free,visa-required,visa-required,90,e-visa,visa-on-arrival,30,visa-on-arrival,90,visa-required,visa-required,visa-required,e-visa,visa-on-arrival,visa-required,42,visa-required,eta,visa-required,90,visa-required,visa-required,visa-required,e-visa,visa-required,visa-required,e-visa,visa-required,visa-on-arrival,visa-required,visa-required,visa-required,visa-required,e-visa,90,e-visa,visa-required,90,visa-on-arrival,90,visa-required,30,90,90,visa-required,e-visa,visa-on-arrival,visa-required,visa-required,visa-on-arrival,visa-required,visa-required,visa-required,visa-required,visa-required,e-visa,30,eta,visa-required,visa-free,visa-required,visa-on-arrival,visa-required,e-visa,visa-required,visa-required,visa-required,180,visa-required,visa-required,visa-on-arrival,visa-required,visa-required,30,visa-required,visa-required,e-visa,visa-required,visa-on-arrival,e-visa,e-visa,visa-free,e-visa,visa-required,e-visa,30,e-visa,e-visa,e-visa,e-visa,visa-on-arrival,visa-required,visa-required,visa-required,visa-required,visa-required,visa-on-arrival,visa-required,,visa-required,90,visa-required,visa-required,visa-required,visa-required,30,visa-required,e-visa,30,visa-on-arrival,visa-required,visa-required,90,30,90
UA,90,30,e-visa,180,90,180,e-visa,90,90,e-visa,90,30,28,visa-on-arrival,90,e-visa,90,visa-on-arrival,visa-on-arrival,e-visa,30,visa-required,90,e-visa,e-visa,e-visa,90,visa-required,visa-required,e-visa,visa-required,visa-required,90,e-visa,90,e-visa,1,90,180,e-visa,visa-on-arrival,90,90,90,visa-on-arrival,90,90,30,visa-required,90,90,visa-on-arrival,visa-required,90,visa-on-arrival,90,120,30,90,e-visa,e-visa,90,365,e-visa,visa-required,e-visa,e-visa,90,90,visa-on-arrival,e-visa,14,90,90,90,90,visa-on-arrival,90,eta,e-visa,e-visa,e-visa,90,90,30,visa-on-arrival,visa-required,eta,90,visa-on-arrival,30,visa-on-arrival,eta,visa-required,visa-required,visa-on-arrival,90,visa-on-arrival,visa-on-arrival,visa-required,90,eta,e-visa,visa-required,90,90,90,e-visa,visa-required,90,90,90,visa-on-arrival,visa-on-arrival,90,visa-required,e-visa,visa-required,visa-on-arrival,e-visa,90,180,visa-on-arrival,e-visa,eta,30,eta,visa-on-arrival,visa-required,e-visa,e-visa,90,90,visa-on-arrival,visa-required,visa-required,14,90,90,e-visa,visa-required,e-visa,90,visa-free,90,visa-on-arrival,90,visa-on-arrival,90,90,90,visa-on-arrival,visa-on-arrival,e-visa,90,visa-required,90,e-visa,90,90,e-visa,90,visa-on-arrival,e-visa,90,e-visa,e-visa,180,visa-on-arrival,30,e-visa,e-visa,60,90,visa-on-arrival,visa-required,visa-required,visa-on-arrival,90,e-visa,visa-on-arrival,visa-required,visa-on-arrival,,e-visa,visa-required,90,visa-free,90,90,e-visa,e-visa,120,visa-on-arrival,90,visa-required,visa-required,30,visa-on-arrival
UG,visa-required,e-visa,e-visa,180,e-visa,visa-required,visa-required,visa-required,visa-required,visa-required,visa-required,visa-required,180,visa-on-arrival,visa-required,e-visa,visa-required,e-visa,90,90,visa-required,visa-on-arrival,visa-required,90,e-visa,90,visa-required,visa-free,visa-required,visa-free,visa-required,visa-required,visa-required,e-visa,visa-required,e-visa,visa-required,e-visa,visa-required,e-visa,visa-on-arrival,visa-required,visa-required,visa-required,e-visa,visa-required,180,visa-required,visa-required,90,visa-required,visa-required,visa-free,visa-required,visa-on-arrival,visa-required,120,30,visa-required,e-visa,visa-required,90,e-visa,90,90,e-visa,e-visa,visa-required,visa-required,visa-on-arrival,visa-required,30,visa-required,visa-required,90,visa-required,e-visa,visa-required,visa-required,e-visa,e-visa,visa-on-arrival,visa-required,visa-required,180,visa-required,visa-required,180,e-visa,visa-on-arrival,visa-on-arrival,visa-on-arrival,eta,visa-required,visa-required,visa-required,e-visa,visa-on-arrival,visa-required,visa-on-arrival,visa-required,eta,e-visa,90,visa-required,visa-required,visa-required,e-visa,visa-required,visa-required,e-visa,visa-required,visa-on-arrival,visa-required,visa-required,visa-required,e-visa,e-visa,visa-on-arrival,e-visa,visa-required,90,visa-on-arrival,90,visa-required,30,visa-free,visa-on-arrival,visa-required,visa-on-arrival,visa-on-arrival,visa-required,visa-required,visa-on-arrival,visa-required,visa-required,e-visa,visa-required,visa-required,e-visa,30,e-visa,visa-required,visa-free,visa-required,visa-on-arrival,visa-required,e-visa,visa-required,visa-required,visa-required,180,e-visa,visa-required,90,visa-required,visa-required,30,visa-required,visa-required,visa-on-arrival,visa-required,visa-on-arrival,e-visa,e-visa,visa-free,e-visa,e-visa,e-visa,30,visa-required,e-visa,e-visa,visa-required,visa-on-arrival,visa-required,visa-required,visa-required,visa-required,visa-required,visa-on-arrival,visa-required,90,visa-required,,visa-required,visa-required,visa-required,visa-required,30,e-visa,e-visa,30,visa-on-arrival,visa-required,visa-required,e-visa,90,90
US,90,90,e-visa,180,365,180,30,90,90,eta,e-visa,90,180,visa-on-arrival,90,refused,90,visa-on-arrival,visa-on-arrival,e-visa,90,90,e-visa,240,e-visa,90,10,180,180,e-visa,visa-required,visa-required,90,e-visa,90,e-visa,30,90,90,e-visa,30,90,90,90,e-visa,90,180,30,visa-required,90,90,visa-on-arrival,visa-required,90,visa-on-arrival,90,120,freedom-of-movement,90,e-visa,eta,90,365,e-visa,visa-on-arrival,e-visa,e-visa,90,90,visa-on-arrival,30,90,90,90,90,90,visa-on-arrival,90,eta,e-visa,e-visa,visa-free,90,90,180,visa-on-arrival,90,eta,30,visa-on-arrival,90,visa-on-arrival,eta,visa-required,90,visa-on-arrival,30,visa-on-arrival,visa-on-arrival,42,90,eta,visa-required,14,90,90,180,e-visa,90,90,90,90,visa-on-arrival,freedom-of-movement,90,refused,e-visa,90,30,e-visa,90,90,visa-on-arrival,visa-on-arrival,180,90,eta,visa-on-arrival,refused,e-visa,90,90,90,visa-on-arrival,visa-required,eta,30,180,90,e-visa,30,e-visa,90,visa-free,90,365,90,30,90,90,visa-required,visa-on-arrival,visa-on-arrival,visa-on-arrival,90,visa-required,90,90,90,90,visa-on-arrival,90,90,e-visa,90,e-visa,15,180,visa-on-arrival,30,e-visa,e-visa,60,30,visa-on-arrival,visa-required,90,visa-on-arrival,90,90,visa-on-arrival,90,visa-on-arrival,90,e-visa,,90,30,90,30,e-visa,30,30,visa-on-arrival,90,visa-required,90,30,visa-on-arrival
UY,90,90,e-visa,e-visa,90,90,30,90,90,visa-required,visa-required,90,90,visa-on-arrival,90,e-visa,90,visa-on-arrival,visa-on-arrival,e-visa,visa-required,90,90,90,e-visa,90,10,90,visa-required,e-visa,visa-required,visa-required,90,e-visa,90,e-visa,30,90,90,e-visa,visa-on-arrival,90,90,90,e-visa,90,90,30,visa-required,90,90,visa-on-arrival,visa-required,90,e-visa,90,120,30,90,e-visa,eta,90,90,visa-required,visa-required,e-visa,e-visa,90,90,visa-on-arrival,90,90,90,90,90,90,visa-required,90,eta,e-visa,e-visa,visa-free,90,90,30,visa-on-arrival,90,eta,e-visa,visa-on-arrival,90,visa-on-arrival,90,visa-required,eta,visa-required,e-visa,visa-on-arrival,visa-on-arrival,42,90,visa-on-arrival,visa-required,e-visa,90,90,90,e-visa,visa-required,90,90,90,visa-on-arrival,visa-on-arrival,90,visa-required,e-visa,30,90,visa-on-arrival,90,visa-on-arrival,visa-on-arrival,visa-on-arrival,180,90,visa-on-arrival,visa-on-arrival,visa-required,e-visa,90,90,90,visa-on-arrival,visa-required,eta,14,90,90,eta,30,e-visa,90,visa-free,90,visa-on-arrival,90,30,90,90,90,visa-on-arrival,visa-required,visa-required,90,visa-required,90,30,90,90,e-visa,90,visa-required,visa-on-arrival,90,e-visa,e-visa,180,visa-required,30,visa-required,e-visa,60,e-visa,visa-on-arrival,visa-required,visa-required,visa-required,90,90,visa-on-arrival,visa-required,visa-on-arrival,90,e-visa,visa-required,,e-visa,90,90,90,30,30,60,90,visa-required,90,visa-on-arrival,visa-on-arrival
UZ,90,30,visa-required,30,e-visa,180,visa-required,visa-required,visa-required,visa-required,90,visa-required,28,visa-required,visa-required,e-visa,visa-required,visa-on-arrival,visa-on-arrival,e-visa,visa-required,visa-on-arrival,visa-required,e-visa,e-visa,e-visa,visa-free,visa-required,visa-required,e-visa,visa-required,visa-required,visa-required,e-visa,visa-required,e-visa,30,e-visa,visa-required,visa-required,visa-on-arrival,visa-required,visa-required,visa-required,e-visa,visa-required,21,visa-required,visa-required,e-visa,visa-required,visa-required,visa-required,visa-required,e-visa,visa-required,visa-required,30,visa-required,e-visa,visa-required,visa-on-arrival,365,visa-required,28,e-visa,e-visa,visa-required,visa-required,visa-on-arrival,visa-required,visa-required,visa-required,visa-required,90,visa-required,visa-on-arrival,visa-required,visa-required,e-visa,e-visa,15,visa-required,visa-required,visa-on-arrival,30,visa-required,eta,60,visa-on-arrival,visa-required,visa-on-arrival,e-visa,visa-required,visa-required,visa-required,30,visa-on-arrival,visa-on-arrival,visa-required,visa-required,eta,visa-required,e-visa,visa-required,visa-required,visa-required,e-visa,visa-required,visa-required,90,visa-required,visa-on-arrival,visa-required,visa-required,visa-required,e-visa,30,visa-on-arrival,e-visa,visa-required,visa-on-arrival,visa-on-arrival,e-visa,visa-required,30,visa-on-arrival,visa-on-arrival,visa-required,e-visa,visa-on-arrival,visa-required,visa-required,visa-on-arrival,visa-required,visa-required,14,visa-required,visa-required,e-visa,30,e-visa,visa-required,visa-free,visa-required,visa-on-arrival,visa-required,30,visa-required,visa-required,90,visa-on-arrival,visa-on-arrival,visa-required,90,visa-required,visa-required,e-visa,visa-required,visa-required,visa-on-arrival,visa-required,visa-on-arrival,e-visa,e-visa,e-visa,e-visa,visa-required,e-visa,visa-required,visa-required,e-visa,60,30,visa-on-arrival,visa-required,visa-required,visa-required,90,e-visa,visa-on-arrival,visa-required,e-visa,90,visa-on-arrival,visa-required,visa-required,,visa-required,30,e-visa,e-visa,e-visa,60,visa-required,visa-required,visa-required,e-visa,visa-on-arrival
VA,90,30,e-visa,180,90,visa-on-arrival,e-visa,90,90,eta,e-visa,90,visa-required,visa-on-arrival,90,e-visa,90,visa-on-arrival,visa-on-arrival,e-visa,visa-required,90,90,240,e-visa,90,30,visa-free,180,e-visa,visa-required,visa-required,90,e-visa,90,e-visa,visa-required,180,90,e-visa,30,90,90,90,e-visa,90,21,90,visa-required,90,90,visa-on-arrival,visa-required,90,e-visa,90,120,30,90,e-visa,eta,90,365,visa-required,90,e-visa,e-visa,90,90,visa-on-arrival,visa-required,14,90,90,90,90,visa-on-arrival,90,eta,e-visa,e-visa,visa-on-arrival,90,90,visa-required,visa-on-arrival,visa-required,eta,60,visa-on-arrival,visa-required,visa-on-arrival,eta,visa-required,eta,visa-on-arrival,30,visa-on-arrival,visa-required,visa-required,90,eta,e-visa,e-visa,90,90,90,e-visa,visa-required,90,90,90,visa-on-arrival,visa-on-arrival,90,visa-required,visa-required,visa-required,visa-on-arrival,e-visa,90,90,visa-on-arrival,visa-on-arrival,180,30,visa-on-arrival,visa-on-arrival,visa-required,e-visa,90,90,90,visa-on-arrival,visa-required,eta,e-visa,180,183,visa-on-arrival,30,e-visa,90,visa-free,90,visa-on-arrival,visa-required,30,90,90,e-visa,visa-on-arrival,visa-required,visa-required,90,visa-required,90,30,90,90,visa-required,90,visa-on-arrival,e-visa,90,e-visa,15,90,e-visa,30,visa-required,e-visa,e-visa,30,visa-on-arrival,visa-required,90,visa-required,90,e-visa,visa-on-arrival,90,visa-on-arrival,90,e-visa,visa-required,90,30,,30,visa-required,e-visa,30,60,90,visa-required,visa-required,90,visa-on-arrival
VC,90,90,e-visa,visa-free,e-visa,visa-on-arrival,30,90,90,visa-required,visa-required,90,180,visa-on-arrival,90,e-visa,90,e-visa,visa-on-arrival,e-visa,visa-required,visa-on-arrival,90,90,e-visa,90,30,visa-free,visa-required,e-visa,visa-required,visa-required,90,e-visa,90,e-visa,visa-required,90,90,30,visa-on-arrival,90,90,90,e-visa,90,visa-free,30,visa-required,90,90,visa-on-arrival,visa-required,90,e-visa,90,120,30,90,e-visa,eta,visa-free,365,60,90,e-visa,e-visa,90,90,visa-on-arrival,180,90,90,90,90,90,visa-required,90,eta,e-visa,e-visa,e-visa,90,90,visa-free,visa-on-arrival,visa-required,90,e-visa,visa-on-arrival,90,visa-on-arrival,visa-free,visa-required,eta,visa-required,e-visa,visa-on-arrival,visa-required,visa-free,90,eta,visa-required,90,90,90,90,e-visa,visa-required,90,90,90,visa-on-arrival,visa-on-arrival,visa-required,visa-required,visa-required,e-visa,visa-on-arrival,e-visa,90,180,visa-on-arrival,90,visa-required,30,visa-on-arrival,visa-required,visa-required,e-visa,90,90,90,visa-on-arrival,visa-required,visa-required,visa-required,180,90,eta,30,e-visa,90,visa-free,90,visa-on-arrival,visa-required,e-visa,90,30,90,30,visa-required,visa-on-arrival,90,visa-required,90,30,90,90,visa-on-arrival,90,visa-on-arrival,e-visa,180,e-visa,e-visa,180,e-visa,visa-required,visa-required,e-visa,visa-required,30,visa-on-arrival,visa-required,visa-required,visa-on-arrival,e-visa,180,visa-on-arrival,30,90,90,90,visa-required,90,30,90,,90,e-visa,120,visa-on-arrival,90,visa-required,90,90,90
VE,90,visa-required,e-visa,180,90,e-visa,e-visa,freedom-of-movement,90,visa-required,visa-required,90,28,visa-on-arrival,90,visa-on-arrival,90,visa-on-arrival,visa-on-arrival,e-visa,visa-required,90,90,90,e-visa,90,90,visa-required,visa-required,e-visa,visa-required,visa-required,90,e-visa,visa-required,e-visa,visa-required,180,visa-required,e-visa,visa-on-arrival,90,90,90,e-visa,90,180,visa-required,visa-required,visa-required,90,visa-on-arrival,visa-required,90,e-visa,90,120,30,90,e-visa,visa-required,90,visa-required,visa-required,visa-required,e-visa,e-visa,90,visa-required,visa-on-arrival,visa-required,90,visa-required,90,90,90,visa-on-arrival,visa-required,visa-required,e-visa,e-visa,30,90,90,30,visa-on-arrival,visa-required,eta,visa-on-arrival,visa-on-arrival,90,visa-on-arrival,eta,visa-required,eta,visa-required,e-visa,visa-on-arrival,visa-on-arrival,visa-required,90,visa-on-arrival,e-visa,e-visa,90,90,90,e-visa,visa-required,90,90,90,visa-on-arrival,visa-required,90,visa-required,e-visa,e-visa,visa-on-arrival,e-visa,90,visa-on-arrival,visa-on-arrival,visa-on-arrival,visa-required,30,visa-on-arrival,visa-on-arrival,visa-required,e-visa,visa-required,90,90,visa-on-arrival,visa-required,visa-required,14,visa-required,visa-required,e-visa,30,e-visa,90,visa-required,90,visa-on-arrival,visa-required,30,90,90,90,visa-on-arrival,visa-required,visa-required,90,visa-required,90,30,90,90,e-visa,90,visa-required,e-visa,e-visa,e-visa,e-visa,visa-required,e-visa,visa-required,visa-required,e-visa,visa-on-arrival,visa-on-arrival,visa-on-arrival,visa-required,visa-required,visa-required,90,e-visa,visa-on-arrival,visa-required,visa-on-arrival,visa-required,e-visa,visa-required,90,e-visa,90,30,,e-visa,e-visa,60,90,visa-required,90,visa-on-arrival,visa-on-arrival
VN,visa-required,visa-required,e-visa,e-visa,e-visa,e-visa,e-visa,visa-required,visa-required,visa-required,e-visa,visa-required,90,visa-required,visa-required,e-visa,visa-required,visa-on-arrival,visa-on-arrival,e-visa,14,e-visa,visa-required,e-visa,e-visa,e-visa,10,visa-required,visa-required,e-visa,visa-required,visa-required,visa-required,e-visa,90,e-visa,visa-on-arrival,e-visa,visa-required,e-visa,visa-required,visa-required,visa-required,visa-required,e-visa,visa-required,21,visa-required,visa-required,visa-required,visa-required,visa-on-arrival,visa-required,visa-required,e-visa,visa-required,visa-required,30,visa-required,e-visa,visa-required,visa-required,e-visa,visa-required,visa-required,e-visa,e-visa,visa-required,visa-required,visa-on-arrival,e-visa,e-visa,visa-required,visa-required,visa-required,visa-required,30,visa-required,visa-required,e-visa,e-visa,14,visa-required,visa-required,visa-required,visa-on-arrival,visa-required,eta,30,30,visa-required,visa-on-arrival,e-visa,visa-required,visa-required,visa-required,30,30,visa-required,visa-on-arrival,visa-required,eta,e-visa,visa-required,visa-required,visa-required,visa-required,e-visa,e-visa,visa-required,visa-required,visa-required,visa-on-arrival,visa-on-arrival,visa-required,visa-required,30,30,visa-required,e-visa,visa-required,visa-on-arrival,visa-on-arrival,visa-on-arrival,visa-required,30,visa-on-arrival,visa-on-arrival,visa-required,e-visa,visa-required,visa-required,visa-required,visa-on-arrival,visa-required,visa-required,visa-required,90,visa-required,e-visa,30,e-visa,visa-required,visa-free,visa-required,visa-on-arrival,visa-on-arrival,e-visa,visa-required,e-visa,e-visa,30,visa-required,visa-required,90,visa-required,visa-required,30,visa-required,visa-required,visa-on-arrival,visa-required,visa-required,e-visa,90,e-visa,e-visa,visa-required,e-visa,visa-required,e-visa,e-visa,60,14,visa-on-arrival,visa-required,visa-required,visa-required,e-visa,e-visa,visa-on-arrival,visa-required,visa-on-arrival,visa-required,e-visa,visa-required,visa-required,30,visa-required,90,visa-required,,visa-required,visa-on-arrival,visa-required,visa-required,visa-required,visa-on-arrival,e-visa
VU,visa-required,e-visa,e-visa,180,e-visa,visa-on-arrival,30,visa-required,visa-required,visa-required,visa-required,90,180,visa-required,visa-required,e-visa,visa-required,e-visa,visa-on-arrival,e-visa,visa-required,visa-on-arrival,visa-required,90,e-visa,90,30,visa-free,visa-required,e-visa,visa-required,visa-required,visa-required,e-visa,visa-required,e-visa,visa-required,e-visa,30,e-visa,visa-on-arrival,visa-required,visa-required,visa-required,e-visa,visa-required,180,30,visa-required,90,visa-required,visa-on-arrival,visa-required,visa-required,e-visa,visa-required,120,30,visa-free,e-visa,visa-required,90,e-visa,visa-required,90,e-visa,e-visa,visa-required,90,visa-on-arrival,visa-required,90,90,visa-required,90,visa-required,visa-required,visa-required,eta,e-visa,e-visa,visa-on-arrival,visa-required,visa-required,visa-free,visa-on-arrival,visa-required,eta,e-visa,visa-on-arrival,90,visa-on-arrival,eta,visa-required,visa-required,visa-required,e-visa,visa-on-arrival,visa-required,42,visa-required,eta,e-visa,90,visa-required,visa-required,visa-required,e-visa,visa-required,visa-required,90,90,visa-on-arrival,visa-on-arrival,visa-required,visa-required,visa-required,e-visa,visa-on-arrival,e-visa,visa-required,90,visa-on-arrival,visa-on-arrival,visa-required,30,visa-on-arrival,e-visa,visa-required,e-visa,90,visa-required,visa-required,visa-on-arrival,visa-on-arrival,visa-required,visa-required,90,180,visa-on-arrival,30,e-visa,visa-required,visa-free,visa-required,visa-on-arrival,visa-required,e-visa,visa-required,visa-required,90,30,visa-required,visa-on-arrival,90,visa-required,visa-required,30,visa-required,visa-required,visa-on-arrival,visa-required,visa-on-arrival,e-visa,e-visa,e-visa,e-visa,90,e-visa,30,e-visa,e-visa,visa-on-arrival,visa-required,visa-on-arrival,visa-required,visa-required,visa-on-arrival,visa-required,visa-free,visa-on-arrival,visa-required,90,e-visa,90,visa-required,visa-required,e-visa,visa-required,30,e-visa,e-visa,,visa-on-arrival,90,visa-required,visa-required,90,90
WS,90,e-visa,e-visa,30,e-visa,e-visa,e-visa,visa-required,90,visa-required,visa-required,90,180,90,90,e-visa,90,e-visa,visa-on-arrival,e-visa,visa-required,visa-on-arrival,visa-required,90,e-visa,90,visa-required,visa-free,eta,e-visa,visa-required,visa-required,90,e-visa,e-visa,e-visa,30,180,30,e-visa,visa-on-arrival,90,90,90,e-visa,90,180,visa-required,visa-required,90,90,visa-on-arrival,visa-required,90,e-visa,90,120,30,90,e-visa,eta,90,e-visa,visa-required,90,e-visa,e-visa,90,visa-required,visa-on-arrival,visa-required,30,visa-required,90,90,90,visa-required,90,eta,e-visa,e-visa,visa-on-arrival,90,90,visa-free,visa-on-arrival,visa-required,90,e-visa,visa-on-arrival,30,visa-on-arrival,e-visa,visa-required,30,visa-required,e-visa,visa-on-arrival,visa-on-arrival,42,90,eta,e-visa,90,90,90,90,e-visa,visa-required,90,90,90,visa-on-arrival,visa-on-arrival,visa-required,visa-required,e-visa,e-visa,30,e-visa,90,90,visa-on-arrival,90,visa-required,30,visa-on-arrival,e-visa,visa-required,e-visa,visa-on-arrival,visa-required,90,visa-on-arrival,visa-on-arrival,visa-required,e-visa,180,180,visa-on-arrival,30,30,90,visa-free,90,visa-on-arrival,visa-required,e-visa,90,visa-required,60,30,visa-required,visa-on-arrival,90,visa-required,90,30,90,90,visa-on-arrival,90,visa-on-arrival,e-visa,e-visa,e-visa,e-visa,e-visa,e-visa,30,visa-required,e-visa,e-visa,visa-required,visa-on-arrival,visa-required,visa-required,visa-on-arrival,visa-required,visa-free,visa-on-arrival,visa-required,visa-on-arrival,e-visa,e-visa,visa-required,visa-required,e-visa,90,30,e-visa,e-visa,90,,90,visa-required,visa-required,90,90
XK,90,90,e-visa,90,90,visa-required,e-visa,visa-required,90,visa-required,visa-required,visa-required,visa-required,visa-on-arrival,90,e-visa,90,e-visa,visa-on-arrival,e-visa,14,e-visa,visa-required,90,e-visa,visa-required,visa-required,visa-required,visa-required,e-visa,e-visa,e-visa,90,e-visa,visa-required,e-visa,visa-required,e-visa,visa-required,refused,visa-on-arrival,90,90,90,visa-required,90,21,visa-required,visa-required,90,90,e-visa,visa-required,90,visa-on-arrival,90,e-visa,30,visa-required,e-visa,visa-required,visa-required,visa-required,visa-required,90,e-visa,e-visa,90,visa-required,visa-on-arrival,visa-required,visa-required,visa-required,90,90,90,visa-required,visa-required,eta,visa-required,e-visa,14,90,90,visa-required,visa-on-arrival,visa-required,eta,visa-required,visa-on-arrival,visa-required,visa-on-arrival,e-visa,visa-required,visa-required,visa-required,visa-required,visa-on-arrival,visa-required,visa-required,90,eta,e-visa,e-visa,90,90,90,e-visa,visa-required,90,e-visa,30,visa-on-arrival,visa-on-arrival,90,visa-required,visa-required,visa-required,visa-on-arrival,e-visa,90,visa-required,visa-on-arrival,e-visa,visa-required,visa-required,visa-on-arrival,visa-required,visa-required,e-visa,visa-required,visa-required,freedom-of-movement,visa-on-arrival,visa-required,visa-required,visa-required,visa-required,visa-required,e-visa,visa-required,e-visa,90,visa-free,90,visa-on-arrival,visa-required,visa-required,90,visa-free,visa-required,visa-on-arrival,visa-required,visa-required,visa-required,visa-required,90,e-visa,90,90,e-visa,90,visa-required,e-visa,90,e-visa,visa-required,visa-required,e-visa,visa-required,e-visa,e-visa,60,visa-required,visa-on-arrival,visa-required,visa-required,visa-required,90,e-visa,visa-on-arrival,90,visa-on-arrival,visa-required,e-visa,visa-required,visa-required,visa-required,90,30,visa-required,30,e-visa,60,,visa-required,visa-required,e-visa,e-visa
YE,visa-required,e-visa,e-visa,e-visa,e-visa,visa-required,visa-required,visa-required,visa-required,visa-required,visa-required,visa-required,visa-required,visa-required,visa-required,e-visa,visa-required,e-visa,visa-on-arrival,e-visa,visa-required,e-visa,visa-required,e-visa,e-visa,e-visa,visa-required,visa-required,visa-required,e-visa,visa-required,visa-required,visa-required,e-visa,visa-required,e-visa,visa-required,e-visa,visa-required,visa-required,visa-on-arrival,visa-required,visa-required,visa-required,visa-on-arrival,visa-required,21,visa-required,visa-required,e-visa,visa-required,visa-required,visa-required,visa-required,e-visa,visa-required,visa-required,30,visa-required,e-visa,visa-required,visa-required,visa-required,visa-required,visa-required,e-visa,e-visa,visa-required,visa-required,visa-on-arrival,visa-required,e-visa,visa-required,visa-required,visa-required,visa-required,e-visa,visa-required,visa-required,visa-required,e-visa,e-visa,visa-required,visa-required,visa-required,e-visa,visa-required,eta,e-visa,visa-on-arrival,visa-required,visa-on-arrival,e-visa,visa-required,e-visa,visa-required,visa-required,visa-on-arrival,visa-on-arrival,visa-required,visa-required,eta,e-visa,e-visa,visa-required,visa-required,visa-required,refused,visa-required,visa-required,e-visa,visa-required,visa-on-arrival,visa-required,visa-required,visa-required,visa-required,visa-required,visa-on-arrival,e-visa,visa-required,visa-required,visa-on-arrival,e-visa,visa-required,90,e-visa,e-visa,visa-required,e-visa,visa-required,visa-required,visa-required,visa-on-arrival,visa-required,e-visa,e-visa,visa-required,visa-required,e-visa,visa-required,e-visa,visa-required,visa-free,visa-required,visa-on-arrival,visa-required,e-visa,visa-required,visa-required,visa-required,visa-on-arrival,visa-required,visa-required,eta,30,visa-required,e-visa,visa-required,visa-required,e-visa,visa-required,visa-required,e-visa,e-visa,e-visa,e-visa,e-visa,visa-free,visa-required,e-visa,e-visa,e-visa,visa-on-arrival,visa-on-arrival,visa-required,visa-required,visa-required,e-visa,visa-required,visa-on-arrival,visa-required,e-visa,visa-required,e-visa,visa-required,visa-required,visa-required,visa-required,30,e-visa,e-visa,visa-required,60,visa-required,,visa-required,e-visa,e-visa
ZA,visa-required,visa-required,e-visa,180,e-visa,visa-on-arrival,90,90,visa-required,visa-required,e-visa,visa-required,180,visa-required,visa-required,e-visa,visa-required,visa-on-arrival,visa-on-arrival,90,visa-required,90,90,90,e-visa,90,3,visa-free,visa-required,e-visa,visa-required,visa-required,visa-required,e-visa,90,e-visa,visa-required,e-visa,90,e-visa,visa-on-arrival,visa-required,visa-required,visa-required,e-visa,visa-required,180,90,visa-required,90,visa-required,visa-on-arrival,visa-required,visa-required,visa-on-arrival,visa-required,120,30,visa-required,30,visa-required,90,365,90,90,e-visa,e-visa,visa-required,90,visa-on-arrival,90,30,90,visa-required,90,visa-required,visa-on-arrival,visa-required,eta,e-visa,e-visa,visa-free,visa-required,visa-required,visa-free,visa-on-arrival,e-visa,90,visa-on-arrival,visa-on-arrival,90,visa-on-arrival,eta,visa-required,eta,visa-required,visa-free,visa-on-arrival,visa-required,42,visa-required,eta,visa-required,90,visa-required,visa-required,visa-required,e-visa,visa-required,visa-required,visa-required,visa-required,visa-on-arrival,visa-on-arrival,visa-required,visa-required,e-visa,e-visa,30,e-visa,visa-required,180,visa-on-arrival,90,visa-required,90,90,90,visa-required,e-visa,90,visa-required,visa-free,visa-on-arrival,visa-required,visa-required,14,90,90,e-visa,30,e-visa,visa-required,visa-free,visa-required,visa-on-arrival,90,30,visa-required,e-visa,90,30,visa-on-arrival,visa-required,90,visa-required,visa-required,30,visa-required,visa-required,visa-on-arrival,visa-required,visa-on-arrival,e-visa,e-visa,e-visa,e-visa,90,e-visa,30,e-visa,e-visa,60,visa-on-arrival,visa-on-arrival,visa-required,90,visa-required,e-visa,90,visa-on-arrival,visa-required,90,e-visa,e-visa,visa-required,90,visa-required,visa-required,90,90,30,120,visa-on-arrival,90,visa-required,,90,90
ZM,visa-required,visa-required,e-visa,180,e-visa,visa-required,90,visa-required,visa-required,visa-required,visa-required,visa-required,180,90,visa-required,e-visa,visa-required,visa-on-arrival,visa-on-arrival,90,visa-required,visa-on-arrival,visa-required,90,e-visa,90,visa-required,visa-free,visa-required,e-visa,visa-required,visa-required,visa-required,e-visa,visa-required,e-visa,visa-required,e-visa,visa-required,e-visa,visa-on-arrival,visa-required,visa-required,visa-required,e-visa,visa-required,180,visa-required,visa-required,90,visa-required,visa-required,visa-required,visa-required,visa-on-arrival,visa-required,120,30,visa-required,e-visa,visa-required,90,e-visa,visa-on-arrival,90,e-visa,e-visa,visa-required,visa-required,visa-on-arrival,visa-required,90,visa-required,visa-required,90,visa-required,visa-required,visa-required,visa-required,e-visa,e-visa,e-visa,visa-required,visa-required,visa-free,visa-required,visa-required,90,e-visa,visa-on-arrival,90,visa-on-arrival,eta,visa-required,visa-required,visa-required,e-visa,visa-required,visa-required,42,visa-required,eta,visa-required,90,visa-required,visa-required,visa-required,e-visa,visa-required,visa-required,visa-required,visa-required,visa-on-arrival,visa-required,visa-required,visa-required,visa-required,e-visa,visa-on-arrival,e-visa,visa-required,180,visa-on-arrival,90,visa-required,30,90,90,visa-required,visa-on-arrival,visa-on-arrival,visa-required,visa-required,visa-on-arrival,visa-required,visa-required,visa-required,visa-required,visa-required,eta,30,e-visa,visa-required,visa-free,visa-required,visa-on-arrival,visa-required,e-visa,visa-required,visa-required,visa-required,30,visa-required,visa-required,90,visa-required,visa-required,30,visa-required,visa-required,visa-on-arrival,visa-required,visa-on-arrival,e-visa,90,e-visa,e-visa,visa-required,e-visa,30,e-visa,e-visa,e-visa,visa-required,visa-on-arrival,visa-required,visa-required,visa-required,visa-required,visa-free,visa-on-arrival,visa-required,90,visa-required,90,visa-required,visa-required,visa-required,visa-required,90,e-visa,e-visa,120,60,visa-required,visa-required,90,,90
ZW,visa-required,e-visa,e-visa,e-visa,e-visa,visa-required,30,visa-required,visa-required,e-visa,visa-required,visa-required,180,visa-on-arrival,visa-required,e-visa,visa-required,visa-on-arrival,visa-on-arrival,90,visa-required,visa-on-arrival,visa-required,90,e-visa,90,visa-required,visa-free,visa-required,90,visa-required,visa-required,visa-required,e-visa,visa-required,e-visa,visa-required,e-visa,visa-required,e-visa,visa-on-arrival,visa-required,visa-required,visa-required,e-visa,visa-required,21,visa-required,visa-required,90,visa-required,visa-required,visa-required,visa-required,visa-on-arrival,visa-required,120,30,visa-required,e-visa,visa-required,visa-required,e-visa,60,90,e-visa,e-visa,visa-required,visa-required,visa-on-arrival,visa-required,90,visa-required,visa-required,90,visa-required,e-visa,visa-required,visa-required,e-visa,e-visa,15,visa-required,visa-required,visa-required,visa-on-arrival,visa-required,90,e-visa,visa-on-arrival,visa-required,visa-on-arrival,eta,visa-required,visa-required,visa-required,e-visa,visa-required,visa-required,visa-on-arrival,visa-required,eta,e-visa,90,visa-required,visa-required,visa-required,e-visa,visa-required,visa-required,visa-required,visa-required,visa-on-arrival,visa-required,visa-required,visa-required,visa-required,e-visa,visa-on-arrival,e-visa,visa-required,90,visa-on-arrival,90,visa-required,30,visa-free,90,visa-required,e-visa,visa-required,visa-required,visa-required,visa-required,visa-required,visa-required,e-visa,visa-required,visa-required,e-visa,30,e-visa,visa-required,visa-free,visa-required,visa-on-arrival,visa-required,e-visa,visa-required,e-visa,e-visa,visa-on-arrival,visa-required,visa-required,90,visa-required,visa-required,30,visa-required,visa-required,e-visa,visa-required,visa-on-arrival,visa-on-arrival,e-visa,e-visa,e-visa,visa-required,e-visa,30,e-visa,e-visa,e-visa,e-visa,visa-on-arrival,visa-required,visa-required,visa-required,visa-required,visa-free,visa-on-arrival,visa-required,30,visa-required,90,visa-required,visa-required,visa-required,visa-required,30,e-visa,e-visa,30,60,visa-required,visa-required,90,90,
